,7,51,71,89,98,106,159,166,184,287,300,318,319,383,425,440,471,540,557,601,616,11,21,22,24,29,30,32,36,43,46,48,52,55,56,59,60,61,67,73,75,77,84,87,91,94,99,101,108,109,110,111,113,121,123,130,144,145,153,170,172,177,178,179,180,183,190,197,198,199,205,206,207,209,211,215,221,224,225,226,227,234,236,240,246,247,248,250,251,261,264,269,271,272,274,277,278,281,285,286,288,293,295,296,303,304,308,309,311,313,317,324,326,331,333,334,335,339,340,341,343,347,348,351,352,361,362,364,372,374,376,377,382,384,389,394,396,397,399,400,401,404,405,408,410,414,419,422,426,427,431,432,434,439,443,444,453,455,460,468,472,473,478,479,481,484,493,497,502,506,509,512,514,518,520,521,524,526,528,529,530,531,534,543,544,545,546,547,555,556,558,562,563,564,568,574,577,579,583,584,587,591,593,594,596,597,603,604,606,611,612,613,615,621,623,626,632,637,641,644,645,647,650,353,3,66,120,141,213,232,239,267,328,371,412,435,617,646,648,649
7,1.000000,0.141367,0.191193,0.186917,0.324079,0.101878,0.067040,0.240697,0.124560,0.161570,0.240291,0.137683,0.092809,0.131283,0.133300,0.124602,0.357022,0.236064,0.076726,0.180723,0.184004,0.205366,0.282295,0.244905,0.283819,0.354337,0.038103,0.187791,0.297875,0.173686,0.231392,0.175399,0.218525,0.192631,0.478393,0.314959,0.062448,0.142412,0.093136,0.082633,0.049375,0.089020,0.081787,0.159443,0.272765,0.328980,0.315939,0.092948,0.292941,0.077727,0.414253,0.089329,0.325469,0.146834,0.244511,0.176222,0.278380,0.166230,0.126535,0.228862,0.160078,0.147670,0.356082,0.189849,0.163771,0.214550,0.176036,0.208568,0.153353,0.201158,0.259241,0.099316,0.258643,0.212377,0.259892,0.179551,0.324022,0.134955,0.215857,0.280984,0.169380,0.176173,0.261092,0.154810,0.130231,0.284035,0.112973,0.122691,0.090047,0.160456,0.218893,0.038173,0.078386,0.013281,0.113936,0.116601,0.189138,0.251988,0.027521,0.045283,0.327680,0.218680,0.153936,0.269629,0.131791,0.118392,0.205708,0.292796,0.170266,-0.021402,0.204496,0.352409,0.022783,0.054387,0.164743,0.337329,0.139533,0.139630,0.274695,0.178712,0.279283,0.102145,0.295981,0.140942,0.076088,0.319330,0.316448,0.057452,0.076147,0.144016,0.195659,0.190642,0.094935,0.194729,0.062858,0.344655,0.139655,0.072259,0.337176,0.193383,0.477950,0.338456,0.232104,0.161523,0.192079,0.247139,0.218805,0.223080,0.327527,0.313254,0.185788,0.035560,0.130920,0.325915,0.304146,0.288582,0.195379,0.217112,0.152269,0.694874,0.173396,0.263912,0.343131,0.130515,0.125657,0.336017,0.131021,0.151903,0.110130,0.487912,0.311150,0.339450,0.144090,0.368078,0.403799,0.098443,0.145411,0.089228,0.160045,0.269414,0.054754,0.390033,0.188311,0.134522,0.302943,-0.003395,0.243251,0.178788,0.207609,0.100555,0.095022,0.297727,0.223639,0.160968,0.140412,0.125561,0.143312,0.206192,0.108719,0.207802,0.110257,0.166608,0.274429,0.109932,0.150845,0.277443,0.205999,0.163883,0.223855,0.303095,0.103207,0.074852,0.244246,0.158099,0.355022,0.165305,0.149485,0.117091,0.322399,0.020560,0.228174,0.193254,0.205630,0.266553,0.142325,0.188459,0.085519,0.165698,0.182275,0.217635,0.196952,0.139884,0.222168,0.329917,0.232109,-0.020040,0.119903,0.258204,0.117531,0.240342
51,0.141367,1.000000,0.163058,0.406890,0.186106,0.200562,0.186115,0.435777,0.175746,0.342183,0.332141,0.340122,0.507837,0.086872,0.438234,0.314629,0.214950,0.279495,0.255090,0.151666,0.184166,0.596135,0.383794,0.333077,0.259381,0.202642,0.212606,0.127293,0.322653,0.217693,0.219649,0.260632,0.171308,0.253535,0.334869,0.312148,0.276744,0.401887,0.153983,0.147421,0.175034,0.142476,0.542958,0.399861,0.227248,0.426560,0.273849,0.240895,0.244721,0.444207,0.425600,0.406723,0.464298,0.217582,0.166486,0.407467,0.317898,0.192734,0.140019,0.445698,0.168642,0.268157,0.412012,0.146090,0.284345,0.238599,0.239545,0.474800,0.238960,0.254243,0.503946,0.179484,0.197255,0.274794,0.394771,0.512950,0.281490,0.384188,0.438858,0.298008,0.164260,0.443274,0.161241,0.267320,0.324327,0.285040,0.405063,0.357123,0.649753,0.326152,0.375156,-0.031704,0.084531,0.063901,0.281584,0.681647,0.219980,0.297279,0.633312,0.188957,0.292691,0.226602,0.298815,0.299459,0.192757,0.547021,0.096075,0.450909,0.557974,0.501938,0.188887,0.402878,0.097724,0.218376,0.368468,0.279873,0.195293,0.103367,0.370917,0.535460,0.298793,0.190560,0.295217,0.499249,0.280884,0.396135,0.440355,0.220133,0.409986,0.198319,0.234424,0.474493,0.300607,0.521771,0.180039,0.327119,0.125928,0.088437,0.325828,0.211869,0.293882,0.235243,0.350306,0.420162,0.171618,0.226845,0.358379,0.253262,0.355362,0.477800,0.330595,0.214689,0.182267,0.393997,0.155539,0.228450,0.073856,0.475877,0.346854,0.099061,0.418046,0.281038,0.180984,0.283208,0.371415,0.375743,0.232583,0.258381,0.187400,0.252074,0.317814,0.157464,0.093400,0.142127,0.226187,0.327258,0.180578,0.370155,0.268974,0.549391,0.171701,0.187722,0.307664,0.413458,0.215793,0.244449,0.335050,0.272327,0.377432,0.221857,0.514804,0.600605,0.335510,0.424408,0.172176,0.209452,0.205599,0.342894,0.276455,0.352096,0.221210,0.219393,0.451905,0.202127,0.304480,0.458680,0.234293,0.105863,0.197795,0.043847,0.311120,0.213544,0.237461,0.392617,0.392103,0.232122,0.162379,0.232689,0.338565,0.194752,0.266221,0.144673,0.505296,0.325527,0.076175,0.364062,0.268999,0.262249,0.220212,0.276154,0.282505,0.344480,0.561780,0.361803,0.116410,0.178984,0.489986,0.450274,0.342383,0.414220
71,0.191193,0.163058,1.000000,0.141087,0.225515,0.336576,0.293060,0.278152,0.476044,0.341233,0.202766,0.164032,0.251705,0.549712,0.110618,0.228448,0.167209,0.284775,0.421956,0.256487,0.352252,0.216935,0.357569,0.573562,0.425646,0.129038,0.053115,0.397900,0.323600,0.384538,0.277117,0.266109,0.458075,0.204320,0.317678,0.541391,0.056400,0.378587,0.337241,0.444436,0.349183,0.444135,0.206922,0.184248,0.200328,0.285843,0.408981,0.136941,0.208090,0.075961,0.275670,0.036198,0.300616,0.105596,0.128184,0.250957,0.173554,0.111453,0.361883,0.455133,0.266240,0.254874,0.294364,0.266736,0.377042,0.295691,0.578111,0.243623,0.407356,0.273415,0.175845,0.322870,0.199159,0.154289,0.195848,0.292947,0.149334,0.187147,0.354120,0.527197,0.488997,0.107719,0.346123,0.176409,0.061356,0.293428,0.109306,0.209102,0.152299,0.226804,0.337778,0.458532,0.363497,0.256337,0.290350,0.204316,0.429129,0.477736,0.180517,0.431450,0.304255,0.133800,0.351477,0.316118,0.278055,0.185416,0.161859,0.328097,0.222857,0.184406,0.284286,0.168038,0.258108,0.584040,0.135974,0.255490,0.437719,0.250800,0.247579,0.072797,0.297953,0.240050,0.325616,0.254417,0.373414,0.296811,0.242982,0.420140,0.148972,0.420204,0.553232,0.161692,0.172569,0.355577,0.359267,0.395517,0.368223,0.368356,0.142928,0.226949,0.304091,0.363176,0.412503,0.042028,0.177771,0.207235,0.148373,0.395111,0.173896,0.247644,0.215258,0.403825,0.450893,0.260261,0.268296,0.369785,0.209004,0.355753,0.283758,0.208645,0.115888,0.269186,0.205355,0.266218,0.369655,0.241808,0.380875,0.252946,0.335344,0.179388,0.127568,0.271241,0.299742,0.178921,0.154712,0.285885,0.231508,0.232232,0.209959,0.310220,0.287632,0.426457,0.334033,0.168216,0.323188,0.362150,0.309235,0.292611,0.073897,0.087047,0.272797,0.199258,0.541900,0.070756,0.425723,0.326733,0.505215,0.204009,0.185398,0.124080,0.396650,0.184854,0.322874,0.429799,0.423350,0.353130,0.207781,0.446283,0.165646,0.129461,0.285430,0.366773,0.225112,0.368372,0.291983,0.476989,0.556525,0.309156,0.244018,0.264433,0.215013,0.235182,0.107052,0.131880,0.374851,0.272847,0.450463,0.415796,0.562218,0.178656,0.506015,0.291357,0.323498,0.258614,0.374285,0.307667,0.268810,0.322065,0.016737,0.233018
89,0.186917,0.406890,0.141087,1.000000,0.319971,0.183867,0.163608,0.336145,0.189722,0.348652,0.440424,0.189462,0.230143,0.070818,0.374944,0.486647,0.340596,0.285465,0.220200,0.070369,0.111894,0.284547,0.274359,0.355251,0.066215,0.307519,0.400339,0.234641,0.438770,0.155402,0.452872,0.250416,0.255398,0.359738,0.287900,0.344773,0.173470,0.293403,0.152329,0.134925,0.073286,0.275620,0.311887,0.256803,0.225769,0.422589,0.209884,0.072274,0.384599,0.339588,0.335868,0.210738,0.477208,0.288305,0.086279,0.204448,0.332305,0.214257,0.160019,0.419055,0.192869,0.340652,0.328948,0.140761,0.389708,0.132340,0.175861,0.509521,0.237364,0.276545,0.347747,0.209433,0.182341,0.433919,0.555751,0.493916,0.449242,0.373051,0.332035,0.335799,0.207615,0.288133,0.276157,0.103486,0.209911,0.284552,0.480044,0.262696,0.378311,0.207194,0.313546,-0.029361,-0.021052,0.109810,0.170474,0.403133,0.171596,0.282539,0.319636,0.097022,0.308677,0.324410,0.267441,0.435313,0.110065,0.306675,0.046409,0.496392,0.425734,0.178173,0.238853,0.321740,0.101113,0.242909,0.435667,0.334263,0.168689,0.124661,0.269190,0.436000,0.291323,0.168861,0.350912,0.328794,0.170551,0.411169,0.542350,0.248638,0.477169,0.212070,0.434908,0.204354,0.289403,0.311534,0.093633,0.497465,0.101301,0.218775,0.522537,0.409050,0.273557,0.243111,0.385934,0.242677,0.172072,0.324255,0.468965,0.312593,0.359558,0.382513,0.544261,0.098481,0.098541,0.302565,0.058404,0.352350,0.122554,0.514440,0.402485,0.130027,0.470839,0.379394,0.217086,0.366494,0.174556,0.280470,0.369751,0.185412,0.129755,0.190229,0.444968,0.061572,0.093410,0.154908,0.125138,0.379561,0.194155,0.299329,0.391556,0.370690,0.018044,0.214315,0.229043,0.503751,0.301934,0.177425,0.356861,0.266758,0.531587,0.072730,0.412732,0.442841,0.307577,0.517358,0.073485,0.107967,0.174174,0.213984,0.147892,0.384433,0.196804,0.211618,0.411472,0.117752,0.318896,0.359887,0.265499,0.195978,0.129070,0.050569,0.382181,0.208532,0.161209,0.403580,0.551720,0.226806,0.171167,0.176379,0.558795,0.158722,0.123919,0.227849,0.486493,0.438275,0.027678,0.385664,0.215189,0.205027,0.319664,0.319515,0.395590,0.371643,0.528535,0.414442,0.011434,0.073621,0.244352,0.318535,0.183956,0.273652
98,0.324079,0.186106,0.225515,0.319971,1.000000,0.193878,0.094265,0.301509,0.128025,0.203021,0.401308,0.125851,0.211822,0.224571,0.211960,0.294180,0.477024,0.156749,0.114583,0.128299,0.141374,0.232295,0.463443,0.280600,0.055586,0.293066,0.202849,-0.000645,0.352809,0.172002,0.449867,0.179164,0.140973,0.251422,0.556145,0.319982,0.140421,0.234176,0.261390,0.161117,0.107874,0.153562,0.223094,0.216106,0.339466,0.254079,0.229443,0.095949,0.283945,0.126321,0.278573,0.035449,0.277706,0.270261,0.067616,0.266899,0.276223,0.204532,0.136211,0.223439,0.092767,0.342917,0.282794,0.116553,0.114047,0.226795,0.219779,0.283852,0.197232,0.170254,0.379187,0.043052,0.115818,0.097331,0.256165,0.252532,0.282795,0.350058,0.300881,0.268667,0.074315,0.159662,0.172821,0.115904,0.230600,0.190471,0.206193,0.226979,0.280816,0.332020,0.202173,0.040553,0.075197,0.088378,0.196651,0.381068,0.199142,0.148030,0.300972,0.000972,0.437792,0.136405,0.134792,0.294546,0.118531,0.209100,0.133719,0.387082,0.230356,0.039422,0.251130,0.350208,-0.040725,0.157952,0.262374,0.247120,0.118662,-0.024664,0.237852,0.168480,0.313185,0.381584,0.309873,0.227391,0.143052,0.292205,0.297857,0.157495,0.235764,0.138818,0.364085,0.286306,0.259703,0.254369,0.077591,0.367416,0.200425,0.384755,0.311102,0.154696,0.326172,0.149057,0.267983,0.129969,0.232101,0.241006,0.286762,0.267723,0.447502,0.335975,0.266970,0.131439,0.176930,0.216071,0.084705,0.195018,0.149776,0.401200,0.351759,0.231981,0.198145,0.071512,0.095516,0.357960,0.238001,0.184223,0.373093,0.236463,0.328027,0.110191,0.140742,0.109240,0.077526,0.356699,0.176268,0.180641,0.113836,0.278970,0.266244,0.288667,0.118326,0.387382,0.115522,0.239313,0.314404,0.037250,0.238390,0.186235,0.129879,0.132935,0.236472,0.304673,0.274252,0.218017,0.102059,0.258498,0.241196,0.244197,0.148866,0.165675,0.108603,0.222168,0.260519,0.218438,0.250111,0.274717,0.218835,0.167203,0.166505,0.202861,0.235851,0.065539,0.164957,0.269802,0.211048,0.140906,0.145545,0.160332,0.508688,0.046042,0.205725,0.308472,0.169156,0.172676,0.017953,0.453120,0.093809,0.280795,0.326893,0.238501,0.222929,0.430973,0.310283,0.310445,0.227616,-0.051952,0.417633,0.245234,0.039316,0.376237
106,0.101878,0.200562,0.336576,0.183867,0.193878,1.000000,0.338234,0.272115,0.246913,0.369510,0.230982,0.332477,0.227910,0.324881,0.153688,0.324139,0.300630,0.171848,0.318879,0.313990,0.577289,0.302749,0.319759,0.257941,0.225346,0.039682,0.085782,0.301960,0.342020,0.391704,0.186051,0.169873,0.221304,0.126060,0.359006,0.335530,0.133485,0.352638,0.400047,0.191343,0.357815,0.246551,0.216111,0.332381,0.195213,0.380627,0.115748,0.170182,0.180622,0.007225,0.215832,-0.042147,0.350137,0.235498,0.136569,0.312869,0.113125,0.169222,0.344594,0.334836,0.170682,0.252801,0.242613,0.393106,0.298731,0.242419,0.284851,0.324423,0.501889,0.389664,0.112433,0.387352,0.393642,0.181924,0.100564,0.313819,0.178369,0.225461,0.358940,0.282611,0.323395,0.200674,0.211890,0.265277,0.219778,0.147580,0.073779,0.263973,0.213850,0.230377,0.111213,0.112279,0.323712,0.183730,0.313437,0.228348,0.451334,0.239616,0.231724,0.336743,0.207306,0.109444,0.473956,0.194431,0.164951,0.246376,0.098798,0.224741,0.322611,0.092453,0.183461,0.198147,0.173165,0.291605,0.279196,0.144702,0.218026,0.120805,0.255133,0.089697,0.198846,0.202787,0.279785,0.200754,0.434429,0.179329,0.278111,0.366472,0.165300,0.508782,0.258851,0.199076,0.126086,0.420610,0.418290,0.338373,0.424392,0.156063,0.056235,0.183028,0.353049,0.156030,0.244128,-0.009270,0.288343,0.178892,0.082330,0.400641,0.117687,0.244576,0.293319,0.230701,0.200892,0.228465,0.273473,0.251512,0.047012,0.305845,0.431418,0.203420,0.236655,0.101591,0.091879,0.265316,0.448082,0.197882,0.287870,0.135158,0.396010,0.246035,0.117528,0.360602,0.378386,0.262102,0.224064,0.317627,0.291246,0.282254,0.364669,0.161159,0.155242,0.289522,0.380719,0.140276,0.215850,0.167721,0.267670,0.202450,0.093477,0.169234,0.328844,0.357096,0.354920,0.117445,0.106512,0.246542,0.326556,0.285039,0.225624,0.209374,0.193247,0.219793,0.284589,0.282297,0.311838,0.264392,0.037598,0.258705,0.205646,0.158716,0.348959,0.470166,0.189157,0.398638,0.175197,0.437681,0.318949,0.216407,0.246022,0.134148,0.232677,0.187286,0.053233,0.078420,0.203714,0.251640,0.323657,0.394718,0.229594,0.019179,0.207869,0.296241,0.334608,0.149193,0.404591,0.149917,0.194501,0.280466,-0.056793,0.114514
159,0.067040,0.186115,0.293060,0.163608,0.094265,0.338234,1.000000,0.245522,0.212074,0.338504,0.157536,0.168945,0.150229,0.305817,0.108037,0.253817,0.199464,0.157614,0.289000,0.204434,0.227744,0.210284,0.257499,0.199721,0.127334,0.027304,0.064263,0.346188,0.185781,0.368128,0.157438,0.091122,0.142076,0.087039,0.236513,0.257101,0.087108,0.311107,0.275428,0.314507,0.549483,0.258178,0.247363,0.231650,0.182431,0.354152,0.078054,0.067233,0.080225,0.074780,0.171314,-0.003630,0.267589,0.143483,0.088608,0.289852,0.108940,0.132569,0.377798,0.416703,0.188449,0.154669,0.307130,0.212528,0.253077,0.134634,0.213661,0.247691,0.456256,0.295434,0.118608,0.399682,0.293968,0.138044,0.115703,0.230831,0.054130,0.125745,0.230585,0.221072,0.292711,0.162624,-0.003987,0.212664,0.139202,0.230570,0.083535,0.209477,0.153419,0.143369,0.054068,0.111852,0.313814,0.497509,0.269281,0.208745,0.337451,0.236251,0.173173,0.278881,0.272898,0.206903,0.463689,0.179196,0.192859,0.170867,0.260239,0.199439,0.255338,0.073835,0.095604,0.140735,0.529744,0.197382,0.166705,0.086009,0.267852,0.563127,0.170700,0.098645,0.152170,0.100480,0.161863,0.219707,0.467556,0.129073,0.216002,0.379462,0.239334,0.408163,0.200694,0.131303,0.179976,0.330183,0.441977,0.286640,0.276144,0.194057,0.097630,0.161035,0.136116,0.188372,0.233599,0.069439,0.133343,0.135261,0.052486,0.293394,0.079374,0.163830,0.239048,0.544865,0.296111,0.128910,0.252234,0.217266,0.121654,0.230782,0.236317,0.083213,0.188442,0.106834,0.032850,0.232084,0.417896,0.271903,0.154987,0.229004,0.324068,0.192996,0.082761,0.242702,0.449402,0.132926,0.237417,0.382536,0.109875,0.236954,0.254520,0.135009,0.079774,0.106752,0.440277,0.142782,0.111256,0.301012,0.233951,0.242248,0.097680,0.055586,0.289723,0.256716,0.291087,0.085441,0.079346,0.258105,0.219757,0.177190,0.207724,0.154620,0.235651,0.137320,0.242435,0.256990,0.360669,0.248536,0.108576,0.233258,0.143546,0.097255,0.198028,0.512805,0.131232,0.333843,0.199665,0.448504,0.227073,0.281278,0.103784,0.212761,0.094461,0.189786,0.113082,0.050182,0.288966,0.224096,0.348102,0.363058,0.134007,0.030779,0.196034,0.287259,0.244937,0.075114,0.252223,0.134725,0.117276,0.204478,0.056868,0.064683
166,0.240697,0.435777,0.278152,0.336145,0.301509,0.272115,0.245522,1.000000,0.310345,0.513431,0.361663,0.276688,0.229918,0.195749,0.368183,0.465215,0.341857,0.367084,0.302289,0.119713,0.351143,0.341285,0.398945,0.435874,0.281488,0.204664,0.144663,0.296901,0.437552,0.275249,0.251463,0.442680,0.354445,0.131989,0.430920,0.459758,0.194223,0.449169,0.230654,0.250782,0.303759,0.322705,0.379296,0.444485,0.382827,0.629679,0.321917,0.183392,0.445884,0.278769,0.392717,0.107514,0.612244,0.310395,0.120149,0.516538,0.429099,0.300312,0.207276,0.613440,0.286400,0.198486,0.555392,0.117592,0.357161,0.258129,0.380086,0.454919,0.213480,0.388812,0.255154,0.276847,0.343110,0.313640,0.448271,0.430452,0.387010,0.171498,0.366066,0.463135,0.413219,0.403896,0.395903,0.159502,0.292590,0.377121,0.385551,0.364349,0.401435,0.243334,0.372096,0.051919,0.113897,0.155326,0.386124,0.330429,0.289426,0.504117,0.323448,0.318124,0.500789,0.255262,0.495673,0.311536,0.287221,0.301860,0.099452,0.423971,0.409819,0.127323,0.239368,0.372732,0.087143,0.263507,0.400519,0.499078,0.355159,0.158134,0.330089,0.322070,0.480995,0.125312,0.522381,0.249874,0.330312,0.546513,0.409674,0.350130,0.382417,0.331982,0.269434,0.265074,0.211319,0.529271,0.246627,0.632240,0.230954,0.227494,0.416660,0.203078,0.382995,0.355502,0.474531,0.210986,0.247218,0.395480,0.339270,0.427808,0.312544,0.540852,0.448015,0.355314,0.205260,0.562446,0.164787,0.337086,0.228323,0.608671,0.340662,0.182000,0.400073,0.327629,0.378997,0.424550,0.415372,0.372624,0.310111,0.368302,0.338801,0.246208,0.307900,0.175919,0.140386,0.145703,0.205057,0.560514,0.241127,0.374431,0.396054,0.287913,0.085481,0.204067,0.422915,0.346343,0.403784,0.236780,0.435641,0.411573,0.349873,0.194973,0.543160,0.431672,0.468903,0.300436,0.290493,0.284951,0.328625,0.363166,0.369543,0.210452,0.429755,0.273752,0.486410,0.187243,0.342921,0.379232,0.283852,0.388504,0.193718,0.135298,0.277357,0.314431,0.297881,0.414654,0.545543,0.435773,0.332722,0.358826,0.420116,0.242716,0.271627,0.328530,0.358599,0.314453,0.176948,0.378793,0.427353,0.398796,0.236995,0.297003,0.413765,0.502202,0.631792,0.456831,0.186199,0.145458,0.253840,0.292639,0.105570,0.295533
184,0.124560,0.175746,0.476044,0.189722,0.128025,0.246913,0.212074,0.310345,1.000000,0.442838,0.205058,0.358192,0.287708,0.440171,0.067338,0.325318,0.104426,0.261290,0.366035,0.478389,0.280247,0.207969,0.289416,0.386472,0.327692,0.061733,0.056046,0.442908,0.287884,0.247716,0.229807,0.260075,0.297293,0.131661,0.218792,0.402472,0.104382,0.444281,0.138013,0.323824,0.337043,0.398723,0.260235,0.380755,0.165949,0.276931,0.311134,0.123964,0.123076,0.039910,0.135167,-0.017066,0.221529,0.242107,0.066779,0.368497,0.089101,0.156157,0.169178,0.383001,0.215013,0.276805,0.258827,0.143130,0.269887,0.326260,0.449741,0.220145,0.265157,0.230277,0.076911,0.290294,0.143892,0.107747,0.105039,0.272840,0.122688,0.142755,0.235678,0.333052,0.501213,0.193483,0.154327,0.167096,0.121996,0.148304,0.090178,0.322549,0.223839,0.215856,0.179779,0.289471,0.282475,0.179226,0.354672,0.198071,0.302025,0.380598,0.209524,0.326079,0.302324,0.146300,0.286115,0.185760,0.268622,0.230974,0.064769,0.219474,0.225606,0.060600,0.218812,0.176806,0.160759,0.441977,0.150455,0.183564,0.395138,0.224194,0.285469,0.045068,0.305345,0.121966,0.292028,0.229540,0.295397,0.239621,0.288809,0.342009,0.213339,0.263744,0.266131,0.242289,0.121213,0.282147,0.184774,0.306260,0.317826,0.223106,0.123011,0.168682,0.137979,0.339053,0.291913,-0.020218,0.388607,0.232971,0.137484,0.245246,0.067896,0.186746,0.252891,0.291436,0.273617,0.243871,0.151357,0.240225,0.062112,0.298727,0.349287,0.117773,0.195768,0.124589,0.120371,0.322984,0.325234,0.172111,0.115243,0.199956,0.237595,0.110613,0.067502,0.141444,0.172016,0.105920,0.103226,0.408184,0.212604,0.372541,0.241505,0.206336,0.377885,0.203067,0.371428,0.103790,0.257940,0.285729,0.241298,0.257802,0.145485,0.088876,0.352085,0.211271,0.538055,0.142478,0.267544,0.387036,0.593422,0.252612,0.096757,0.172406,0.448074,0.207859,0.276866,0.246358,0.406799,0.352964,0.096729,0.554081,0.117812,-0.007423,0.297237,0.286661,0.154469,0.386228,0.230195,0.301219,0.352216,0.504799,0.220644,0.232923,0.292119,0.165652,0.090015,0.065955,0.279171,0.198290,0.520480,0.343973,0.327790,0.090414,0.343619,0.390086,0.273194,0.147981,0.238977,0.085797,0.114682,0.166729,-0.089309,-0.001996
287,0.161570,0.342183,0.341233,0.348652,0.203021,0.369510,0.338504,0.513431,0.442838,1.000000,0.415468,0.320173,0.329376,0.295982,0.249546,0.495995,0.307460,0.372188,0.418091,0.288370,0.341362,0.456510,0.345215,0.425067,0.228015,0.173080,0.158766,0.384646,0.437761,0.366605,0.256111,0.348508,0.346347,0.190709,0.285564,0.455403,0.144693,0.548201,0.287737,0.307148,0.321582,0.398141,0.366355,0.466529,0.285503,0.582046,0.299983,0.222688,0.358384,0.197970,0.338961,0.065816,0.451707,0.310112,0.148056,0.460637,0.242254,0.310114,0.290747,0.613318,0.358792,0.244621,0.471771,0.273687,0.432877,0.285444,0.460694,0.414997,0.374039,0.356310,0.178598,0.356326,0.363326,0.295462,0.262860,0.424564,0.339583,0.102866,0.425279,0.498804,0.481057,0.340100,0.277243,0.331744,0.238958,0.367728,0.325972,0.447236,0.351350,0.283051,0.314416,0.234442,0.308155,0.171305,0.361469,0.282132,0.351101,0.492091,0.336693,0.446039,0.513826,0.363980,0.532179,0.296830,0.378248,0.352423,0.221592,0.329241,0.491412,0.274531,0.251129,0.273052,0.126929,0.460030,0.288472,0.311870,0.385033,0.270740,0.391655,0.251523,0.412713,0.191787,0.448393,0.363165,0.366561,0.328082,0.416269,0.402144,0.380990,0.408051,0.318134,0.290369,0.164240,0.453049,0.403773,0.605745,0.388684,0.246994,0.298724,0.286228,0.260919,0.365461,0.473129,0.125337,0.371915,0.352653,0.264932,0.487616,0.141548,0.411468,0.495306,0.279941,0.244775,0.319522,0.278005,0.455057,0.226414,0.488954,0.418573,0.141807,0.277162,0.290997,0.241762,0.461136,0.426141,0.339091,0.262292,0.359077,0.368791,0.246767,0.277548,0.260350,0.238592,0.125410,0.232759,0.667426,0.261293,0.487651,0.505940,0.428452,0.178826,0.277407,0.539074,0.189164,0.317462,0.329489,0.478274,0.412029,0.287146,0.170006,0.448799,0.398828,0.495341,0.203153,0.346396,0.273874,0.462282,0.337565,0.279714,0.355477,0.484036,0.297048,0.401858,0.137308,0.490193,0.487513,0.175129,0.388350,0.154660,0.114373,0.342928,0.477682,0.299947,0.514914,0.426528,0.443654,0.326877,0.427841,0.341344,0.288418,0.227327,0.264094,0.261222,0.255774,0.242618,0.420230,0.485094,0.481071,0.267635,0.230407,0.385315,0.429866,0.483779,0.280075,0.188197,0.067381,0.184773,0.397198,0.005588,0.107766
300,0.240291,0.332141,0.202766,0.440424,0.401308,0.230982,0.157536,0.361663,0.205058,0.415468,1.000000,0.192937,0.196246,0.222128,0.166224,0.444902,0.318368,0.268475,0.293243,0.176942,0.247822,0.385066,0.338285,0.271210,0.139296,0.269848,0.231696,0.220031,0.447863,0.242209,0.503082,0.182588,0.185774,0.369515,0.472379,0.390556,0.035042,0.305869,0.147861,0.194144,0.120517,0.289788,0.223833,0.289724,0.210490,0.498346,0.185914,0.083514,0.393736,0.127563,0.301202,0.061503,0.338020,0.227565,0.159863,0.279332,0.271306,0.236137,0.157165,0.436676,0.196771,0.373533,0.418078,0.237147,0.423867,0.291281,0.350350,0.401135,0.223961,0.219277,0.240839,0.198643,0.268399,0.304141,0.360996,0.466873,0.353787,0.235180,0.429865,0.331991,0.250830,0.213249,0.257653,0.138187,0.211237,0.214676,0.394683,0.321070,0.310197,0.246914,0.267789,0.136587,0.078860,0.161264,0.230907,0.302924,0.272500,0.353917,0.261402,0.167767,0.343632,0.277740,0.316988,0.481408,0.120440,0.244219,0.250930,0.385300,0.366346,0.118247,0.180438,0.225894,0.131545,0.327865,0.315858,0.301270,0.108952,0.228556,0.264215,0.204967,0.313176,0.187818,0.331064,0.233012,0.173241,0.288259,0.491718,0.390481,0.387405,0.302233,0.340623,0.177144,0.281223,0.236707,0.182046,0.536531,0.306106,0.350534,0.424961,0.265285,0.254777,0.210552,0.288933,0.091346,0.300940,0.288066,0.192161,0.397947,0.280138,0.268903,0.583273,0.108200,0.214054,0.217900,0.164684,0.318417,0.205499,0.376977,0.455571,0.184573,0.370368,0.131895,0.143280,0.262798,0.213968,0.152909,0.357099,0.170718,0.146386,0.125002,0.193373,0.149048,0.091475,0.246775,0.197743,0.420343,0.126523,0.374893,0.409409,0.313272,0.082321,0.260509,0.273678,0.232423,0.320178,0.160350,0.426856,0.205272,0.286652,0.170323,0.320278,0.417373,0.276283,0.236074,0.148683,0.134783,0.297402,0.287843,0.119236,0.356186,0.241859,0.334945,0.340032,0.134864,0.365838,0.378174,0.240554,0.242439,0.099899,0.234178,0.342520,0.237215,0.198373,0.376632,0.412737,0.221747,0.249795,0.176797,0.365220,0.145661,0.215457,0.200284,0.251856,0.389086,0.129645,0.356188,0.211811,0.331951,0.222022,0.205559,0.341893,0.393131,0.356920,0.270031,0.125486,0.015426,0.179814,0.329647,0.018904,0.140204
318,0.137683,0.340122,0.164032,0.189462,0.125851,0.332477,0.168945,0.276688,0.358192,0.320173,0.192937,1.000000,0.313758,0.141608,0.079901,0.282072,0.169170,0.284405,0.270888,0.471675,0.213876,0.242560,0.255586,0.195497,0.116454,0.108481,0.245735,0.136977,0.319598,0.282433,0.169318,0.205213,0.172350,0.147272,0.275032,0.188045,0.121736,0.461805,0.084478,0.105547,0.189818,0.129273,0.314038,0.513288,0.260482,0.358969,0.190417,0.383324,0.242041,0.205975,0.164995,0.051272,0.269444,0.188411,0.034557,0.400560,0.207027,0.130557,0.194090,0.287314,0.150444,0.266779,0.193474,0.172179,0.176737,0.411672,0.244273,0.309953,0.303655,0.212184,0.150282,0.178380,0.145348,0.133574,0.114164,0.316482,0.167452,0.160097,0.256838,0.216483,0.131479,0.368206,0.134736,0.150815,0.245717,0.249661,0.112953,0.385138,0.280505,0.395644,0.053663,0.101843,0.182125,0.042497,0.392489,0.310165,0.312898,0.207032,0.308462,0.130010,0.229394,0.113178,0.295704,0.271645,0.148380,0.219124,0.167563,0.242331,0.338798,0.140038,0.207874,0.292244,0.093660,0.203721,0.207571,0.283538,0.159412,0.095762,0.452617,0.169144,0.206917,0.083610,0.274066,0.275795,0.245561,0.261276,0.296357,0.217337,0.187274,0.235596,0.147060,0.224460,0.180673,0.339081,0.249312,0.241548,0.147938,0.150931,0.108533,0.210864,0.174292,0.224914,0.261435,0.135398,0.366797,0.158577,0.126104,0.210574,0.206140,0.213006,0.233288,0.221646,0.193843,0.313131,0.128306,0.142712,0.047194,0.381881,0.404858,0.173205,0.241076,0.109240,0.202106,0.182904,0.279477,0.170615,0.120264,0.103610,0.225542,0.118444,0.057656,0.149316,0.140089,0.139664,0.255309,0.298207,0.220107,0.333225,0.262777,0.210937,0.129875,0.106665,0.234226,0.118854,0.207850,0.159508,0.186154,0.223344,0.129792,0.331892,0.357405,0.364533,0.244823,0.164009,0.063041,0.198970,0.222098,0.437996,0.152114,0.186176,0.197098,0.313682,0.270019,0.142267,0.310280,0.351280,0.149625,0.193600,0.163577,0.058744,0.261857,0.275787,0.188640,0.343906,0.162661,0.272146,0.143404,0.135833,0.213901,0.056350,0.243334,0.224574,0.171877,0.084957,0.075075,0.116882,0.201101,0.180559,0.157077,0.022037,0.147948,0.402864,0.335559,0.173513,0.140973,0.070916,0.231085,0.308524,0.012569,0.100557
319,0.092809,0.507837,0.251705,0.230143,0.211822,0.227910,0.150229,0.229918,0.287708,0.329376,0.196246,0.313758,1.000000,0.185685,0.301519,0.221381,0.110631,0.307268,0.200929,0.290230,0.215093,0.507591,0.362204,0.234190,0.146221,0.114305,0.182723,0.094238,0.265156,0.220449,0.234046,0.257032,0.237303,0.163499,0.251163,0.255473,0.157838,0.374401,0.114052,0.150347,0.193625,0.079209,0.430294,0.358567,0.167395,0.281755,0.185077,0.243930,0.104237,0.290859,0.227106,0.202110,0.222915,0.171391,0.159478,0.320277,0.249177,0.121437,0.236123,0.237910,0.047153,0.307420,0.246578,0.263146,0.147651,0.286117,0.214480,0.272005,0.217711,0.196660,0.258526,0.108362,0.115246,0.096506,0.086250,0.280009,0.139832,0.197447,0.329342,0.216155,0.113452,0.307116,0.119050,0.279730,0.226915,0.203977,0.186132,0.324726,0.446682,0.320204,0.218265,0.077602,0.095434,0.038428,0.301925,0.447839,0.191343,0.233107,0.576780,0.176529,0.164090,0.121290,0.168071,0.205060,0.154907,0.554297,0.169989,0.338652,0.402446,0.453376,0.208924,0.280385,0.099656,0.240485,0.189600,0.172355,0.154721,0.086914,0.415458,0.251522,0.248056,0.213206,0.236831,0.549883,0.213260,0.248245,0.299530,0.132244,0.270391,0.170029,0.289105,0.347602,0.164696,0.362900,0.223908,0.226923,0.138261,0.094193,0.082379,0.204495,0.237398,0.168262,0.324170,0.262601,0.230853,0.180107,0.195743,0.170383,0.205008,0.341330,0.194855,0.160690,0.285295,0.267109,0.236404,0.229163,0.076609,0.340736,0.273450,0.118043,0.206447,0.172760,0.063330,0.192889,0.224144,0.303268,0.165894,0.251758,0.161345,0.163869,0.208851,0.160140,0.095250,0.135025,0.222140,0.201359,0.146250,0.442786,0.281109,0.512134,0.272289,0.272949,0.214534,0.140094,0.188851,0.179809,0.274284,0.201715,0.202523,0.150679,0.339814,0.351561,0.261265,0.233971,0.209650,0.228020,0.221994,0.285119,0.175867,0.372278,0.165894,0.202588,0.338236,0.212279,0.258560,0.385386,0.132155,0.145195,0.072157,0.167039,0.268530,0.187418,0.148440,0.318032,0.070536,0.153854,0.178918,0.193228,0.237427,0.195079,0.254903,0.197448,0.234066,0.120319,0.074355,0.284050,0.247264,0.218575,0.263309,0.153924,0.212178,0.313654,0.359673,0.201640,0.146890,0.043426,0.423207,0.410441,0.133281,0.270022
383,0.131283,0.086872,0.549712,0.070818,0.224571,0.324881,0.305817,0.195749,0.440171,0.295982,0.222128,0.141608,0.185685,1.000000,0.001444,0.254256,0.137503,0.115827,0.350131,0.222814,0.232012,0.192958,0.268490,0.404659,0.310482,0.009133,0.033225,0.289772,0.224765,0.254859,0.243909,0.152769,0.302804,0.079693,0.305613,0.386314,0.048686,0.315924,0.217296,0.414743,0.345832,0.356598,0.191281,0.184121,0.140055,0.223028,0.230466,0.087618,0.044781,-0.046118,0.102506,-0.039258,0.174528,0.134068,0.088386,0.235279,0.104126,0.126317,0.357437,0.282594,0.171456,0.306750,0.245976,0.330518,0.197559,0.209293,0.399672,0.171482,0.345791,0.198796,0.017431,0.415651,0.182958,0.034426,-0.009276,0.195612,-0.010315,0.196367,0.230230,0.343916,0.358122,0.108731,0.152642,0.115117,0.094760,0.109789,-0.006679,0.257983,0.156677,0.191126,0.174780,0.296445,0.318765,0.256061,0.313615,0.184906,0.293595,0.233320,0.187221,0.320468,0.163316,0.071169,0.243514,0.174871,0.227095,0.154238,0.229805,0.173729,0.168312,0.048975,0.112521,0.042864,0.244495,0.454413,0.100679,0.103692,0.322277,0.212171,0.143388,0.021937,0.211903,0.147075,0.176691,0.158663,0.344784,0.115626,0.264116,0.391529,0.182121,0.241326,0.472027,0.160572,0.148069,0.208481,0.248042,0.263339,0.392544,0.342616,-0.022263,0.107302,0.177980,0.178008,0.264923,-0.088584,0.158818,0.134353,0.104258,0.229012,0.036004,0.181203,0.168228,0.298956,0.424844,0.172370,0.247776,0.282728,0.180507,0.256851,0.274013,0.073821,0.134813,0.096257,0.035791,0.145495,0.293005,0.161912,0.246224,0.190727,0.303383,0.078898,-0.012057,0.189689,0.294923,0.294672,0.204544,0.230176,0.079878,0.237119,0.175740,0.178060,0.326825,0.266730,0.268012,0.068278,0.184865,0.152874,0.177062,0.159354,-0.035107,0.086267,0.217808,0.223625,0.404767,0.069547,0.193018,0.283069,0.490615,0.170218,0.157305,0.122327,0.284926,0.177040,0.202970,0.341813,0.358503,0.209560,0.096349,0.399384,0.182376,0.177635,0.190013,0.322121,0.080256,0.306761,0.085285,0.341583,0.314983,0.395084,0.104572,0.156245,0.199086,0.138982,0.010110,0.007473,0.264066,0.173446,0.426921,0.352313,0.444506,0.013827,0.323899,0.260864,0.197154,0.107086,0.415551,0.051373,0.150832,0.114770,-0.073383,0.169750
425,0.133300,0.438234,0.110618,0.374944,0.211960,0.153688,0.108037,0.368183,0.067338,0.249546,0.166224,0.079901,0.301519,0.001444,1.000000,0.247830,0.267239,0.258455,0.148035,0.051063,0.166815,0.355237,0.260623,0.293887,0.131107,0.301051,0.346586,0.123053,0.212467,0.159333,0.071496,0.312994,0.187922,0.262734,0.175519,0.316186,0.290093,0.193924,0.201570,0.098360,0.058312,0.120463,0.274829,0.181717,0.346106,0.359147,0.195441,0.155575,0.255628,0.534942,0.410110,0.473175,0.536654,0.243221,0.029827,0.238921,0.456328,0.172033,0.162559,0.274202,0.170116,0.078962,0.352786,0.093434,0.234416,0.067885,0.210206,0.308159,0.155960,0.225949,0.344703,0.116075,0.172568,0.489092,0.452650,0.281068,0.390775,0.182968,0.330029,0.254954,0.168261,0.319407,0.260679,0.149488,0.205962,0.313714,0.324484,0.146897,0.344152,0.155497,0.434970,-0.000896,-0.068986,0.041799,0.083452,0.301166,0.123188,0.309489,0.340800,0.112821,0.276175,0.158537,0.238203,0.246578,0.212800,0.307704,-0.035853,0.393870,0.371342,0.292744,0.138862,0.450999,0.075190,0.096861,0.318646,0.292968,0.258164,0.053289,0.181430,0.505758,0.313201,0.143023,0.282636,0.360213,0.183923,0.514256,0.255436,0.029700,0.157881,0.233625,0.235921,0.271738,0.095113,0.490327,0.146828,0.312440,0.087076,0.108171,0.380757,0.396878,0.432207,0.236215,0.357371,0.457854,0.077657,0.231491,0.381385,0.243245,0.485734,0.560389,0.280797,0.167225,0.116269,0.321443,0.112160,0.394735,0.276905,0.358319,0.148341,0.140997,0.278450,0.388164,0.201350,0.282230,0.203978,0.343643,0.184373,0.175554,0.187748,0.220651,0.438116,0.085303,0.147350,0.031628,0.165514,0.230576,0.143603,0.176954,0.244745,0.382887,0.073468,0.254775,0.233224,0.306712,0.216565,0.192214,0.342635,0.235558,0.380546,0.106782,0.296571,0.369719,0.258799,0.369852,0.220540,0.133920,0.119715,0.234365,0.235734,0.286223,0.185188,0.032859,0.357059,0.048949,0.162750,0.235173,0.363853,0.121926,0.085733,0.146135,0.188230,0.148939,0.112376,0.231981,0.378607,0.201489,0.134684,0.177891,0.449664,0.243025,0.091848,0.078735,0.522925,0.367158,0.092247,0.344501,0.178798,0.177378,0.226336,0.458571,0.229448,0.149214,0.509612,0.355039,0.036940,0.103047,0.331099,0.310374,0.377124,0.422397
440,0.124602,0.314629,0.228448,0.486647,0.294180,0.324139,0.253817,0.465215,0.325318,0.495995,0.444902,0.282072,0.221381,0.254256,0.247830,1.000000,0.346463,0.420202,0.340632,0.244247,0.210400,0.298880,0.489703,0.356141,0.078353,0.186752,0.191007,0.360779,0.433565,0.226250,0.367229,0.447484,0.315323,0.185011,0.356727,0.383270,0.181379,0.395537,0.347190,0.360174,0.278643,0.420014,0.360435,0.365248,0.284955,0.472766,0.211171,0.176404,0.385730,0.121793,0.280530,-0.035653,0.404856,0.457577,0.108052,0.372800,0.245600,0.372888,0.177067,0.495097,0.265753,0.337572,0.443174,0.216764,0.441020,0.234609,0.266702,0.460090,0.317984,0.421344,0.193053,0.352140,0.370808,0.324392,0.300287,0.552506,0.359235,0.293046,0.464233,0.325559,0.295507,0.324675,0.290657,0.271467,0.371771,0.208544,0.316072,0.351163,0.344789,0.236934,0.205025,0.024774,0.121003,0.166128,0.318102,0.322041,0.251133,0.261813,0.259407,0.307580,0.442993,0.366026,0.375931,0.378834,0.192876,0.271103,0.118721,0.358763,0.374813,0.044510,0.294136,0.213709,0.132597,0.397237,0.305088,0.316551,0.222947,0.190247,0.262065,0.159545,0.441807,0.288791,0.465657,0.309740,0.350522,0.369922,0.507581,0.331857,0.445599,0.265102,0.383716,0.251438,0.200119,0.359601,0.229581,0.558293,0.226955,0.302076,0.313829,0.332109,0.233159,0.213110,0.459677,0.012509,0.263043,0.498564,0.238002,0.472864,0.225553,0.388135,0.566316,0.220024,0.144563,0.370268,0.204834,0.390283,0.122149,0.554193,0.466145,0.130976,0.323659,0.136526,0.124724,0.529954,0.302671,0.183960,0.336563,0.412121,0.344236,0.214442,0.168485,0.174177,0.192251,0.166813,0.240963,0.560478,0.273145,0.471834,0.493808,0.255326,0.067825,0.160498,0.368678,0.296477,0.385760,0.151400,0.413428,0.432922,0.297017,0.157342,0.595805,0.443664,0.387852,0.342503,0.088490,0.303426,0.263776,0.311082,0.183358,0.349064,0.340972,0.288800,0.404547,0.168431,0.474253,0.357476,0.226785,0.268933,0.164257,0.084392,0.431363,0.356040,0.302968,0.511264,0.417203,0.329006,0.268110,0.341241,0.475812,0.203331,0.213835,0.270602,0.180749,0.274926,0.144398,0.417950,0.402513,0.388916,0.267619,0.177787,0.342224,0.436656,0.496839,0.333306,0.131486,0.017290,0.220012,0.261851,-0.090648,0.119289
471,0.357022,0.214950,0.167209,0.340596,0.477024,0.300630,0.199464,0.341857,0.104426,0.307460,0.318368,0.169170,0.110631,0.137503,0.267239,0.346463,1.000000,0.391950,0.283150,0.138147,0.199793,0.291972,0.433583,0.337326,0.193598,0.401211,0.103705,0.191905,0.435923,0.305028,0.247235,0.381942,0.279391,0.181436,0.453893,0.413733,0.206941,0.286846,0.352705,0.238763,0.159980,0.266019,0.239262,0.258322,0.262715,0.400992,0.267440,0.202802,0.407818,0.143472,0.369353,0.074429,0.452209,0.412900,0.103137,0.276601,0.212521,0.481912,0.236883,0.304729,0.220065,0.183049,0.373398,0.211621,0.346493,0.188962,0.286239,0.264814,0.330342,0.305508,0.340383,0.242901,0.371196,0.211212,0.439965,0.347286,0.374610,0.134042,0.370993,0.301126,0.252962,0.248357,0.301660,0.218122,0.311506,0.235281,0.147327,0.253103,0.219961,0.209508,0.230746,0.089105,0.086437,0.113049,0.203556,0.265785,0.361153,0.270271,0.159823,0.198657,0.540493,0.303692,0.341258,0.325646,0.188292,0.176445,0.085978,0.403203,0.251916,0.040056,0.324956,0.298944,0.093308,0.176281,0.240880,0.327412,0.201018,0.060121,0.270877,0.187954,0.452600,0.445221,0.496916,0.148869,0.249031,0.352677,0.303236,0.198554,0.210032,0.319258,0.259453,0.230876,0.121051,0.356613,0.212710,0.396696,0.196742,0.206304,0.430832,0.273911,0.388387,0.293281,0.296694,0.116718,0.295011,0.413109,0.266690,0.394222,0.388806,0.329614,0.388114,0.154217,0.115779,0.286918,0.149191,0.304024,0.183915,0.360944,0.337629,0.364728,0.248596,0.193898,0.246359,0.429156,0.282604,0.301689,0.289441,0.410360,0.391561,0.324876,0.287534,0.287437,0.175390,0.322504,0.273970,0.330269,0.197280,0.209726,0.367954,0.230886,0.136383,0.324488,0.244280,0.317825,0.437869,0.190221,0.310964,0.409631,0.269994,0.146397,0.243459,0.384940,0.280760,0.223427,0.143055,0.371841,0.207039,0.262375,0.223013,0.208480,0.216599,0.183480,0.317623,0.104181,0.300852,0.291603,0.165883,0.262391,0.150185,0.198447,0.285428,0.240636,0.416877,0.296932,0.391606,0.293916,0.254317,0.210702,0.533015,0.186523,0.250955,0.418998,0.180725,0.229067,0.130191,0.444992,0.234882,0.253394,0.163117,0.252239,0.236517,0.278071,0.320673,0.305011,0.190799,0.035770,0.226555,0.329768,0.023632,0.248793
540,0.236064,0.279495,0.284775,0.285465,0.156749,0.171848,0.157614,0.367084,0.261290,0.372188,0.268475,0.284405,0.307268,0.115827,0.258455,0.420202,0.391950,1.000000,0.340265,0.283467,0.192018,0.277642,0.531109,0.473007,0.233707,0.186754,0.108707,0.320186,0.387511,0.218976,0.157763,0.624226,0.493167,0.165584,0.289660,0.453071,0.143819,0.349627,0.333772,0.378843,0.176505,0.356345,0.308868,0.242501,0.186936,0.393152,0.523650,0.191821,0.427433,0.232959,0.346053,0.105627,0.393807,0.293847,0.133468,0.385867,0.198864,0.441382,0.144710,0.320609,0.313520,0.140310,0.292102,0.205314,0.416154,0.309885,0.297316,0.260100,0.262575,0.284141,0.201029,0.164976,0.347068,0.283446,0.381436,0.290655,0.323785,0.135181,0.372464,0.288474,0.337097,0.296348,0.400006,0.337997,0.390245,0.369952,0.217942,0.370296,0.272242,0.217348,0.271725,0.307933,0.094949,0.078390,0.293968,0.265108,0.213732,0.493353,0.220635,0.300016,0.575161,0.360645,0.304328,0.579738,0.212437,0.203833,0.132358,0.302219,0.256626,0.177436,0.588210,0.298615,0.103147,0.286142,0.209755,0.501891,0.235112,0.150881,0.320472,0.224357,0.668599,0.339020,0.726491,0.327976,0.240775,0.561828,0.354884,0.118591,0.299533,0.207939,0.188605,0.160201,0.068658,0.326190,0.172931,0.370194,0.072624,0.189495,0.331050,0.293258,0.384045,0.587677,0.372217,0.166322,0.363826,0.650547,0.257565,0.410163,0.231404,0.300339,0.376262,0.159965,0.071307,0.553227,0.097848,0.349417,0.102608,0.323517,0.320192,0.212125,0.235136,0.316292,0.477087,0.417064,0.210808,0.282095,0.115395,0.481992,0.258808,0.204996,0.295428,0.162820,0.125425,0.070020,0.157785,0.389755,0.432756,0.320630,0.285411,0.313804,0.283744,0.295285,0.244178,0.293189,0.621576,0.380438,0.288630,0.720433,0.359573,0.176389,0.298320,0.365042,0.342695,0.285592,0.205127,0.362355,0.218578,0.239844,0.175565,0.247501,0.282184,0.382981,0.323320,0.087425,0.471158,0.361251,0.264278,0.297913,0.065651,-0.018723,0.389544,0.221886,0.555967,0.274685,0.343859,0.301072,0.380553,0.242455,0.405842,0.316244,0.336469,0.411126,0.230937,0.391002,0.139674,0.418528,0.333084,0.226814,0.209183,0.287310,0.317973,0.238519,0.339602,0.536615,0.063237,-0.005941,0.176583,0.311221,0.056220,0.140001
557,0.076726,0.255090,0.421956,0.220200,0.114583,0.318879,0.289000,0.302289,0.366035,0.418091,0.293243,0.270888,0.200929,0.350131,0.148035,0.340632,0.283150,0.340265,1.000000,0.270868,0.251024,0.242356,0.380826,0.412602,0.308135,0.103994,0.076430,0.418732,0.295648,0.327475,0.240086,0.359339,0.296526,0.187322,0.261551,0.377829,0.108471,0.366813,0.284696,0.410103,0.299192,0.339278,0.225349,0.330102,0.125600,0.462575,0.348020,0.181127,0.268484,0.075040,0.261263,0.015176,0.310897,0.227404,0.115423,0.386697,0.172453,0.297027,0.347631,0.391659,0.279854,0.207312,0.280440,0.341723,0.435728,0.297374,0.413710,0.245284,0.459692,0.280922,0.117140,0.423901,0.352714,0.205384,0.205359,0.403736,0.155332,0.175145,0.345505,0.385051,0.342024,0.216549,0.154539,0.257633,0.139040,0.261507,0.115438,0.370112,0.180791,0.222526,0.309999,0.349524,0.196560,0.249814,0.412215,0.296363,0.333270,0.421614,0.216064,0.489141,0.398392,0.169553,0.364455,0.331548,0.362405,0.149090,0.092000,0.357114,0.237702,0.162716,0.319140,0.188711,0.345039,0.392078,0.245277,0.266778,0.330685,0.387080,0.322838,0.125076,0.402736,0.208437,0.402067,0.246895,0.440970,0.325465,0.278354,0.392069,0.184839,0.364569,0.211348,0.194027,0.132054,0.370636,0.355799,0.341024,0.280125,0.346276,0.208837,0.212726,0.180847,0.317552,0.343316,0.046875,0.505332,0.319339,0.139304,0.380423,0.116530,0.242739,0.442766,0.308829,0.246785,0.340137,0.166723,0.263852,0.168285,0.272593,0.438447,0.122859,0.241785,0.214098,0.160812,0.330725,0.272702,0.282769,0.217237,0.246683,0.227863,0.199027,0.077605,0.206491,0.366913,0.106742,0.146777,0.448358,0.187665,0.272329,0.343079,0.184087,0.245167,0.227242,0.279429,0.168121,0.390135,0.394461,0.259021,0.389586,0.144480,0.152295,0.331951,0.408152,0.445043,0.171613,0.246797,0.336935,0.443498,0.301592,0.197511,0.133114,0.458423,0.225554,0.335378,0.135945,0.633610,0.403597,0.083855,0.367338,0.111780,0.057810,0.309059,0.383437,0.367681,0.430823,0.329428,0.513154,0.362693,0.429010,0.242185,0.391241,0.220616,0.250832,0.130952,0.122068,0.241368,0.264457,0.495638,0.309983,0.208333,0.101577,0.203544,0.387046,0.284175,0.244577,0.177232,0.172393,0.163969,0.326393,-0.082732,0.079280
601,0.180723,0.151666,0.256487,0.070369,0.128299,0.313990,0.204434,0.119713,0.478389,0.288370,0.176942,0.471675,0.290230,0.222814,0.051063,0.244247,0.138147,0.283467,0.270868,1.000000,0.219657,0.195897,0.320626,0.166846,0.171669,0.008340,0.062942,0.186943,0.265989,0.306599,0.223696,0.154245,0.155775,0.093500,0.324745,0.177408,-0.018457,0.353346,0.196327,0.300373,0.313305,0.151534,0.179109,0.371273,0.143493,0.181754,0.225943,0.258987,0.081684,-0.007677,0.138000,-0.025633,0.124046,0.126397,0.240522,0.307082,0.068295,0.200908,0.181341,0.216030,0.131730,0.307990,0.194671,0.282558,0.176546,0.412371,0.243162,0.256401,0.302054,0.194526,0.098763,0.111413,0.170766,0.000645,-0.041751,0.199983,0.037843,0.190688,0.300486,0.128110,0.160582,0.161360,0.110383,0.301257,0.250204,0.105105,0.025505,0.340383,0.112687,0.371141,0.003714,0.230668,0.234704,0.121033,0.323204,0.235005,0.299117,0.170649,0.204570,0.185528,0.130465,0.219070,0.205438,0.212154,0.080330,0.218448,0.070541,0.170772,0.201372,0.099885,0.280167,0.167455,0.168274,0.243131,0.097537,0.099177,0.147894,0.225139,0.396518,0.029106,0.214428,0.180132,0.230827,0.147661,0.205688,0.113527,0.252905,0.182740,0.152159,0.180179,0.146645,0.179650,0.091045,0.242241,0.168480,0.161173,0.199005,0.157193,0.002029,0.046829,0.188175,0.222409,0.142881,-0.012135,0.386078,0.210821,0.016822,0.160471,0.004469,0.088376,0.231486,0.208356,0.234092,0.184121,0.225673,0.084211,-0.061307,0.163512,0.340469,0.240540,0.098788,-0.026851,0.060830,0.116372,0.235870,0.134321,0.075158,0.185489,0.296211,0.192153,-0.022740,0.321677,0.152973,0.360545,0.409233,0.167087,0.154195,0.355786,0.219532,0.145327,0.192218,0.148999,0.171359,0.033384,0.226544,0.203480,0.142203,0.237170,0.016934,0.228245,0.207959,0.269312,0.230234,0.054588,0.100094,0.260161,0.243818,0.294485,-0.044569,0.173283,0.147364,0.276845,0.248113,0.278778,0.319052,0.310291,0.078490,0.214275,0.232660,0.067876,0.301291,0.197343,0.159787,0.360733,0.062132,0.175590,0.215105,0.206634,0.093413,0.025902,0.313721,0.264111,0.008547,0.064270,0.118297,0.204436,0.244523,0.157424,0.139581,0.102587,0.103330,0.326976,0.202660,0.068847,0.262856,0.009354,0.146960,0.235697,-0.054226,0.042351
616,0.184004,0.184166,0.352252,0.111894,0.141374,0.577289,0.227744,0.351143,0.280247,0.341362,0.247822,0.213876,0.215093,0.232012,0.166815,0.210400,0.199793,0.192018,0.251024,0.219657,1.000000,0.237210,0.208690,0.260217,0.248877,0.183358,0.134385,0.305339,0.310125,0.288784,0.088993,0.206395,0.211841,0.151574,0.251170,0.373282,0.130189,0.352757,0.331263,0.133869,0.316517,0.277231,0.164710,0.268672,0.322818,0.332597,0.146376,0.130190,0.180111,0.109399,0.268594,0.037097,0.326371,0.210596,0.138983,0.211461,0.164826,0.106505,0.260541,0.334678,0.221742,0.118904,0.320339,0.261043,0.293451,0.197623,0.365392,0.292409,0.289749,0.362995,0.117877,0.421719,0.326626,0.194764,0.155287,0.206274,0.193410,0.063118,0.342436,0.394075,0.385196,0.213375,0.268548,0.124085,0.109906,0.183894,0.148527,0.167770,0.212927,0.130683,0.194015,0.190284,0.334784,0.168638,0.141551,0.124416,0.354731,0.341289,0.172955,0.305712,0.234774,0.097569,0.444856,0.110194,0.245358,0.218347,0.093283,0.211822,0.309552,0.084303,0.170119,0.307163,0.144601,0.288421,0.248857,0.234640,0.273253,0.108202,0.278992,0.174240,0.176806,0.118490,0.235380,0.170220,0.342518,0.229230,0.254871,0.262820,0.139217,0.401685,0.175902,0.152253,0.105580,0.410222,0.304965,0.307355,0.368467,0.179155,0.143498,0.240971,0.363016,0.227783,0.308663,0.115127,0.158305,0.119457,0.126307,0.357476,0.154246,0.320341,0.205045,0.211521,0.090781,0.214234,0.203006,0.355967,0.176352,0.286398,0.246435,0.278512,0.160736,0.140016,0.173053,0.177432,0.348984,0.199220,0.199000,0.172446,0.251961,0.226935,0.207623,0.302514,0.299946,0.096725,0.190090,0.223820,0.261611,0.196500,0.313898,0.208820,0.076981,0.339120,0.480330,0.180953,0.292882,0.150908,0.360288,0.195607,0.120632,0.088611,0.263054,0.268007,0.362573,0.133398,0.246846,0.172980,0.364259,0.271697,0.277776,0.277317,0.245288,0.119694,0.272391,0.137598,0.248373,0.264896,0.078631,0.291099,0.163640,0.190098,0.199588,0.360962,0.115786,0.214966,0.235125,0.340646,0.301043,0.263011,0.279579,0.187437,0.225974,0.177053,0.142590,0.169425,0.202851,0.218685,0.295962,0.410113,0.182618,0.108892,0.256445,0.208123,0.331125,0.220764,0.339473,0.133349,0.096800,0.282297,0.018989,0.133978
11,0.205366,0.596135,0.216935,0.284547,0.232295,0.302749,0.210284,0.341285,0.207969,0.456510,0.385066,0.242560,0.507591,0.192958,0.355237,0.298880,0.291972,0.277642,0.242356,0.195897,0.237210,1.000000,0.427650,0.349533,0.318882,0.119846,0.091582,0.206903,0.341864,0.305714,0.231560,0.193952,0.269855,0.259938,0.393072,0.420840,0.244202,0.381327,0.175124,0.164217,0.184790,0.251744,0.484909,0.363792,0.211576,0.460970,0.220300,0.221484,0.215558,0.316814,0.381839,0.229281,0.421270,0.211621,0.280919,0.383344,0.321620,0.197349,0.238692,0.390796,0.161695,0.247061,0.473078,0.256770,0.304161,0.192216,0.295964,0.347238,0.337310,0.228799,0.376242,0.212644,0.261299,0.244999,0.338655,0.357299,0.250902,0.167072,0.452860,0.328679,0.248837,0.300321,0.193512,0.338681,0.383852,0.260424,0.321127,0.333851,0.537474,0.303619,0.323632,0.052248,0.148136,0.044564,0.266647,0.557140,0.294006,0.314137,0.578524,0.208327,0.322331,0.250629,0.378785,0.281840,0.150017,0.563427,0.137916,0.365621,0.359779,0.489111,0.140092,0.298701,0.053100,0.292456,0.242252,0.244941,0.232755,0.148352,0.358485,0.314321,0.297873,0.269443,0.304218,0.406528,0.296276,0.299416,0.352761,0.294539,0.309349,0.331666,0.245540,0.427361,0.232043,0.503227,0.274864,0.385010,0.221597,0.142889,0.228584,0.212867,0.383358,0.230136,0.266981,0.259675,0.230326,0.289801,0.247418,0.357247,0.234093,0.378731,0.364121,0.222485,0.232654,0.285052,0.294444,0.304146,0.127561,0.334175,0.321344,0.156121,0.283216,0.277926,0.118731,0.253694,0.323167,0.378304,0.265848,0.281917,0.239677,0.334045,0.259036,0.227354,0.194274,0.232763,0.289182,0.327973,0.150903,0.428840,0.322639,0.603691,0.272047,0.240122,0.384489,0.185039,0.212068,0.253822,0.461949,0.229407,0.248046,0.234984,0.303538,0.495750,0.333723,0.244662,0.221522,0.267915,0.272637,0.348625,0.257441,0.364406,0.249562,0.214197,0.374344,0.162077,0.364258,0.427928,0.125252,0.194864,0.162510,0.207979,0.307412,0.291204,0.203428,0.382650,0.294620,0.304791,0.233452,0.231764,0.320225,0.189300,0.242564,0.193876,0.313706,0.292368,0.211828,0.394402,0.305127,0.324005,0.224843,0.283499,0.309342,0.325525,0.390694,0.226877,0.160129,0.099050,0.487561,0.471781,0.195912,0.360449
21,0.282295,0.383794,0.357569,0.274359,0.463443,0.319759,0.257499,0.398945,0.289416,0.345215,0.338285,0.255586,0.362204,0.268490,0.260623,0.489703,0.433583,0.531109,0.380826,0.320626,0.208690,0.427650,1.000000,0.464664,0.283886,0.145665,0.075767,0.256060,0.420576,0.217111,0.385231,0.542219,0.324678,0.273826,0.543959,0.461631,0.204078,0.383184,0.437661,0.457635,0.370043,0.334460,0.432413,0.380789,0.245439,0.432360,0.356370,0.231457,0.329344,0.210272,0.350313,0.029518,0.373759,0.451383,0.190286,0.452523,0.226726,0.428712,0.203022,0.371081,0.296398,0.313628,0.449638,0.369474,0.352706,0.327223,0.373847,0.326845,0.327546,0.281732,0.321945,0.215328,0.427770,0.179868,0.331515,0.440095,0.284711,0.322441,0.476044,0.340918,0.303404,0.312465,0.261273,0.388525,0.487191,0.220446,0.256971,0.355626,0.388794,0.341169,0.247773,0.139353,0.147616,0.138302,0.288894,0.455192,0.272990,0.315467,0.390424,0.274404,0.570011,0.387674,0.299419,0.425677,0.207175,0.368569,0.143640,0.429178,0.274969,0.164507,0.402818,0.249606,0.129646,0.327358,0.368480,0.285878,0.288354,0.209353,0.340872,0.229471,0.624071,0.514389,0.617475,0.429749,0.293721,0.411614,0.458284,0.272088,0.351295,0.247065,0.319273,0.283336,0.171318,0.444583,0.161390,0.394605,0.210107,0.304496,0.238254,0.174576,0.366430,0.328818,0.399936,0.109286,0.377417,0.542715,0.290562,0.383581,0.269836,0.344123,0.371866,0.186975,0.177759,0.409360,0.170924,0.295633,0.059199,0.466577,0.424752,0.291934,0.313581,0.217775,0.190292,0.548790,0.349269,0.349372,0.256382,0.582608,0.339972,0.290877,0.204515,0.208254,0.166917,0.281435,0.299616,0.405500,0.271035,0.438484,0.366352,0.379149,0.247775,0.275341,0.339509,0.229261,0.490771,0.339223,0.320648,0.480858,0.211207,0.221852,0.394026,0.504748,0.435266,0.272257,0.165624,0.545198,0.268806,0.397695,0.153501,0.216754,0.314326,0.295637,0.425049,0.137651,0.484713,0.451104,0.152279,0.264100,0.233272,0.107847,0.402395,0.224555,0.553365,0.493290,0.313379,0.340367,0.317815,0.291384,0.392275,0.226024,0.370917,0.359329,0.141471,0.234059,0.146414,0.546212,0.420670,0.408332,0.343222,0.258787,0.301711,0.404657,0.419713,0.380645,0.214055,0.017685,0.400939,0.364556,0.060502,0.271380
22,0.244905,0.333077,0.573562,0.355251,0.280600,0.257941,0.199721,0.435874,0.386472,0.425067,0.271210,0.195497,0.234190,0.404659,0.293887,0.356141,0.337326,0.473007,0.412602,0.166846,0.260217,0.349533,0.464664,1.000000,0.387441,0.212276,0.132153,0.429117,0.352370,0.348683,0.226487,0.484515,0.502318,0.245885,0.323767,0.652428,0.083150,0.339908,0.283209,0.413154,0.313357,0.496839,0.280181,0.179761,0.254232,0.428010,0.555951,0.143590,0.279681,0.183575,0.490231,0.185055,0.476288,0.185845,0.155659,0.294101,0.283859,0.305853,0.250880,0.443117,0.368001,0.248094,0.458805,0.215215,0.457784,0.269297,0.561202,0.334242,0.304147,0.262185,0.327760,0.252250,0.330589,0.270478,0.408056,0.341311,0.326586,0.182342,0.382699,0.462339,0.512609,0.162100,0.455377,0.243194,0.217753,0.419963,0.237296,0.243479,0.277369,0.221471,0.556767,0.283731,0.246611,0.145433,0.244670,0.288074,0.360627,0.553390,0.227075,0.434083,0.549130,0.287834,0.353564,0.456553,0.294820,0.287209,0.078581,0.383146,0.266771,0.168007,0.410653,0.286157,0.172698,0.465038,0.282351,0.438658,0.509003,0.221344,0.256268,0.316012,0.503174,0.316592,0.533079,0.290015,0.293939,0.486500,0.392426,0.295701,0.271304,0.374452,0.476385,0.190526,0.174057,0.471571,0.238691,0.411825,0.212724,0.354621,0.353242,0.295605,0.400986,0.472617,0.422815,0.220878,0.221201,0.456864,0.313054,0.452686,0.311681,0.368732,0.284153,0.283491,0.271131,0.462785,0.227177,0.474217,0.255641,0.379521,0.254301,0.190258,0.213550,0.476017,0.391001,0.358372,0.402500,0.267353,0.308982,0.443581,0.350140,0.232583,0.361681,0.158114,0.201474,0.132526,0.151161,0.393489,0.295192,0.257781,0.268769,0.381998,0.356375,0.388086,0.363897,0.288458,0.500989,0.439935,0.400813,0.415715,0.268116,0.097033,0.315081,0.339045,0.630439,0.253190,0.356308,0.366673,0.409612,0.215472,0.347636,0.239440,0.427267,0.257174,0.441357,0.244804,0.507087,0.409321,0.340463,0.476317,0.219834,0.141869,0.346997,0.301497,0.344378,0.353045,0.473381,0.459084,0.446590,0.390792,0.389719,0.383574,0.310322,0.292067,0.317513,0.395182,0.268877,0.381599,0.528471,0.346159,0.491746,0.399854,0.453151,0.255378,0.436563,0.463436,0.277924,0.162454,0.339519,0.350189,0.170798,0.306539
24,0.283819,0.259381,0.425646,0.066215,0.055586,0.225346,0.127334,0.281488,0.327692,0.228015,0.139296,0.116454,0.146221,0.310482,0.131107,0.078353,0.193598,0.233707,0.308135,0.171669,0.248877,0.318882,0.283886,0.387441,1.000000,0.102440,-0.044787,0.437208,0.330494,0.352686,0.069046,0.196967,0.315311,0.030790,0.260924,0.481694,0.061323,0.288649,0.175477,0.203084,0.123815,0.407190,0.103197,0.123640,0.083102,0.276917,0.371383,0.054390,0.145899,0.076373,0.334885,0.073589,0.318352,0.114559,0.193931,0.312004,0.145122,0.082891,0.231596,0.312690,0.324710,0.132264,0.321235,0.174641,0.282993,0.191453,0.488410,0.222363,0.233959,0.230903,0.191025,0.190736,0.154849,0.150833,0.206381,0.239533,0.091130,0.087298,0.243607,0.387793,0.437504,0.094741,0.159683,0.187716,0.157250,0.095824,0.079603,0.135819,0.156676,0.153043,0.346701,0.339691,0.232185,0.088709,0.188774,0.182694,0.355812,0.417724,0.164787,0.367033,0.261119,0.104959,0.291294,0.188660,0.183630,0.224540,-0.028742,0.209974,0.188114,0.149920,0.159796,0.163350,0.101614,0.331988,0.137442,0.114759,0.429276,0.070692,0.245139,0.150802,0.313828,0.221556,0.316564,0.108367,0.282118,0.178887,0.161353,0.152453,0.172932,0.412289,0.149712,0.134068,0.095491,0.309761,0.272242,0.206989,0.106471,0.165066,0.117506,0.117894,0.372244,0.310589,0.281194,0.073468,0.154313,0.192275,0.123055,0.185137,0.103980,0.144824,0.143958,0.223059,0.275561,0.248953,0.301187,0.331706,0.157869,0.134162,0.171943,0.220522,0.115261,0.238803,0.189424,0.160490,0.252910,0.372581,0.082010,0.168252,0.232068,0.299503,0.187675,0.311118,0.246176,0.123065,0.225779,0.147207,0.157389,0.154879,0.112374,0.231143,0.280260,0.229373,0.303922,0.121248,0.241838,0.314346,0.263386,0.164380,0.069458,0.192277,0.121764,0.327349,0.521396,0.033061,0.368907,0.283896,0.333000,0.146774,0.233771,0.051103,0.374088,0.072496,0.247100,0.144570,0.304119,0.266916,0.061240,0.393781,0.126538,0.209928,0.143421,0.235777,0.200378,0.226169,0.235064,0.424785,0.383272,0.299944,0.095267,0.239844,0.127506,0.192564,0.149719,0.031245,0.522068,0.206544,0.369029,0.241227,0.215419,0.059165,0.351397,0.191295,0.236279,0.205594,0.244210,0.125605,0.191350,0.319537,0.065612,0.230007
29,0.354337,0.202642,0.129038,0.307519,0.293066,0.039682,0.027304,0.204664,0.061733,0.173080,0.269848,0.108481,0.114305,0.009133,0.301051,0.186752,0.401211,0.186754,0.103994,0.008340,0.183358,0.119846,0.145665,0.212276,0.102440,1.000000,0.294760,0.067951,0.276953,0.184897,0.180517,0.188551,0.157737,0.151725,0.229462,0.292529,0.092616,0.160657,0.137035,0.068885,-0.023962,0.126204,0.131104,0.138631,0.252894,0.282223,0.153983,0.057716,0.418936,0.388982,0.365712,0.521629,0.343400,0.316079,0.102545,0.159267,0.234321,0.219605,0.120784,0.219804,0.287258,0.102776,0.265347,-0.006393,0.233072,0.054562,0.229100,0.218963,0.066841,0.248443,0.517574,0.127217,0.132444,0.295562,0.390452,0.223727,0.432713,0.114384,0.250739,0.275742,0.133774,0.246178,0.209088,0.160798,0.185261,0.168959,0.296295,0.138111,0.208749,0.104168,0.256079,0.043506,-0.024024,0.101893,0.050584,0.112559,0.130488,0.240026,0.156068,0.033524,0.316770,0.219089,0.197640,0.144845,0.210070,0.163833,0.106850,0.296758,0.238644,0.087186,0.213226,0.328831,0.030304,0.081667,0.130585,0.275017,0.184094,0.016636,0.282634,0.345145,0.213545,0.223053,0.258929,0.150897,0.118585,0.382143,0.238937,0.049246,0.158179,0.134814,0.217675,0.136841,0.110002,0.235816,0.121191,0.346623,0.147340,0.080750,0.391406,0.290902,0.326673,0.200993,0.302429,0.537079,0.029169,0.174678,0.195763,0.208221,0.410660,0.444423,0.276392,0.147149,0.113897,0.149888,0.141540,0.283242,0.183531,0.206817,0.128190,0.377077,0.159799,0.243981,0.193598,0.302611,0.144078,0.355857,0.116215,0.170079,0.169437,0.286976,0.422711,0.207043,0.080612,0.137738,0.192043,0.138336,0.080456,0.110552,0.216205,0.177742,-0.004783,0.257161,0.145265,0.175011,0.249241,0.129764,0.220294,0.218087,0.268675,0.067578,0.206269,0.203780,0.181294,0.134183,0.192547,0.096960,0.107925,0.112148,0.261919,0.200496,0.155414,0.012049,0.351808,0.045709,0.131737,0.144539,0.266480,0.111808,0.150427,0.275867,0.137506,0.099057,0.119985,0.185883,0.308729,0.113772,0.132301,0.148389,0.458019,0.172305,0.038758,0.160366,0.355684,0.156272,0.069932,0.267605,0.078619,0.143938,0.166724,0.160797,0.186345,0.098467,0.316135,0.212697,0.080157,0.000192,0.133090,0.261262,0.194088,0.224064
30,0.038103,0.212606,0.053115,0.400339,0.202849,0.085782,0.064263,0.144663,0.056046,0.158766,0.231696,0.245735,0.182723,0.033225,0.346586,0.191007,0.103705,0.108707,0.076430,0.062942,0.134385,0.091582,0.075767,0.132153,-0.044787,0.294760,1.000000,0.109301,0.236466,0.078766,0.177389,0.115491,0.042440,0.224250,0.104469,0.142299,0.133923,0.206949,0.085348,-0.009690,0.006591,0.081911,0.187900,0.209911,0.354333,0.215597,0.031283,0.077294,0.206317,0.283343,0.226711,0.196448,0.202381,0.105955,0.138833,0.090026,0.261818,0.019188,0.092425,0.178554,0.179392,0.206741,0.174454,0.082894,0.112943,0.020213,0.097537,0.435502,0.109415,0.181090,0.197616,0.120782,0.018635,0.263993,0.253234,0.246236,0.274784,0.115751,0.159147,0.180552,0.065872,0.340278,0.098271,0.021800,0.122585,0.251139,0.220628,0.163060,0.231817,0.154923,0.250746,-0.038683,-0.022584,0.025933,0.100971,0.173287,0.092686,0.127577,0.243953,0.070927,0.083780,0.096491,0.133746,0.146957,0.108563,0.228073,0.098502,0.288536,0.299708,0.172185,0.127837,0.391787,0.124740,0.083407,0.294791,0.168470,0.144707,0.005582,0.203459,0.314950,0.110099,0.030641,0.110468,0.245419,0.124843,0.232814,0.299580,0.038488,0.154258,0.128823,0.261686,0.169881,0.239717,0.179817,0.111100,0.218269,0.033096,0.152060,0.289528,0.255837,0.140180,0.085031,0.290844,0.296013,0.019385,0.036853,0.371217,0.132763,0.400687,0.321117,0.184319,0.129137,0.094095,0.144950,0.033833,0.253751,0.238779,0.292216,0.189998,0.039403,0.386141,0.216046,0.026420,0.153848,0.038258,0.192654,0.164728,0.061161,0.117003,0.061449,0.291470,-0.015703,0.025534,0.125801,0.154555,0.136584,0.048126,0.152623,0.228793,0.200830,0.019089,0.131592,0.078012,0.318393,0.126953,0.067596,0.200813,0.078444,0.245467,0.121528,0.248595,0.181256,0.149786,0.231806,0.082393,0.006882,0.122298,0.173220,0.075368,0.254673,0.108979,0.098600,0.314149,0.116725,0.107249,0.166342,0.386654,0.084870,0.178005,0.110402,0.147042,0.088869,-0.007307,0.192915,0.206127,0.085739,0.064896,0.105916,0.332972,0.111749,-0.076687,0.113237,0.331665,0.189078,0.068456,0.161995,0.087318,0.127249,0.098305,0.224826,0.161073,0.227434,0.347710,0.223576,-0.011201,0.049613,0.178316,0.223682,0.144806,0.260913
32,0.187791,0.127293,0.397900,0.234641,-0.000645,0.301960,0.346188,0.296901,0.442908,0.384646,0.220031,0.136977,0.094238,0.289772,0.123053,0.360779,0.191905,0.320186,0.418732,0.186943,0.305339,0.206903,0.256060,0.429117,0.437208,0.067951,0.109301,1.000000,0.332751,0.305440,0.155939,0.360685,0.421043,0.094994,0.223796,0.447726,0.038648,0.305154,0.378534,0.366117,0.333238,0.559576,0.160035,0.231704,0.193512,0.381430,0.317683,0.149583,0.186343,-0.019248,0.218658,-0.060760,0.295576,0.157112,0.198383,0.234469,0.162517,0.279814,0.262673,0.399531,0.384237,0.162074,0.284955,0.290122,0.541492,0.178815,0.477768,0.184705,0.381983,0.328546,0.039025,0.388531,0.246136,0.217818,0.211983,0.355654,0.202195,0.032914,0.308554,0.414070,0.511478,0.164390,0.284131,0.232330,0.089426,0.137995,0.071031,0.182458,0.145076,0.095992,0.301031,0.316874,0.219834,0.384882,0.249942,0.087305,0.315546,0.477262,0.102676,0.547673,0.311604,0.227239,0.350474,0.204031,0.188053,0.187600,0.120350,0.252675,0.175455,0.048930,0.261229,0.152335,0.327806,0.384610,0.142403,0.159215,0.444998,0.350696,0.155709,0.025462,0.352768,0.146485,0.305396,0.146570,0.314892,0.176558,0.245420,0.305211,0.243225,0.427190,0.184436,0.088153,0.140695,0.248520,0.281848,0.335062,0.220720,0.307938,0.173021,0.209233,0.196936,0.396003,0.348436,-0.016214,0.256408,0.234745,0.059141,0.392649,0.092886,0.186350,0.323212,0.338458,0.196712,0.211779,0.308733,0.444811,0.268268,0.247480,0.181141,0.193134,0.166143,0.222346,0.169810,0.317476,0.260998,0.226576,0.128391,0.304891,0.269058,0.256982,0.143831,0.232495,0.272045,0.091655,0.225813,0.382975,0.160648,0.204569,0.301904,0.123630,0.254420,0.229314,0.344095,0.125561,0.286682,0.331863,0.322141,0.233304,0.144604,0.107618,0.285101,0.267162,0.509888,0.174576,0.284494,0.367671,0.394471,0.186007,0.163790,0.191102,0.431803,0.114294,0.271122,0.162171,0.400124,0.257427,0.146031,0.485851,0.069355,0.159086,0.207473,0.360952,0.224707,0.341619,0.319152,0.442058,0.454426,0.434519,0.231102,0.249912,0.117186,0.149758,0.020629,0.123934,0.493254,0.286030,0.597847,0.276867,0.138849,0.097381,0.370526,0.254143,0.288093,0.179696,0.305123,0.119329,0.102763,0.242329,-0.091677,0.039946
36,0.297875,0.322653,0.323600,0.438770,0.352809,0.342020,0.185781,0.437552,0.287884,0.437761,0.447863,0.319598,0.265156,0.224765,0.212467,0.433565,0.435923,0.387511,0.295648,0.265989,0.310125,0.341864,0.420576,0.352370,0.330494,0.276953,0.236466,0.332751,1.000000,0.326569,0.327478,0.332157,0.354345,0.213442,0.487985,0.540057,0.162071,0.453965,0.237839,0.187255,0.194939,0.395041,0.271643,0.384122,0.379898,0.523975,0.294036,0.126585,0.552044,0.200743,0.314919,0.058076,0.437140,0.405992,0.180288,0.377140,0.303668,0.256004,0.266331,0.406683,0.217520,0.256792,0.438620,0.227771,0.436728,0.316935,0.433391,0.443733,0.323773,0.332895,0.240084,0.311948,0.294906,0.259666,0.413287,0.448724,0.477849,0.173874,0.414321,0.480892,0.409485,0.302729,0.436746,0.210482,0.322714,0.318684,0.406850,0.367570,0.333027,0.356154,0.339501,0.147639,0.159132,0.160624,0.268058,0.312280,0.400432,0.413464,0.286291,0.261477,0.424046,0.224958,0.394068,0.416304,0.134651,0.274781,0.166595,0.527443,0.389243,0.119035,0.343655,0.342170,0.128371,0.307758,0.281684,0.428328,0.280790,0.132691,0.400945,0.262356,0.400474,0.238601,0.486938,0.297884,0.277860,0.372358,0.396776,0.282981,0.370997,0.403575,0.370901,0.278048,0.196613,0.379968,0.241490,0.573361,0.295575,0.276765,0.388526,0.312444,0.403139,0.311975,0.437091,0.145162,0.287995,0.386138,0.286847,0.413815,0.328100,0.425631,0.471528,0.139055,0.235267,0.399939,0.210327,0.450156,0.207260,0.421907,0.414745,0.293469,0.311733,0.246810,0.265869,0.342261,0.316463,0.349415,0.430328,0.284222,0.254225,0.378899,0.348050,0.340006,0.192213,0.295911,0.390157,0.357323,0.276420,0.383395,0.446537,0.321336,0.126249,0.266407,0.376990,0.314544,0.382569,0.164177,0.521947,0.381731,0.336117,0.158904,0.433526,0.468842,0.437052,0.213368,0.234496,0.215274,0.338392,0.329885,0.220815,0.283649,0.352192,0.328344,0.398547,0.099416,0.323905,0.370904,0.288162,0.343343,0.217562,0.182290,0.275008,0.336134,0.274642,0.437216,0.391482,0.315084,0.402296,0.212073,0.454902,0.116644,0.173916,0.378663,0.242476,0.268605,0.224776,0.393679,0.321736,0.401129,0.262451,0.241818,0.412902,0.447679,0.492935,0.381144,0.230461,0.062234,0.230749,0.420088,0.031883,0.219414
43,0.173686,0.217693,0.384538,0.155402,0.172002,0.391704,0.368128,0.275249,0.247716,0.366605,0.242209,0.282433,0.220449,0.254859,0.159333,0.226250,0.305028,0.218976,0.327475,0.306599,0.288784,0.305714,0.217111,0.348683,0.352686,0.184897,0.078766,0.305440,0.326569,1.000001,0.187256,0.180296,0.212336,0.148259,0.277595,0.423407,0.038083,0.443445,0.180871,0.188571,0.292396,0.376338,0.203903,0.317054,0.197588,0.419753,0.163476,0.263157,0.226772,0.039002,0.388560,0.069238,0.432044,0.125171,0.111163,0.342523,0.224766,0.137455,0.534076,0.503642,0.210450,0.240915,0.285132,0.225952,0.286927,0.245134,0.418811,0.354430,0.537242,0.397421,0.165592,0.294264,0.289664,0.197097,0.200791,0.329971,0.143999,0.109343,0.435236,0.383621,0.363430,0.198733,0.137231,0.151763,0.173340,0.191332,0.107356,0.291161,0.159160,0.284632,0.227290,0.291524,0.288002,0.256851,0.335801,0.230464,0.829232,0.309345,0.192602,0.270747,0.319417,0.160384,0.623219,0.280772,0.186981,0.270394,0.118174,0.283841,0.270663,0.223537,0.234313,0.276102,0.385393,0.370366,0.169883,0.258821,0.401987,0.226287,0.376895,0.132241,0.231533,0.097881,0.262974,0.182023,0.463888,0.202236,0.194738,0.306491,0.164545,0.676020,0.225916,0.159556,0.119620,0.435740,0.605892,0.326677,0.233293,0.192684,0.219519,0.182255,0.284085,0.255395,0.181485,0.084577,0.258340,0.219798,0.093015,0.297532,0.251119,0.176156,0.278681,0.407277,0.420141,0.219989,0.420198,0.158502,0.047742,0.211874,0.285610,0.212582,0.150694,0.135241,0.239355,0.162209,0.361563,0.341282,0.155064,0.153692,0.439772,0.228810,0.161136,0.315525,0.401204,0.215113,0.239007,0.270642,0.247943,0.276250,0.257038,0.214070,0.207156,0.225217,0.469870,0.175200,0.281392,0.308263,0.328985,0.222461,0.115567,0.175222,0.267996,0.332663,0.412744,0.104059,0.186626,0.275514,0.308234,0.279970,0.165167,0.170590,0.282941,0.140505,0.394241,0.343754,0.310215,0.287367,0.067951,0.272058,0.193686,0.235794,0.237012,0.514456,0.179349,0.342162,0.214605,0.619795,0.271988,0.265860,0.203774,0.230737,0.166648,0.239881,0.140474,0.127850,0.390156,0.323866,0.299650,0.236377,0.232399,0.143352,0.307045,0.307999,0.303574,0.196690,0.380646,0.318925,0.207780,0.340820,0.077624,0.240589
46,0.231392,0.219649,0.277117,0.452872,0.449867,0.186051,0.157438,0.251463,0.229807,0.256111,0.503082,0.169318,0.234046,0.243909,0.071496,0.367229,0.247235,0.157763,0.240086,0.223696,0.088993,0.231560,0.385231,0.226487,0.069046,0.180517,0.177389,0.155939,0.327478,0.187256,1.000000,0.110686,0.189252,0.303423,0.475172,0.230060,0.136668,0.244987,0.185660,0.151107,0.147407,0.282463,0.157215,0.248253,0.092046,0.316085,0.061895,0.148422,0.266289,0.052010,0.221470,-0.060830,0.212250,0.162277,0.121354,0.215218,0.193456,0.142302,0.092483,0.309102,0.084761,0.462922,0.277991,0.185166,0.295417,0.307720,0.258308,0.257695,0.264022,0.210219,0.207617,0.139892,0.134963,0.207701,0.207951,0.423008,0.265982,0.444692,0.340348,0.330396,0.161791,0.170991,0.182791,0.092050,0.170811,0.084159,0.272542,0.366263,0.278625,0.275522,0.057063,0.083590,0.055216,0.106182,0.226799,0.475124,0.241408,0.188569,0.285733,0.097971,0.176960,0.130788,0.102848,0.295786,0.085889,0.170965,0.106305,0.475087,0.210215,-0.001216,0.087973,0.120824,0.107123,0.324548,0.256584,0.142747,0.161153,0.110209,0.219026,0.106429,0.150647,0.124001,0.188232,0.215443,0.096143,0.187850,0.448716,0.442063,0.350030,0.115236,0.360226,0.186706,0.316892,0.139318,0.025847,0.459861,0.196884,0.324289,0.202890,0.213376,0.144992,0.101221,0.265571,0.036987,0.168776,0.170802,0.179410,0.280790,0.118483,0.206731,0.465410,0.111497,0.247827,0.130252,0.130827,0.179744,-0.022574,0.361939,0.314599,0.176994,0.348782,0.024804,0.006259,0.282914,0.130190,0.108574,0.238146,0.105651,0.102533,0.178946,0.105367,0.142018,0.018635,0.266164,0.155167,0.270303,0.044106,0.448352,0.314415,0.307164,0.066339,0.141354,0.145130,0.236883,0.137189,0.072380,0.240655,0.103210,0.186935,0.163267,0.389687,0.367299,0.327752,0.286901,0.066150,0.181295,0.194770,0.231057,0.026815,0.291689,0.172856,0.143177,0.366619,0.278267,0.289178,0.318535,0.088612,0.201719,0.079197,0.078706,0.273498,0.092346,0.099366,0.508400,0.283197,0.130804,0.232826,0.131899,0.292000,0.075941,0.113724,0.180191,0.133567,0.142228,0.097337,0.367525,0.172799,0.254152,0.310605,0.130320,0.322181,0.554932,0.325277,0.189046,0.169760,0.039015,0.281316,0.255073,0.076425,0.168680
48,0.175399,0.260632,0.266109,0.250416,0.179164,0.169873,0.091122,0.442680,0.260075,0.348508,0.182588,0.205213,0.257032,0.152769,0.312994,0.447484,0.381942,0.624226,0.359339,0.154245,0.206395,0.193952,0.542219,0.484515,0.196967,0.188551,0.115491,0.360685,0.332157,0.180296,0.110686,1.000000,0.323031,0.205676,0.233048,0.378770,0.137932,0.352384,0.445015,0.545201,0.248377,0.286164,0.282024,0.280258,0.271743,0.429417,0.445648,0.187942,0.401945,0.277030,0.277627,0.133067,0.405726,0.366095,0.089720,0.325557,0.293205,0.584968,0.212803,0.333143,0.431040,0.127771,0.340379,0.218871,0.409043,0.204707,0.329755,0.208128,0.220195,0.348722,0.113622,0.216957,0.413487,0.306775,0.396322,0.272231,0.276430,0.097443,0.323678,0.326682,0.275117,0.330161,0.340360,0.326806,0.335036,0.375992,0.198945,0.280045,0.277993,0.166123,0.380633,0.119683,-0.012464,0.134164,0.231021,0.220768,0.184313,0.439806,0.244299,0.326160,0.582961,0.440312,0.291707,0.294743,0.255757,0.232425,0.051759,0.321304,0.200564,0.165786,0.516696,0.264358,0.179522,0.291444,0.284664,0.404513,0.308792,0.186836,0.256915,0.196123,0.743488,0.284912,0.661993,0.285417,0.177504,0.499276,0.305557,0.087544,0.236550,0.245447,0.244159,0.197070,0.041335,0.342057,0.163280,0.353042,0.074376,0.220791,0.295289,0.316616,0.310320,0.449951,0.466906,0.186360,0.318469,0.654506,0.191404,0.303913,0.257921,0.366404,0.325112,0.219574,0.134692,0.449328,0.095579,0.420628,0.218709,0.412756,0.235803,0.166577,0.192609,0.369430,0.346416,0.552643,0.201550,0.374695,0.148070,0.660452,0.334597,0.194124,0.278565,0.117822,0.133819,-0.031004,0.184961,0.424448,0.263269,0.234136,0.306908,0.254931,0.204645,0.231242,0.235507,0.252831,0.596901,0.384182,0.315417,0.627105,0.260658,0.038560,0.348797,0.289451,0.326022,0.306549,0.306924,0.493928,0.231443,0.232633,0.164615,0.159970,0.301034,0.203773,0.383983,0.015402,0.385373,0.330582,0.244664,0.267513,0.042149,-0.029914,0.274243,0.208272,0.579663,0.269058,0.359874,0.348203,0.252904,0.319576,0.438081,0.312597,0.235892,0.266125,0.207464,0.278627,0.108856,0.468312,0.447941,0.236405,0.234508,0.277112,0.269193,0.226398,0.398092,0.387358,0.134212,0.135697,0.152718,0.183848,0.058819,0.133350
52,0.218525,0.171308,0.458075,0.255398,0.140973,0.221304,0.142076,0.354445,0.297293,0.346347,0.185774,0.172350,0.237303,0.302804,0.187922,0.315323,0.279391,0.493167,0.296526,0.155775,0.211841,0.269855,0.324678,0.502318,0.315311,0.157737,0.042440,0.421043,0.354345,0.212336,0.189252,0.323031,1.000000,0.111316,0.334544,0.514346,0.134669,0.235331,0.248857,0.274306,0.200977,0.414152,0.254447,0.182957,0.169572,0.326859,0.413750,0.160612,0.378606,0.110575,0.318099,0.088972,0.351030,0.097235,0.073006,0.281042,0.244625,0.199804,0.157902,0.326777,0.261746,0.106830,0.337579,0.180649,0.446973,0.204307,0.471154,0.253130,0.289228,0.266883,0.208243,0.203868,0.229098,0.159017,0.296644,0.231245,0.356555,0.078856,0.349131,0.486773,0.406963,0.167196,0.625138,0.197953,0.140179,0.157667,0.185068,0.231206,0.184867,0.162641,0.285298,0.392731,0.121385,0.145381,0.197909,0.146274,0.225009,0.509991,0.173632,0.353967,0.346609,0.168150,0.243553,0.397387,0.223104,0.234190,0.105335,0.322033,0.203145,0.135543,0.333660,0.153931,0.039554,0.325628,0.149892,0.298088,0.312464,0.111794,0.230350,0.176795,0.413435,0.234383,0.465506,0.206662,0.233475,0.375703,0.286419,0.280259,0.231216,0.248599,0.258660,0.147526,0.013484,0.329716,0.117249,0.390139,0.194436,0.240539,0.242378,0.229890,0.344777,0.438448,0.330023,0.111218,0.251986,0.323310,0.150771,0.540238,0.217496,0.296185,0.350198,0.235758,0.232517,0.337962,0.207613,0.347947,0.175710,0.300002,0.209284,0.206321,0.113878,0.240256,0.306737,0.276152,0.257077,0.130030,0.241686,0.275682,0.234571,0.202391,0.246538,0.215338,0.166884,0.169695,0.078933,0.324242,0.271707,0.269982,0.235192,0.305242,0.308266,0.297190,0.267111,0.199874,0.392602,0.329357,0.318249,0.414489,0.200830,0.132957,0.241461,0.276287,0.440083,0.187852,0.270195,0.246242,0.372536,0.189157,0.196710,0.128301,0.391629,0.196819,0.269839,0.135109,0.366070,0.224079,0.181736,0.382611,0.128988,0.227633,0.215198,0.196617,0.264928,0.282192,0.312353,0.306710,0.584970,0.229450,0.311609,0.277300,0.228291,0.269152,0.140135,0.268713,0.287239,0.269797,0.383303,0.245130,0.292228,0.245807,0.383007,0.207799,0.337587,0.344178,0.191200,0.099880,0.247495,0.301263,0.019562,0.208204
55,0.192631,0.253535,0.204320,0.359738,0.251422,0.126060,0.087039,0.131989,0.131661,0.190709,0.369515,0.147272,0.163499,0.079693,0.262734,0.185011,0.181436,0.165584,0.187322,0.093500,0.151574,0.259938,0.273826,0.245885,0.030790,0.151725,0.224250,0.094994,0.213442,0.148259,0.303423,0.205676,0.111316,1.000000,0.222584,0.264663,0.059950,0.143530,0.072569,0.134331,0.062248,0.040340,0.221869,0.148062,0.089457,0.260354,0.182796,0.122308,0.192992,0.218756,0.304359,0.180086,0.275547,0.138446,-0.004777,0.146612,0.321592,0.156213,0.098311,0.258029,0.030676,0.220967,0.291117,0.131398,0.265875,0.178213,0.127000,0.190027,0.204778,0.095128,0.245781,0.069280,0.130252,0.269859,0.396871,0.218039,0.338882,0.105798,0.275933,0.317099,0.105693,0.200717,0.153626,0.061542,0.063087,0.292020,0.231286,0.183594,0.231721,0.171123,0.356472,0.077636,-0.050462,-0.041696,0.036602,0.267361,0.100965,0.286256,0.234479,0.029203,0.171342,0.209240,0.175126,0.372578,0.035572,0.185276,0.100241,0.315431,0.235139,0.191372,0.233482,0.313444,0.013127,0.186538,0.417259,0.247459,0.092638,0.043286,0.259162,0.282589,0.236846,0.075092,0.267429,0.259638,0.079150,0.314674,0.352222,0.142383,0.122110,0.156623,0.264183,0.187632,0.211609,0.197387,0.029011,0.322620,0.097502,0.263000,0.418345,0.395709,0.238586,0.256626,0.237498,0.173330,0.231648,0.190450,0.234877,0.273855,0.250338,0.203025,0.247814,-0.008584,0.109156,0.234680,0.068625,0.227425,0.138639,0.265166,0.272657,0.156024,0.276993,0.318450,0.191693,0.158250,0.132063,0.193801,0.250020,0.099547,0.041154,0.070409,0.361860,0.060815,0.088653,0.122514,0.121904,0.251713,0.127084,0.047039,0.271224,0.339605,0.019974,0.258878,0.054932,0.205181,0.260006,0.106091,0.213203,0.146458,0.301705,0.024804,0.182740,0.279531,0.165592,0.176280,0.182859,0.099857,0.200263,0.177946,0.090893,0.272906,0.109979,0.134111,0.405426,0.011194,0.280418,0.337736,0.190911,0.051462,0.068379,0.046822,0.134946,0.056413,0.205039,0.256555,0.363892,0.186523,0.138113,0.113228,0.335669,0.041646,0.150061,0.129075,0.322335,0.338214,0.000965,0.251367,0.056548,0.217026,0.306555,0.322778,0.274479,0.174815,0.314612,0.215308,0.111763,0.035308,0.258890,0.246890,0.299081,0.251169
56,0.478393,0.334869,0.317678,0.287900,0.556145,0.359006,0.236513,0.430920,0.218792,0.285564,0.472379,0.275032,0.251163,0.305613,0.175519,0.356727,0.453893,0.289660,0.261551,0.324745,0.251170,0.393072,0.543959,0.323767,0.260924,0.229462,0.104469,0.223796,0.487985,0.277595,0.475172,0.233048,0.334544,0.222584,1.000000,0.466873,0.158289,0.322850,0.270295,0.222721,0.298110,0.244515,0.251192,0.303350,0.374026,0.391881,0.313541,0.166975,0.419240,0.149940,0.383554,0.063560,0.355541,0.217834,0.322835,0.343322,0.250172,0.288478,0.208842,0.387130,0.192047,0.335224,0.479645,0.287856,0.312008,0.345054,0.338470,0.396347,0.340160,0.277426,0.377922,0.225320,0.305282,0.135914,0.321332,0.368455,0.367635,0.341831,0.438469,0.363407,0.254352,0.277400,0.296571,0.260771,0.296179,0.202397,0.237135,0.332022,0.348098,0.341873,0.209545,0.103486,0.223061,0.227673,0.367323,0.443353,0.333495,0.347342,0.353126,0.181213,0.395019,0.203017,0.268312,0.366649,0.206697,0.295612,0.182402,0.422427,0.361871,0.079244,0.264123,0.285091,0.085085,0.287538,0.337958,0.261525,0.215322,0.236644,0.303364,0.207464,0.321233,0.221419,0.388773,0.253504,0.254090,0.309146,0.349028,0.384205,0.285437,0.249586,0.324227,0.258359,0.309124,0.356977,0.109386,0.504796,0.340336,0.307885,0.308709,0.185128,0.434204,0.326579,0.309063,0.101970,0.269098,0.339438,0.290519,0.444351,0.344633,0.406260,0.353591,0.202088,0.208461,0.383164,0.238947,0.324953,0.195744,0.397450,0.358143,0.518506,0.312392,0.105388,0.199991,0.327006,0.417356,0.273334,0.347255,0.303772,0.251812,0.351843,0.171648,0.363980,0.180957,0.500597,0.421093,0.319372,0.182525,0.402943,0.310014,0.297991,0.122552,0.364030,0.252279,0.261952,0.399502,0.149028,0.313443,0.329310,0.193732,0.195942,0.341188,0.471909,0.422169,0.225961,0.173913,0.326196,0.350739,0.284299,0.262586,0.263637,0.258134,0.318445,0.352243,0.258268,0.300099,0.379865,0.167467,0.291374,0.281030,0.238493,0.327083,0.191977,0.264283,0.414437,0.287325,0.268531,0.393708,0.167598,0.335681,0.077504,0.257662,0.310172,0.214388,0.226825,0.110252,0.403844,0.270725,0.484333,0.290584,0.225031,0.284510,0.523159,0.423462,0.338737,0.421248,-0.036644,0.357907,0.360488,0.068126,0.295654
59,0.314959,0.312148,0.541391,0.344773,0.319982,0.335530,0.257101,0.459758,0.402472,0.455403,0.390556,0.188045,0.255473,0.386314,0.316186,0.383270,0.413733,0.453071,0.377829,0.177408,0.373282,0.420840,0.461631,0.652428,0.481694,0.292529,0.142299,0.447726,0.540057,0.423407,0.230060,0.378770,0.514346,0.264663,0.466873,1.000000,0.145475,0.394364,0.282954,0.299428,0.275142,0.525994,0.288827,0.256099,0.325202,0.468880,0.478155,0.086138,0.407084,0.196761,0.510151,0.171833,0.542787,0.305064,0.153884,0.399160,0.269456,0.301182,0.344913,0.476746,0.277395,0.236587,0.462464,0.176272,0.473702,0.237918,0.607782,0.369919,0.329376,0.283591,0.297831,0.375818,0.403970,0.324373,0.383434,0.419215,0.413273,0.170588,0.483134,0.545256,0.707325,0.225656,0.375887,0.291979,0.298938,0.332803,0.322762,0.274064,0.365432,0.204569,0.492204,0.266671,0.273950,0.226325,0.273195,0.303295,0.403903,0.553282,0.312348,0.476442,0.549214,0.218030,0.498169,0.440464,0.295110,0.312160,0.151062,0.366719,0.377668,0.186144,0.366248,0.336300,0.173204,0.476126,0.313028,0.352090,0.569568,0.197249,0.333971,0.300298,0.486546,0.323050,0.546566,0.295663,0.439031,0.500995,0.352460,0.366937,0.300645,0.461382,0.423277,0.273786,0.239837,0.535976,0.330616,0.514731,0.313948,0.347679,0.352950,0.328921,0.522062,0.465352,0.438081,0.149419,0.255009,0.432249,0.249051,0.474065,0.319983,0.412187,0.364048,0.261999,0.280556,0.424374,0.208092,0.503316,0.265485,0.399124,0.360330,0.288074,0.196618,0.353029,0.320427,0.413894,0.467335,0.395014,0.331928,0.374439,0.294839,0.323010,0.360166,0.277683,0.323952,0.183193,0.189964,0.423643,0.290014,0.268270,0.337833,0.352194,0.292697,0.461594,0.484201,0.275834,0.497586,0.443457,0.446133,0.459846,0.254064,0.197152,0.310366,0.409919,0.617091,0.204618,0.369098,0.402505,0.497900,0.262205,0.412335,0.263874,0.495321,0.237089,0.438306,0.224346,0.444995,0.415111,0.274048,0.492724,0.204964,0.258710,0.243277,0.408736,0.337587,0.408521,0.411525,0.452239,0.576838,0.339164,0.447945,0.303879,0.286126,0.278045,0.300061,0.328877,0.337364,0.456510,0.513779,0.548423,0.454437,0.295803,0.519602,0.310589,0.489077,0.419782,0.315143,0.129394,0.259503,0.424384,0.063986,0.303993
60,0.062448,0.276744,0.056400,0.173470,0.140421,0.133485,0.087108,0.194223,0.104382,0.144693,0.035042,0.121736,0.157838,0.048686,0.290093,0.181379,0.206941,0.143819,0.108471,-0.018457,0.130189,0.244202,0.204078,0.083150,0.061323,0.092616,0.133923,0.038648,0.162071,0.038083,0.136668,0.137932,0.134669,0.059950,0.158289,0.145475,1.000000,0.273726,0.171763,-0.012905,0.050396,0.142419,0.215210,0.261213,0.244328,0.268496,0.046771,0.353009,0.177742,0.207279,0.093822,0.144829,0.252015,0.150517,0.030875,0.175929,0.128273,0.069618,0.040735,0.094915,0.037259,0.063895,0.105877,0.077742,0.060491,0.162990,0.113775,0.158595,0.184605,0.219695,0.161021,0.120882,0.151420,0.239774,0.297917,0.118013,0.207778,0.163553,0.117862,0.174701,0.156198,0.315612,0.070139,0.048685,0.101613,0.103679,0.145423,0.230790,0.366350,0.147846,0.083286,-0.006697,-0.007002,0.001985,0.159008,0.259520,0.089825,0.103397,0.228925,0.013440,0.139950,0.074042,0.103709,0.094121,0.133795,0.246387,-0.014865,0.295312,0.164927,0.227875,-0.018733,0.237654,-0.026638,0.070891,0.226706,0.149851,0.128915,-0.055337,0.108751,0.194048,0.084431,0.123778,0.119066,0.418153,0.202783,0.210799,0.165189,0.096223,0.092076,0.148237,0.140778,0.304288,0.109392,0.280800,0.077175,0.161257,0.132095,0.012102,0.121180,0.089295,0.162364,0.133253,0.221751,0.154993,0.084312,0.016082,0.272405,0.094244,0.272188,0.272940,0.155390,0.113415,0.045070,0.132037,0.036545,0.211073,0.078390,0.213118,0.193832,0.096381,0.173494,0.068326,0.065616,0.207430,0.126419,0.135673,0.062735,0.071520,0.095817,0.198178,0.174630,0.065721,0.083595,0.045752,0.051752,0.153261,0.116156,0.169286,0.139983,0.263355,0.025916,0.023642,0.151204,0.278646,0.036474,-0.004308,0.244385,0.152013,0.170741,0.226292,0.281252,0.221331,0.149478,0.309968,0.075886,0.066940,0.121797,0.179523,0.113152,0.127890,0.072365,-0.077003,0.176196,0.065633,0.102699,0.227891,0.091327,0.100030,0.113673,-0.006694,0.148446,0.160154,0.088059,0.163048,0.156263,0.155469,0.124965,0.016795,0.302324,0.186681,0.083364,0.104626,0.195589,0.067785,0.131228,0.141076,0.036976,0.174899,0.162945,0.059603,0.133319,0.196971,0.282486,0.211768,0.015484,0.057533,0.257394,0.144227,0.066887,0.215632
61,0.142412,0.401887,0.378587,0.293403,0.234176,0.352638,0.311107,0.449169,0.444281,0.548201,0.305869,0.461805,0.374401,0.315924,0.193924,0.395537,0.286846,0.349627,0.366813,0.353346,0.352757,0.381327,0.383184,0.339908,0.288649,0.160657,0.206949,0.305154,0.453965,0.443445,0.244987,0.352384,0.235331,0.143530,0.322850,0.394364,0.273726,1.000000,0.241531,0.238033,0.239503,0.299332,0.506719,0.596045,0.278816,0.527219,0.223659,0.392575,0.341215,0.210579,0.271671,0.046298,0.428273,0.394249,0.119846,0.580424,0.247936,0.249417,0.415623,0.478448,0.248509,0.268285,0.406108,0.254326,0.314417,0.425463,0.365289,0.489776,0.416692,0.375920,0.162577,0.399974,0.240709,0.252647,0.303901,0.446787,0.222685,0.213325,0.381906,0.385798,0.342185,0.578486,0.191904,0.206638,0.254769,0.328414,0.215040,0.490892,0.480414,0.505552,0.203097,0.135741,0.242944,0.138568,0.516095,0.376679,0.475495,0.374904,0.431166,0.300137,0.390358,0.263185,0.487784,0.310851,0.290372,0.378231,0.172042,0.334847,0.418102,0.258736,0.285079,0.442922,0.266867,0.366932,0.309126,0.356954,0.263642,0.143241,0.540004,0.280926,0.374183,0.175316,0.416484,0.427550,0.421745,0.410864,0.359628,0.310598,0.350483,0.400423,0.310455,0.349496,0.198599,0.446652,0.452935,0.430621,0.274849,0.179851,0.263298,0.268149,0.290756,0.374665,0.416845,0.142320,0.400647,0.299091,0.253873,0.299122,0.266100,0.404431,0.300556,0.261571,0.308558,0.404921,0.336469,0.317185,0.073571,0.532999,0.525495,0.173501,0.365344,0.213123,0.285154,0.380450,0.342600,0.297615,0.252596,0.300791,0.391166,0.261774,0.197531,0.259453,0.265012,0.132010,0.292785,0.480816,0.257598,0.449404,0.340403,0.345638,0.205782,0.214004,0.456845,0.269030,0.331359,0.237162,0.428156,0.370957,0.257211,0.395179,0.534171,0.368629,0.385039,0.266483,0.282838,0.278987,0.392502,0.553750,0.249131,0.281880,0.374946,0.316537,0.402820,0.227677,0.400336,0.489490,0.137205,0.369207,0.136731,0.106085,0.359894,0.443506,0.330958,0.420733,0.324374,0.453208,0.226982,0.369876,0.388112,0.211531,0.311119,0.273610,0.265009,0.220551,0.226861,0.327103,0.412942,0.360387,0.265486,0.206896,0.297634,0.544302,0.460753,0.306585,0.194897,0.184661,0.218035,0.373136,-0.012064,0.232268
67,0.093136,0.153983,0.337241,0.152329,0.261390,0.400047,0.275428,0.230654,0.138013,0.287737,0.147861,0.084478,0.114052,0.217296,0.201570,0.347190,0.352705,0.333772,0.284696,0.196327,0.331263,0.175124,0.437661,0.283209,0.175477,0.137035,0.085348,0.378534,0.237839,0.180871,0.185660,0.445015,0.248857,0.072569,0.270295,0.282954,0.171763,0.241531,1.000000,0.483377,0.362926,0.335685,0.228738,0.210093,0.256027,0.300403,0.182113,0.135163,0.223626,0.080922,0.139953,0.011376,0.282450,0.313913,0.133365,0.258352,0.149603,0.458655,0.264857,0.264899,0.359721,0.127349,0.251151,0.374231,0.397327,0.110064,0.300326,0.208135,0.381323,0.414123,0.145286,0.325113,0.322412,0.159332,0.177203,0.224192,0.128127,0.155551,0.349375,0.293070,0.198140,0.235607,0.204037,0.314617,0.236038,0.110233,0.083049,0.223955,0.227420,0.140622,0.173692,0.223048,0.092574,0.360697,0.223892,0.156059,0.234460,0.234480,0.211139,0.334203,0.336278,0.347822,0.275675,0.139702,0.167338,0.148399,0.034908,0.219823,0.228844,0.103837,0.296723,0.110121,0.220309,0.191247,0.262975,0.089813,0.283756,0.173103,0.094588,0.062101,0.407449,0.446443,0.343812,0.135944,0.408695,0.199737,0.132991,0.131408,0.257463,0.279386,0.233570,0.172382,0.152127,0.293381,0.242349,0.300835,0.286539,0.164679,0.063627,0.219936,0.295663,0.185083,0.341889,0.056055,0.171918,0.285638,0.148839,0.383235,0.130047,0.291896,0.281005,0.291606,0.184446,0.188283,0.233867,0.375030,0.161756,0.302895,0.225080,0.177500,0.112293,0.096203,0.038099,0.543751,0.283166,0.203032,0.278544,0.502369,0.553313,0.139388,0.088169,0.179659,0.292679,0.112732,0.166824,0.273638,0.179625,0.213226,0.225664,0.169507,0.152032,0.290970,0.246418,0.194586,0.284528,0.207404,0.254308,0.407162,0.096041,0.164955,0.298109,0.226271,0.279306,0.156221,0.156834,0.436883,0.231874,0.179172,0.137494,0.216858,0.143267,0.086953,0.191809,0.244141,0.281663,0.205612,0.121654,0.211779,0.165469,0.090883,0.306921,0.291380,0.306252,0.299567,0.237128,0.348864,0.301925,0.278833,0.358589,0.215028,0.139037,0.215146,0.088140,0.088763,0.216572,0.513503,0.324721,0.239125,0.193889,0.107806,0.134948,0.183580,0.266101,0.179662,0.283611,0.092115,0.212655,0.202511,-0.027729,0.144319
73,0.082633,0.147421,0.444436,0.134925,0.161117,0.191343,0.314507,0.250782,0.323824,0.307148,0.194144,0.105547,0.150347,0.414743,0.098360,0.360174,0.238763,0.378843,0.410103,0.300373,0.133869,0.164217,0.457635,0.413154,0.203084,0.068885,-0.009690,0.366117,0.187255,0.188571,0.151107,0.545201,0.274306,0.134331,0.222721,0.299428,-0.012905,0.238033,0.483377,1.000000,0.392602,0.263544,0.221757,0.163444,0.092118,0.275079,0.308040,0.104389,0.207256,0.032513,0.114874,0.008032,0.194752,0.208535,0.133641,0.252309,0.131333,0.494996,0.200391,0.293559,0.382803,0.185745,0.245107,0.271596,0.305290,0.199289,0.319593,0.115952,0.254927,0.260207,0.073613,0.227116,0.309354,0.124997,0.160856,0.252895,0.025896,0.223166,0.265390,0.213591,0.257074,0.088375,0.144806,0.440733,0.317713,0.235838,-0.007703,0.239311,0.165097,0.177626,0.248995,0.226905,0.111542,0.249947,0.242067,0.205676,0.190946,0.275997,0.198311,0.392538,0.442640,0.505978,0.251461,0.234327,0.236971,0.187398,0.145858,0.229011,0.101707,0.128359,0.430136,0.052501,0.324342,0.422407,0.098993,0.155696,0.252796,0.379951,0.148138,0.020142,0.571860,0.300812,0.409174,0.139547,0.275939,0.200033,0.254715,0.248228,0.240873,0.194132,0.352871,0.146393,0.143900,0.208809,0.135013,0.268011,0.217028,0.312635,0.105329,0.182766,0.083824,0.234022,0.371098,-0.013125,0.232321,0.406858,0.048208,0.225298,0.053638,0.199406,0.264921,0.273222,0.301494,0.227626,0.190216,0.231058,0.146060,0.287007,0.217857,0.039632,0.087155,0.187677,0.065967,0.480869,0.226452,0.208225,0.210557,0.569261,0.383468,0.068476,0.011758,0.045977,0.184310,0.070932,0.132394,0.400708,0.166756,0.239317,0.170944,0.191033,0.305210,0.233770,0.177636,0.107340,0.349384,0.323810,0.203632,0.465731,0.097260,0.013950,0.287815,0.207513,0.318072,0.140831,0.224508,0.541231,0.316656,0.147451,0.029811,0.135950,0.305801,0.090595,0.256627,0.221973,0.432858,0.226476,0.148458,0.311209,0.069012,0.022020,0.276601,0.220049,0.373770,0.295565,0.260009,0.337746,0.258102,0.332395,0.247296,0.288366,0.196335,0.180676,0.064137,0.102559,0.213817,0.385502,0.470435,0.222240,0.340167,0.117995,0.242699,0.204495,0.203337,0.142406,0.326663,0.100491,0.167587,0.115010,0.016267,0.103543
75,0.049375,0.175034,0.349183,0.073286,0.107874,0.357815,0.549483,0.303759,0.337043,0.321582,0.120517,0.189818,0.193625,0.345832,0.058312,0.278643,0.159980,0.176505,0.299192,0.313305,0.316517,0.184790,0.370043,0.313357,0.123815,-0.023962,0.006591,0.333238,0.194939,0.292396,0.147407,0.248377,0.200977,0.062248,0.298110,0.275142,0.050396,0.239503,0.362926,0.392602,1.000000,0.384030,0.228022,0.208667,0.181331,0.265210,0.211195,0.180914,0.072026,0.032302,0.150766,-0.007631,0.211710,0.170326,0.049972,0.273903,0.061199,0.286776,0.235461,0.331185,0.162870,0.170548,0.305208,0.218748,0.203519,0.163933,0.295874,0.163450,0.366764,0.227445,0.124295,0.347796,0.410903,0.051134,-0.001027,0.247360,0.012230,0.093067,0.235135,0.207905,0.379559,0.114734,0.054445,0.274885,0.199568,0.090777,-0.006415,0.255437,0.164714,0.154833,0.077274,0.113899,0.487657,0.451828,0.280491,0.193576,0.343814,0.251770,0.177951,0.360964,0.266522,0.206693,0.356725,0.122437,0.193281,0.152920,0.181229,0.136966,0.163728,0.029713,0.136531,0.076410,0.382858,0.257848,0.159396,0.095516,0.362440,0.548851,0.091150,0.035413,0.243696,0.171678,0.249142,0.164121,0.394604,0.098263,0.222697,0.412714,0.166751,0.287942,0.200472,0.067065,0.152982,0.398228,0.261580,0.265492,0.241894,0.154702,-0.000001,0.047606,0.133111,0.112579,0.213641,0.013276,0.221650,0.323229,0.025771,0.299799,-0.012165,0.167682,0.255720,0.487603,0.305141,0.182685,0.201177,0.179502,0.014714,0.234455,0.201809,0.017138,0.148985,0.064435,0.035695,0.270704,0.476895,0.184212,0.169615,0.372416,0.390570,0.114581,-0.003975,0.196162,0.283502,0.167809,0.188753,0.318022,0.156001,0.292466,0.216989,0.125707,0.124290,0.099320,0.472056,0.087433,0.252951,0.267033,0.239297,0.263304,0.003866,0.092456,0.337779,0.235499,0.362518,0.068571,0.081300,0.447291,0.272089,0.166538,0.228997,0.145272,0.258562,0.163137,0.238910,0.349827,0.314425,0.167830,-0.009376,0.301670,0.189328,0.049236,0.193973,0.309674,0.193615,0.305914,0.139326,0.330907,0.307600,0.289153,0.086041,0.245484,0.149696,0.105849,0.036920,0.033318,0.171613,0.252519,0.447682,0.420001,0.166992,0.073050,0.227493,0.233172,0.243166,0.136077,0.327533,0.100883,0.148585,0.140734,0.029015,0.094536
77,0.089020,0.142476,0.444135,0.275620,0.153562,0.246551,0.258178,0.322705,0.398723,0.398141,0.289788,0.129273,0.079209,0.356598,0.120463,0.420014,0.266019,0.356345,0.339278,0.151534,0.277231,0.251744,0.334460,0.496839,0.407190,0.126204,0.081911,0.559576,0.395041,0.376338,0.282463,0.286164,0.414152,0.040340,0.244515,0.525994,0.142419,0.299332,0.335685,0.263544,0.384030,1.000000,0.153370,0.135353,0.145679,0.372504,0.309798,0.108307,0.278562,0.094724,0.319922,-0.031039,0.334637,0.260014,0.088703,0.263336,0.138224,0.172654,0.250861,0.399048,0.284796,0.177070,0.325092,0.149499,0.443748,0.159138,0.537936,0.283950,0.307494,0.298100,0.134933,0.358141,0.314819,0.164978,0.207260,0.336813,0.244402,0.065674,0.330913,0.383302,0.592020,0.110062,0.289921,0.111570,0.133575,0.090692,0.192074,0.218976,0.220964,0.114952,0.239098,0.320623,0.388699,0.268732,0.209192,0.173343,0.382751,0.428735,0.136936,0.441325,0.385381,0.127561,0.398277,0.270443,0.152742,0.202191,0.045886,0.271699,0.211042,0.052855,0.176106,0.088668,0.241138,0.404706,0.179098,0.196098,0.499253,0.218865,0.126653,0.115699,0.322863,0.206205,0.346956,0.126105,0.342409,0.236445,0.314795,0.351206,0.294542,0.431365,0.281118,0.085898,0.080335,0.330667,0.293973,0.380103,0.192351,0.262398,0.187826,0.259236,0.248984,0.273790,0.298026,0.021460,0.218109,0.324751,0.116203,0.378461,0.118427,0.171398,0.395367,0.296136,0.252197,0.203789,0.223596,0.378323,0.096105,0.257862,0.220037,0.062010,0.152803,0.153887,0.196005,0.337908,0.306195,0.261523,0.189404,0.275798,0.362550,0.206550,0.164267,0.233817,0.185041,0.086775,0.118816,0.326481,0.230940,0.269489,0.240004,0.170088,0.215151,0.168416,0.440500,0.180624,0.289728,0.398544,0.372247,0.288197,0.150588,0.137545,0.269536,0.297960,0.533874,0.168961,0.155404,0.299158,0.361704,0.159219,0.205604,0.167031,0.426614,0.149718,0.269753,0.230761,0.408331,0.245067,0.133939,0.433397,0.130842,0.142567,0.266499,0.321549,0.167178,0.363246,0.295269,0.408944,0.509535,0.328518,0.231111,0.337748,0.157573,0.236777,0.115321,0.143617,0.470816,0.360897,0.480869,0.405876,0.318424,0.133490,0.431408,0.249606,0.272333,0.265370,0.191273,0.148347,0.150692,0.247191,-0.023714,0.118114
84,0.081787,0.542958,0.206922,0.311887,0.223094,0.216111,0.247363,0.379296,0.260235,0.366355,0.223833,0.314038,0.430294,0.191281,0.274829,0.360435,0.239262,0.308868,0.225349,0.179109,0.164710,0.484909,0.432413,0.280181,0.103197,0.131104,0.187900,0.160035,0.271643,0.203903,0.157215,0.282024,0.254447,0.221869,0.251192,0.288827,0.215210,0.506719,0.228738,0.221757,0.228022,0.153370,1.000000,0.519358,0.186759,0.409938,0.227259,0.293248,0.245699,0.307135,0.230149,0.129230,0.388669,0.316647,0.127859,0.475075,0.304533,0.181861,0.179920,0.391225,0.110600,0.241365,0.460140,0.186521,0.208677,0.263426,0.207397,0.324907,0.228635,0.226603,0.306111,0.180137,0.228005,0.184503,0.303921,0.347046,0.211102,0.322492,0.423870,0.285399,0.163692,0.489192,0.157286,0.240894,0.299527,0.247627,0.220721,0.423741,0.646107,0.396529,0.244391,0.015403,0.069063,0.102517,0.349068,0.484298,0.184904,0.257494,0.588256,0.194315,0.335396,0.244232,0.317602,0.300959,0.168304,0.492702,0.169989,0.310715,0.334110,0.395932,0.255036,0.347391,0.115333,0.246590,0.286689,0.293578,0.124617,0.105758,0.408776,0.242503,0.337024,0.224864,0.390978,0.391721,0.357836,0.367988,0.386071,0.175588,0.405148,0.208475,0.296605,0.496504,0.210847,0.475739,0.256579,0.320369,0.186661,0.136930,0.248193,0.186232,0.256032,0.267660,0.350196,0.203791,0.335850,0.276420,0.315582,0.225028,0.264084,0.445637,0.275298,0.239240,0.187129,0.357756,0.134479,0.148104,0.054632,0.533429,0.432566,0.051901,0.363848,0.254272,0.197867,0.369832,0.264440,0.370324,0.217102,0.349126,0.296946,0.125169,0.182475,0.111471,0.131325,0.201624,0.214567,0.412866,0.279880,0.400560,0.272060,0.436260,0.205649,0.148246,0.283395,0.274183,0.277689,0.191817,0.309490,0.342835,0.285761,0.303518,0.528750,0.392623,0.271629,0.356545,0.218810,0.302831,0.268307,0.453029,0.203222,0.323975,0.288778,0.294595,0.404868,0.194038,0.336859,0.394799,0.136730,0.168790,0.161743,0.134701,0.361240,0.260614,0.268491,0.415739,0.301429,0.269832,0.108053,0.272750,0.387119,0.173777,0.373277,0.250178,0.272683,0.337453,0.034494,0.366695,0.362904,0.304693,0.198015,0.322606,0.291449,0.387049,0.457722,0.325445,0.102201,0.160864,0.416768,0.362490,0.118418,0.343310
87,0.159443,0.399861,0.184248,0.256803,0.216106,0.332381,0.231650,0.444485,0.380755,0.466529,0.289724,0.513288,0.358567,0.184121,0.181717,0.365248,0.258322,0.242501,0.330102,0.371273,0.268672,0.363792,0.380789,0.179761,0.123640,0.138631,0.209911,0.231704,0.384122,0.317054,0.248253,0.280258,0.182957,0.148062,0.303350,0.256099,0.261213,0.596045,0.210093,0.163444,0.208667,0.135353,0.519358,1.000000,0.294279,0.452721,0.166475,0.445663,0.258454,0.137394,0.223479,0.028570,0.350673,0.265473,0.131033,0.663768,0.221802,0.176456,0.263486,0.423061,0.180209,0.298107,0.327276,0.238669,0.251627,0.439489,0.262826,0.399810,0.305486,0.230010,0.178527,0.231543,0.253881,0.205168,0.182040,0.363457,0.194803,0.220165,0.382721,0.309077,0.174934,0.533196,0.128199,0.284178,0.307063,0.219443,0.235203,0.506073,0.411306,0.558875,0.078942,0.022494,0.081207,0.089115,0.486781,0.381612,0.305245,0.256800,0.407854,0.192754,0.303539,0.208171,0.408926,0.233496,0.229345,0.363526,0.137137,0.323933,0.380545,0.250891,0.176925,0.444073,0.099318,0.204148,0.221496,0.285255,0.144956,0.075746,0.618093,0.211244,0.289515,0.189778,0.328411,0.344195,0.330581,0.293331,0.329156,0.251626,0.314501,0.269060,0.163175,0.403705,0.160113,0.341276,0.291335,0.409884,0.287460,0.145164,0.186836,0.098442,0.229107,0.250147,0.299215,0.078421,0.433255,0.208575,0.256490,0.237758,0.236516,0.273988,0.358252,0.244602,0.158515,0.293622,0.154864,0.163658,0.068611,0.424352,0.450982,0.178233,0.340893,0.102137,0.205032,0.333898,0.263957,0.305509,0.201234,0.223052,0.263471,0.196012,0.096779,0.225720,0.177709,0.221918,0.287286,0.439709,0.161365,0.453647,0.400252,0.318543,0.179503,0.119235,0.353794,0.207357,0.226997,0.196726,0.300605,0.293310,0.192677,0.482079,0.469839,0.389043,0.251754,0.203916,0.151251,0.290892,0.344745,0.702128,0.170828,0.224309,0.316688,0.282268,0.329798,0.177067,0.315643,0.477154,0.092509,0.275181,0.156915,0.121073,0.271555,0.352264,0.283286,0.487027,0.224159,0.338021,0.146409,0.271947,0.260234,0.138230,0.278184,0.236036,0.130500,0.137658,0.102716,0.240055,0.342403,0.285008,0.159701,0.121859,0.176824,0.502651,0.464055,0.165124,0.130031,0.048525,0.247826,0.344512,-0.059833,0.155326
91,0.272765,0.227248,0.200328,0.225769,0.339466,0.195213,0.182431,0.382827,0.165949,0.285503,0.210490,0.260482,0.167395,0.140055,0.346106,0.284955,0.262715,0.186936,0.125600,0.143493,0.322818,0.211576,0.245439,0.254232,0.083102,0.252894,0.354333,0.193512,0.379898,0.197588,0.092046,0.271743,0.169572,0.089457,0.374026,0.325202,0.244328,0.278816,0.256027,0.092118,0.181331,0.145679,0.186759,0.294279,1.000000,0.370010,0.204978,0.132969,0.220392,0.219718,0.259165,0.167318,0.357704,0.190207,0.308119,0.172719,0.328953,0.191442,0.238537,0.288672,0.271494,0.147864,0.312527,0.153003,0.176198,0.171824,0.274598,0.382715,0.227587,0.332112,0.182699,0.261709,0.166141,0.219873,0.297466,0.185149,0.275920,0.068791,0.241487,0.361366,0.182212,0.302553,0.226684,0.155328,0.254759,0.380040,0.174292,0.197771,0.237821,0.170963,0.255805,0.015751,0.073724,0.315766,0.220802,0.213157,0.222738,0.259701,0.232737,0.080855,0.336717,0.177354,0.270564,0.167538,0.276719,0.206271,0.075483,0.270913,0.321621,0.103818,0.190373,0.426327,0.116109,0.150280,0.285539,0.351098,0.220861,0.102608,0.204848,0.250171,0.240046,0.118240,0.258876,0.245144,0.216740,0.355146,0.201139,0.039006,0.116982,0.242422,0.233293,0.229433,0.112692,0.401908,0.178258,0.347169,0.344010,0.157728,0.294248,0.216384,0.349516,0.231939,0.341980,0.219507,0.114900,0.183455,0.341679,0.250373,0.473038,0.508578,0.216730,0.313387,0.113182,0.274324,0.154282,0.408718,0.421833,0.405331,0.173764,0.240484,0.237447,0.214506,0.132250,0.341885,0.317630,0.238222,0.263478,0.307689,0.323097,0.281279,0.216914,0.141506,0.214972,0.187633,0.400994,0.253109,0.209659,0.209635,0.215171,0.253736,0.042507,0.275687,0.260187,0.218654,0.292157,0.090583,0.315266,0.270391,0.142857,0.088623,0.295571,0.263335,0.270919,0.197950,0.237894,0.201908,0.244511,0.210036,0.271654,0.165047,0.185248,0.148586,0.280415,0.146740,0.128975,0.279953,0.454143,0.235233,0.266326,0.246053,0.139931,0.255925,0.117892,0.193094,0.252620,0.265068,0.150181,0.223657,0.358472,0.181478,0.143918,0.279729,0.215053,0.255955,0.071637,0.309320,0.207430,0.305509,0.220636,0.208209,0.169857,0.255875,0.422669,0.284170,0.288072,0.191516,0.184195,0.218578,0.096131,0.252453
94,0.328980,0.426560,0.285843,0.422589,0.254079,0.380627,0.354152,0.629679,0.276931,0.582046,0.498346,0.358969,0.281755,0.223028,0.359147,0.472766,0.400992,0.393152,0.462575,0.181754,0.332597,0.460970,0.432360,0.428010,0.276917,0.282223,0.215597,0.381430,0.523975,0.419753,0.316085,0.429417,0.326859,0.260354,0.391881,0.468880,0.268496,0.527219,0.300403,0.275079,0.265210,0.372504,0.409938,0.452721,0.370010,1.000000,0.290848,0.268882,0.528286,0.289063,0.395934,0.139164,0.619314,0.409736,0.131213,0.445065,0.396498,0.303981,0.387528,0.552405,0.335482,0.184599,0.575225,0.374460,0.493736,0.285324,0.372467,0.477550,0.441383,0.442869,0.229010,0.431456,0.448885,0.440572,0.470535,0.484748,0.473440,0.145820,0.393502,0.511819,0.362165,0.464082,0.361231,0.170076,0.227752,0.444029,0.369923,0.459965,0.441934,0.283569,0.328555,0.087426,0.131976,0.226999,0.400535,0.336552,0.426985,0.506141,0.352032,0.336145,0.525031,0.347313,0.495974,0.386349,0.316951,0.367720,0.201473,0.501092,0.494985,0.200513,0.228376,0.419342,0.283048,0.263651,0.477791,0.442127,0.329039,0.227366,0.352190,0.395702,0.455320,0.171154,0.504120,0.343354,0.465366,0.537436,0.515242,0.351760,0.320435,0.534278,0.301297,0.276247,0.220716,0.572020,0.439557,0.608308,0.354611,0.252363,0.449304,0.346365,0.433686,0.360257,0.470666,0.267881,0.403984,0.351990,0.288432,0.435665,0.346113,0.510071,0.569693,0.309990,0.306515,0.420328,0.310642,0.480671,0.268990,0.505810,0.439399,0.300147,0.401092,0.401739,0.300878,0.485065,0.414766,0.393215,0.365158,0.304686,0.325868,0.392129,0.326779,0.295200,0.313969,0.201029,0.324736,0.558468,0.264565,0.362190,0.540831,0.397191,0.137361,0.252447,0.498273,0.323978,0.362216,0.318719,0.562727,0.366046,0.376814,0.159667,0.492024,0.511731,0.402640,0.292508,0.248376,0.282102,0.364316,0.431565,0.309638,0.303580,0.439253,0.278186,0.509055,0.130795,0.430177,0.453511,0.272869,0.344376,0.204634,0.250010,0.346659,0.527496,0.326962,0.409524,0.542339,0.508008,0.269420,0.384612,0.492200,0.345753,0.247764,0.314278,0.402206,0.345508,0.288504,0.430404,0.392236,0.377462,0.272870,0.277617,0.344491,0.399509,0.568866,0.395251,0.205102,0.190005,0.197861,0.380323,0.092667,0.185623
99,0.315939,0.273849,0.408981,0.209884,0.229443,0.115748,0.078054,0.321917,0.311134,0.299983,0.185914,0.190417,0.185077,0.230466,0.195441,0.211171,0.267440,0.523650,0.348020,0.225943,0.146376,0.220300,0.356370,0.555951,0.371383,0.153983,0.031283,0.317683,0.294036,0.163476,0.061895,0.445648,0.413750,0.182796,0.313541,0.478155,0.046771,0.223659,0.182113,0.308040,0.211195,0.309798,0.227259,0.166475,0.204978,0.290848,1.000000,0.059123,0.246300,0.198698,0.339929,0.197582,0.315298,0.085243,0.084235,0.318922,0.249663,0.265294,0.117709,0.305132,0.304559,0.141191,0.315321,0.076365,0.299843,0.304570,0.369691,0.237034,0.196149,0.174418,0.281099,0.042133,0.315146,0.209396,0.345608,0.230651,0.230307,0.118652,0.212075,0.336620,0.343949,0.131886,0.373267,0.231374,0.195909,0.315900,0.135704,0.238772,0.197353,0.154398,0.484791,0.286757,0.139636,0.065637,0.262345,0.160764,0.133506,0.540215,0.151019,0.258609,0.437925,0.222362,0.197902,0.469417,0.197573,0.182960,0.104019,0.247144,0.237986,0.088896,0.569594,0.287058,0.026141,0.267125,0.153086,0.434381,0.342021,0.176538,0.212571,0.255698,0.575266,0.215610,0.577978,0.186397,0.196731,0.502754,0.220036,0.088856,0.158019,0.208875,0.279876,0.175466,0.086644,0.292633,0.100257,0.288696,0.104465,0.287591,0.373009,0.174768,0.411703,0.637132,0.375867,0.216351,0.324843,0.474089,0.253588,0.311989,0.225001,0.285646,0.172611,0.213555,0.185445,0.574449,0.119838,0.340387,0.296947,0.263898,0.282796,0.233919,0.127380,0.424899,0.539721,0.249179,0.247802,0.222680,0.205943,0.343028,0.163175,0.205493,0.311105,0.138744,0.126353,0.091909,0.170687,0.265344,0.302179,0.138150,0.166808,0.241505,0.254491,0.413898,0.096642,0.235639,0.608977,0.319094,0.224279,0.497603,0.243908,0.147701,0.192526,0.264717,0.407219,0.159828,0.326782,0.263109,0.337445,0.175461,0.196590,0.078437,0.259665,0.388472,0.258428,0.126907,0.465129,0.294039,0.257368,0.344438,0.025615,0.073668,0.271723,0.176463,0.459956,0.152830,0.316679,0.305041,0.363113,0.279815,0.300840,0.178704,0.315602,0.322553,0.244462,0.375162,0.176894,0.262163,0.316314,0.250748,0.305405,0.360791,0.314668,0.163473,0.339954,0.535781,0.209450,0.014968,0.246791,0.246114,0.139096,0.289109
101,0.092948,0.240895,0.136941,0.072274,0.095949,0.170182,0.067233,0.183392,0.123964,0.222688,0.083514,0.383324,0.243930,0.087618,0.155575,0.176404,0.202802,0.191821,0.181127,0.258987,0.130190,0.221484,0.231457,0.143590,0.054390,0.057716,0.077294,0.149583,0.126585,0.263157,0.148422,0.187942,0.160612,0.122308,0.166975,0.086138,0.353009,0.392575,0.135163,0.104389,0.180914,0.108307,0.293248,0.445663,0.132969,0.268882,0.059123,1.000000,0.079155,0.078407,0.224353,0.044874,0.199662,0.042112,0.040434,0.362066,0.176527,0.213214,0.185553,0.176133,0.070134,0.189168,0.099884,0.168968,0.135350,0.345058,0.174162,0.158551,0.263131,0.116295,0.079244,0.082243,0.166807,0.146729,0.108194,0.206709,0.050057,0.120829,0.219913,0.188699,0.017113,0.330365,0.089258,0.136169,0.137875,0.137302,0.015997,0.247556,0.231543,0.406971,0.047143,0.031559,0.047763,-0.044703,0.245896,0.274940,0.253488,0.125082,0.219685,0.129347,0.176580,0.146292,0.149703,0.129074,0.041109,0.230319,0.072860,0.172430,0.128490,0.230159,0.114216,0.330776,0.117668,0.110536,0.098185,0.184151,0.101725,0.039851,0.322439,0.115865,0.174573,0.074968,0.218263,0.367933,0.145170,0.156571,0.225491,0.177829,0.018464,0.161080,0.091995,0.214623,0.005831,0.242056,0.180381,0.154524,0.031036,0.113366,0.063232,0.037772,0.119021,0.185746,0.112707,0.114620,0.220348,0.135828,0.207728,0.143792,0.155768,0.100330,0.144188,0.163458,0.128411,0.120342,0.192469,0.048942,0.020536,0.239037,0.184568,0.102975,0.161695,0.099492,0.123123,0.070402,0.128523,0.126463,0.013135,0.139355,0.144397,0.122010,0.064618,0.138076,0.070666,0.090651,0.180241,0.156170,0.075112,0.230744,0.156169,0.240586,0.061776,0.096207,0.162938,0.125206,0.172090,0.086591,0.154554,0.134867,0.085177,0.319812,0.283739,0.166303,0.129505,0.187394,0.141440,0.191006,0.116662,0.521950,0.037816,0.153527,0.108965,0.116062,0.231297,0.177163,0.217257,0.260126,0.070052,0.101256,0.103881,0.157781,0.108632,0.136833,0.107767,0.226591,0.079705,0.235155,0.108111,0.062846,0.165599,0.046565,0.160526,0.096216,0.138557,0.085177,0.085395,0.133591,0.179253,0.068892,0.065410,0.117977,0.134676,0.219926,0.244364,0.161854,0.179799,0.061952,0.245721,0.196123,0.064261,0.169670
108,0.292941,0.244721,0.208090,0.384599,0.283945,0.180622,0.080225,0.445884,0.123076,0.358384,0.393736,0.242041,0.104237,0.044781,0.255628,0.385730,0.407818,0.427433,0.268484,0.081684,0.180111,0.215558,0.329344,0.279681,0.145899,0.418936,0.206317,0.186343,0.552044,0.226772,0.266289,0.401945,0.378606,0.192992,0.419240,0.407084,0.177742,0.341215,0.223626,0.207256,0.072026,0.278562,0.245699,0.258454,0.220392,0.528286,0.246300,0.079155,1.000000,0.283488,0.327568,0.173525,0.456993,0.355093,0.009453,0.281260,0.261926,0.258712,0.146322,0.364045,0.168021,0.081874,0.342310,0.082560,0.443101,0.188184,0.263429,0.300319,0.176299,0.296109,0.239938,0.240022,0.292211,0.355617,0.451041,0.332088,0.655326,0.142452,0.424441,0.377840,0.260797,0.333247,0.463541,0.141108,0.246919,0.307347,0.364832,0.378671,0.301702,0.265371,0.239304,0.123117,0.059359,0.109217,0.265920,0.211910,0.251495,0.382466,0.205367,0.200916,0.458813,0.265865,0.350806,0.377396,0.140000,0.222171,0.103246,0.449219,0.328659,0.143045,0.324408,0.294142,0.130833,0.209901,0.327809,0.410764,0.208779,0.105147,0.318459,0.265147,0.380233,0.130627,0.484878,0.213183,0.222532,0.437571,0.355813,0.167674,0.234591,0.311329,0.242174,0.153175,0.079769,0.346465,0.214428,0.579996,0.217637,0.190300,0.475215,0.349773,0.364453,0.296401,0.450785,0.234893,0.217454,0.355707,0.207649,0.400548,0.382722,0.444639,0.507849,0.144071,0.097403,0.311212,0.070180,0.338046,0.151701,0.342900,0.302985,0.361334,0.219779,0.214217,0.299252,0.447136,0.206969,0.310313,0.297697,0.226810,0.147071,0.221256,0.319169,0.194837,0.142903,0.166803,0.126938,0.393760,0.244739,0.242921,0.326831,0.263854,0.028226,0.191810,0.246728,0.264581,0.360743,0.178712,0.423737,0.443771,0.345329,0.074815,0.364207,0.351104,0.284250,0.212526,0.145410,0.194905,0.229551,0.185936,0.245294,0.240140,0.301136,0.124838,0.368268,0.032738,0.328623,0.261939,0.231927,0.281096,0.085129,0.127118,0.275468,0.259484,0.282758,0.313358,0.458508,0.289354,0.309858,0.207650,0.523469,0.176383,0.124085,0.304913,0.299133,0.233683,0.116896,0.335382,0.149842,0.227082,0.120575,0.220746,0.279010,0.323401,0.457520,0.304252,0.026574,0.097623,0.107276,0.316467,0.039345,0.138021
109,0.077727,0.444207,0.075961,0.339588,0.126321,0.007225,0.074780,0.278769,0.039910,0.197970,0.127563,0.205975,0.290859,-0.046118,0.534942,0.121793,0.143472,0.232959,0.075040,-0.007677,0.109399,0.316814,0.210272,0.183575,0.076373,0.388982,0.283343,-0.019248,0.200743,0.039002,0.052010,0.277030,0.110575,0.218756,0.149940,0.196761,0.207279,0.210579,0.080922,0.032513,0.032302,0.094724,0.307135,0.137394,0.219718,0.289063,0.198698,0.078407,0.283488,1.000000,0.217567,0.677766,0.345369,0.231517,0.006747,0.195443,0.457675,0.076732,0.103032,0.211804,0.131283,0.048628,0.292802,0.002903,0.183209,0.043418,0.115318,0.215222,0.068531,0.135387,0.461339,0.095836,0.141704,0.316138,0.433331,0.171450,0.354411,0.098467,0.225025,0.225722,0.095913,0.348509,0.176110,0.088172,0.204295,0.318238,0.470442,0.173214,0.422009,0.131084,0.325943,-0.075419,-0.014501,-0.003698,0.016437,0.319133,0.016796,0.238624,0.432899,0.035907,0.212086,0.139714,0.202515,0.191707,0.137896,0.329575,0.076775,0.348275,0.281694,0.311953,0.131771,0.377759,0.024904,0.059609,0.209237,0.312061,0.146441,0.037709,0.276658,0.613435,0.230589,0.079620,0.270705,0.325765,0.116567,0.527203,0.204637,0.057291,0.237873,0.103300,0.206123,0.218567,0.100306,0.385115,0.129610,0.251641,0.040229,0.077399,0.350166,0.355184,0.311813,0.242327,0.374866,0.699473,0.021705,0.177752,0.292948,0.141271,0.377360,0.477701,0.158282,0.142935,0.036020,0.297582,-0.015084,0.280628,0.188342,0.375475,0.151403,0.106347,0.305059,0.324666,0.200372,0.218639,0.120731,0.402218,0.126584,0.186280,0.050061,0.127235,0.407758,0.005089,0.074906,-0.065584,0.119404,0.188960,0.106195,0.178283,0.168799,0.374274,-0.040085,0.112106,0.164540,0.296055,0.174333,0.205231,0.298781,0.192183,0.394412,0.065735,0.258397,0.273603,0.173711,0.331866,0.190268,0.056355,0.036662,0.193187,0.264340,0.221215,0.069331,0.002244,0.249672,-0.057615,0.115588,0.223164,0.335586,-0.013144,0.012032,0.008490,0.217937,0.110592,0.094719,0.152145,0.304404,0.089352,0.026877,0.058300,0.368195,0.186973,0.075088,0.100990,0.584135,0.274592,-0.053027,0.216678,0.094169,0.137108,0.160127,0.325979,0.270767,0.124003,0.416882,0.272065,-0.054252,0.112368,0.378581,0.282999,0.449788,0.372184
110,0.414253,0.425600,0.275670,0.335868,0.278573,0.215832,0.171314,0.392717,0.135167,0.338961,0.301202,0.164995,0.227106,0.102506,0.410110,0.280530,0.369353,0.346053,0.261263,0.138000,0.268594,0.381839,0.350313,0.490231,0.334885,0.365712,0.226711,0.218658,0.314919,0.388560,0.221470,0.277627,0.318099,0.304359,0.383554,0.510151,0.093822,0.271671,0.139953,0.114874,0.150766,0.319922,0.230149,0.223479,0.259165,0.395934,0.339929,0.224353,0.327568,0.217567,1.000000,0.263829,0.551087,0.176938,0.206629,0.295055,0.377686,0.192265,0.147944,0.423452,0.235246,0.206097,0.364218,0.109639,0.320624,0.232175,0.313543,0.412966,0.199043,0.219308,0.430805,0.204528,0.299118,0.366694,0.420810,0.374217,0.367295,0.246176,0.464282,0.403631,0.312371,0.225001,0.313894,0.261180,0.230191,0.289274,0.212204,0.188394,0.237841,0.195230,0.419252,0.050947,0.118857,0.031731,0.113385,0.321369,0.339166,0.399393,0.223196,0.204621,0.459743,0.213542,0.359092,0.412832,0.231094,0.322537,0.097063,0.412486,0.365719,0.226127,0.284845,0.482002,0.127201,0.288534,0.279406,0.354949,0.334301,0.171809,0.368334,0.441783,0.338461,0.224100,0.399876,0.263168,0.226017,0.447339,0.369488,0.165763,0.171898,0.305341,0.210605,0.242385,0.146466,0.483784,0.174588,0.417315,0.084873,0.154785,0.455246,0.301991,0.506040,0.418091,0.315709,0.313754,0.185537,0.344500,0.308988,0.366296,0.485011,0.344393,0.314400,0.205033,0.144697,0.378937,0.193077,0.281701,0.094970,0.271835,0.147672,0.331977,0.256595,0.419586,0.366496,0.213395,0.277123,0.378025,0.204064,0.177383,0.207256,0.376810,0.454913,0.262374,0.151761,0.231902,0.239368,0.269437,0.201639,0.223672,0.285182,0.372178,0.069284,0.394282,0.308359,0.327622,0.397537,0.327728,0.299097,0.308982,0.306414,0.155572,0.267854,0.424267,0.402091,0.182273,0.307878,0.206667,0.230748,0.255027,0.222967,0.280448,0.292078,0.179108,0.531913,0.183242,0.347437,0.397910,0.261588,0.220958,0.227728,0.270758,0.221800,0.208575,0.250150,0.337403,0.415346,0.366530,0.322010,0.198586,0.346826,0.150634,0.184542,0.204876,0.399007,0.374539,0.146143,0.366448,0.226665,0.295006,0.236591,0.376587,0.370004,0.190957,0.484035,0.454153,0.177872,0.093728,0.297265,0.419466,0.266633,0.417881
111,0.089329,0.406723,0.036198,0.210738,0.035449,-0.042147,-0.003630,0.107514,-0.017066,0.065816,0.061503,0.051272,0.202110,-0.039258,0.473175,-0.035653,0.074429,0.105627,0.015176,-0.025633,0.037097,0.229281,0.029518,0.185055,0.073589,0.521629,0.196448,-0.060760,0.058076,0.069238,-0.060830,0.133067,0.088972,0.180086,0.063560,0.171833,0.144829,0.046298,0.011376,0.008032,-0.007631,-0.031039,0.129230,0.028570,0.167318,0.139164,0.197582,0.044874,0.173525,0.677766,0.263829,1.000000,0.281223,0.082148,0.040239,0.079315,0.302536,0.066128,0.043100,0.138184,0.146512,-0.046578,0.153931,-0.117468,0.111469,-0.035899,0.069000,0.088662,-0.004365,0.071766,0.564296,0.004733,0.023692,0.228953,0.320859,0.073830,0.262760,0.054425,0.143101,0.163987,0.012581,0.207929,0.098486,0.169637,0.151552,0.183451,0.294856,0.065920,0.245306,0.019860,0.367952,-0.016653,-0.024575,-0.005663,-0.034171,0.216389,-0.012858,0.188229,0.288490,-0.028298,0.105333,0.169283,0.122898,0.107883,0.135966,0.227652,-0.027416,0.138555,0.179291,0.271567,0.158384,0.314492,-0.035312,-0.020554,0.106578,0.207878,0.144305,0.010965,0.153021,0.618854,0.100707,0.080958,0.131780,0.215157,0.062705,0.404430,0.089266,-0.030088,0.091503,0.028190,0.087720,0.175950,-0.007451,0.287979,0.066643,0.128180,0.044117,-0.052413,0.272298,0.198285,0.301986,0.191137,0.187144,0.784031,-0.091764,0.074111,0.204428,0.065566,0.346616,0.340608,0.027551,0.095185,0.022137,0.226428,0.038297,0.168782,0.141968,0.149806,-0.027790,0.136192,0.133398,0.292469,0.183250,0.127591,0.098970,0.319299,0.005072,0.091442,0.047960,0.137837,0.354408,0.028487,0.049175,0.000638,0.099282,0.122797,0.034662,0.056778,-0.025750,0.257564,-0.011494,0.115293,0.060735,0.173116,0.137962,0.148841,0.104865,0.118236,0.246630,-0.045128,0.111035,0.142634,0.101302,0.180491,0.182602,0.015680,0.019517,0.046893,0.265053,0.090269,0.028461,-0.032948,0.215961,-0.025194,0.045933,0.124267,0.263687,-0.010676,0.045776,0.101544,0.025951,0.046999,0.021007,0.081947,0.196817,0.061955,0.050580,0.034809,0.234865,0.180129,0.014709,0.032686,0.552436,0.222333,-0.013107,0.137847,0.008687,0.030655,0.101358,0.240793,0.143680,-0.075285,0.259107,0.189128,0.035678,0.038574,0.273272,0.202503,0.589305,0.349855
113,0.325469,0.464298,0.300616,0.477208,0.277706,0.350137,0.267589,0.612244,0.221529,0.451707,0.338020,0.269444,0.222915,0.174528,0.536654,0.404856,0.452209,0.393807,0.310897,0.124046,0.326371,0.421270,0.373759,0.476288,0.318352,0.343400,0.202381,0.295576,0.437140,0.432044,0.212250,0.405726,0.351030,0.275547,0.355541,0.542787,0.252015,0.428273,0.282450,0.194752,0.211710,0.334637,0.388669,0.350673,0.357704,0.619314,0.315298,0.199662,0.456993,0.345369,0.551087,0.281223,1.000000,0.372968,0.148451,0.420396,0.407463,0.328423,0.386819,0.523691,0.261092,0.255535,0.496583,0.209730,0.400707,0.203533,0.351064,0.477912,0.331033,0.424125,0.333945,0.353052,0.395315,0.513704,0.606267,0.438595,0.490001,0.275349,0.447395,0.475647,0.381943,0.423939,0.363679,0.198052,0.313337,0.364965,0.348196,0.344529,0.432853,0.245480,0.494848,0.072673,0.084395,0.173767,0.286929,0.370301,0.412907,0.447553,0.355586,0.264998,0.467325,0.275452,0.532463,0.382919,0.281094,0.365962,0.130688,0.528342,0.425316,0.240349,0.236437,0.480658,0.229511,0.286775,0.401830,0.450703,0.343263,0.161871,0.348528,0.447363,0.384374,0.213992,0.499119,0.302720,0.442231,0.574171,0.456107,0.326008,0.363930,0.498889,0.364172,0.328728,0.159459,0.579193,0.424418,0.547954,0.258977,0.205182,0.549576,0.429390,0.570448,0.347068,0.463763,0.309045,0.247099,0.422890,0.364828,0.414176,0.429056,0.505064,0.478600,0.319381,0.270717,0.461104,0.240521,0.479281,0.196989,0.492793,0.323411,0.292592,0.449758,0.418095,0.392636,0.356797,0.363850,0.444720,0.332598,0.269770,0.372568,0.345635,0.433719,0.266325,0.318211,0.199603,0.239126,0.451681,0.275527,0.295917,0.374336,0.472199,0.154770,0.350631,0.464219,0.509973,0.386249,0.338588,0.483718,0.341579,0.553093,0.173763,0.494128,0.455298,0.419375,0.345391,0.251931,0.242466,0.277839,0.307677,0.301410,0.346003,0.400752,0.174951,0.527773,0.215795,0.351512,0.384345,0.269025,0.289033,0.287898,0.235678,0.306174,0.476305,0.308312,0.383633,0.602446,0.553912,0.306892,0.316700,0.579591,0.299545,0.231499,0.247658,0.489061,0.386452,0.262535,0.437137,0.329281,0.341702,0.330974,0.332093,0.406108,0.338418,0.608596,0.429409,0.205427,0.243362,0.300473,0.393822,0.199243,0.394673
121,0.146834,0.217582,0.105596,0.288305,0.270261,0.235498,0.143483,0.310395,0.242107,0.310112,0.227565,0.188411,0.171391,0.134068,0.243221,0.457577,0.412900,0.293847,0.227404,0.126397,0.210596,0.211621,0.451383,0.185845,0.114559,0.316079,0.105955,0.157112,0.405992,0.125171,0.162277,0.366095,0.097235,0.138446,0.217834,0.305064,0.150517,0.394249,0.313913,0.208535,0.170326,0.260014,0.316647,0.265473,0.190207,0.409736,0.085243,0.042112,0.355093,0.231517,0.176938,0.082148,0.372968,1.000000,0.104555,0.318739,0.156306,0.355701,0.236800,0.225931,0.213791,0.186502,0.339742,0.196635,0.206908,0.135569,0.160783,0.273975,0.181598,0.386739,0.160853,0.309448,0.269682,0.197804,0.285384,0.359810,0.307467,0.168130,0.286604,0.247373,0.223565,0.407687,0.140770,0.174138,0.311680,0.151508,0.247271,0.323734,0.365183,0.199711,0.177858,-0.048237,0.041419,0.114701,0.195202,0.184820,0.184942,0.182337,0.302617,0.156343,0.384901,0.289059,0.296512,0.156003,0.219031,0.222119,0.133485,0.269687,0.355077,0.056322,0.139997,0.193075,0.143003,0.138921,0.315354,0.311311,0.176089,0.034180,0.252334,0.216408,0.401301,0.378840,0.353227,0.261854,0.329536,0.328519,0.317619,0.074417,0.328053,0.225043,0.266114,0.290396,0.134066,0.342008,0.211637,0.305534,0.234765,0.117836,0.248039,0.325790,0.252983,0.110458,0.447759,0.119151,0.239415,0.424314,0.180354,0.281190,0.182729,0.372328,0.312651,0.063397,0.053109,0.242807,0.241763,0.335761,0.105803,0.407128,0.323436,0.231262,0.273407,0.156049,0.096230,0.568586,0.212859,0.347143,0.297526,0.411902,0.344374,0.357469,0.244258,0.340063,0.162441,0.214971,0.293584,0.343965,0.162754,0.290986,0.354458,0.154228,0.102226,0.146860,0.297610,0.223181,0.256686,0.184640,0.339934,0.302086,0.243268,0.065045,0.406374,0.300152,0.217926,0.155026,0.042608,0.281582,0.185995,0.237326,0.201202,0.234424,0.248386,0.156518,0.276985,0.013750,0.221172,0.270742,0.133801,0.153064,0.094736,0.109702,0.338992,0.291058,0.327882,0.281479,0.263403,0.226537,0.144995,0.233986,0.488218,0.245110,0.206462,0.218235,0.186856,0.071528,0.093431,0.392641,0.271883,0.264148,0.221782,0.089939,0.117941,0.229090,0.393229,0.200924,0.033190,-0.031600,0.078695,0.212362,-0.062135,0.059315
123,0.244511,0.166486,0.128184,0.086279,0.067616,0.136569,0.088608,0.120149,0.066779,0.148056,0.159863,0.034557,0.159478,0.088386,0.029827,0.108052,0.103137,0.133468,0.115423,0.240522,0.138983,0.280919,0.190286,0.155659,0.193931,0.102545,0.138833,0.198383,0.180288,0.111163,0.121354,0.089720,0.073006,-0.004777,0.322835,0.153884,0.030875,0.119846,0.133365,0.133641,0.049972,0.088703,0.127859,0.131033,0.308119,0.131213,0.084235,0.040434,0.009453,0.006747,0.206629,0.040239,0.148451,0.104555,1.000000,0.080128,0.047079,0.186219,0.074653,0.091641,0.316446,0.079431,0.242345,0.249064,0.104715,0.102996,0.123079,0.178525,0.096647,0.112553,0.158769,0.081651,0.143539,0.046543,0.101543,0.112741,0.052109,0.131525,0.216181,0.137377,0.094123,0.030621,0.011267,0.265749,0.234915,0.157476,0.014595,0.067551,0.149680,0.102909,0.119420,0.039977,0.065121,0.092117,0.009378,0.196174,0.070481,0.116585,0.159238,0.131982,0.077800,0.173672,0.128645,0.111412,0.113367,0.154260,0.047366,0.079180,0.104897,0.180420,0.093218,0.094650,0.066983,0.104670,0.123452,0.047607,0.023790,0.180230,0.169639,0.022083,0.114801,0.084298,0.082889,0.107229,0.051080,0.032491,0.131761,0.065856,0.162337,0.147075,0.112392,0.188810,0.085024,0.096948,0.058885,0.124281,0.175560,0.096319,0.094608,0.032292,0.207789,0.118236,0.101907,0.079078,0.108200,0.138932,0.123377,0.080266,0.082885,0.108834,0.148094,0.138739,0.072851,0.087770,0.194515,0.182619,0.106127,0.105868,0.081877,0.302791,0.206511,0.115813,-0.016336,0.076610,0.100522,0.253778,0.103553,0.200275,0.116417,0.287418,0.067671,0.272090,0.098409,0.347380,0.492412,0.023590,-0.019942,0.133660,0.166211,0.144129,0.116556,0.186158,0.098698,0.068882,0.172061,0.057289,0.115945,0.064911,-0.040139,0.025531,0.044781,0.182848,0.122758,-0.010296,0.139579,0.118706,0.078695,0.053055,0.015390,0.015402,0.098898,0.088430,0.191819,0.129622,0.101470,0.269305,0.211697,0.081650,0.336252,0.140483,0.182854,0.085170,0.111830,0.177964,0.067295,0.182560,0.137873,0.113929,0.053639,0.064242,0.049335,0.136441,-0.029392,0.098204,0.056116,0.163774,0.206929,0.151871,0.091855,0.055058,0.096682,0.092417,0.162828,0.069017,0.269486,0.001534,0.156757,0.205834,-0.006622,0.126347
130,0.176222,0.407467,0.250957,0.204448,0.266899,0.312869,0.289852,0.516538,0.368497,0.460637,0.279332,0.400560,0.320277,0.235279,0.238921,0.372800,0.276601,0.385867,0.386697,0.307082,0.211461,0.383344,0.452523,0.294101,0.312004,0.159267,0.090026,0.234469,0.377140,0.342523,0.215218,0.325557,0.281042,0.146612,0.343322,0.399160,0.175929,0.580424,0.258352,0.252309,0.273903,0.263336,0.475075,0.663768,0.172719,0.445065,0.318922,0.362066,0.281260,0.195443,0.295055,0.079315,0.420396,0.318739,0.080128,1.000000,0.232764,0.287959,0.298263,0.435115,0.220980,0.241834,0.375317,0.180684,0.268092,0.505711,0.310064,0.340095,0.295470,0.223775,0.238031,0.208524,0.324810,0.162880,0.228213,0.357157,0.172082,0.173514,0.416292,0.287433,0.224687,0.405645,0.163905,0.246936,0.329265,0.231300,0.279006,0.474888,0.397732,0.542397,0.202668,0.101287,0.139819,0.126804,0.527969,0.369442,0.288570,0.354469,0.398984,0.268161,0.372924,0.205940,0.440327,0.334308,0.269214,0.269296,0.158349,0.245112,0.353011,0.253480,0.322348,0.455981,0.148925,0.209393,0.267498,0.322448,0.239727,0.123272,0.556072,0.182306,0.445749,0.246345,0.487458,0.355494,0.408292,0.419410,0.283943,0.313700,0.321984,0.312621,0.198364,0.395222,0.168804,0.420180,0.351323,0.405291,0.193563,0.154970,0.221327,0.094565,0.334589,0.347445,0.315362,0.134246,0.427638,0.391115,0.282846,0.258970,0.212581,0.332233,0.310086,0.273717,0.184533,0.450821,0.200445,0.187824,0.053310,0.397368,0.456185,0.164819,0.260132,0.189871,0.344391,0.375181,0.264694,0.357604,0.168913,0.310542,0.340994,0.192327,0.138369,0.234868,0.243197,0.151829,0.196207,0.422815,0.226781,0.378991,0.303065,0.262431,0.214632,0.181505,0.349867,0.207799,0.420447,0.276663,0.310712,0.423639,0.150383,0.484197,0.476058,0.372182,0.351020,0.210292,0.182817,0.337618,0.332745,0.596525,0.241685,0.144435,0.347641,0.338715,0.268946,0.183066,0.435982,0.436629,0.128318,0.302983,0.131799,0.091341,0.335372,0.372195,0.351760,0.433491,0.303310,0.426055,0.225727,0.388601,0.315533,0.253246,0.319958,0.329159,0.216459,0.202659,0.166629,0.313252,0.370945,0.320992,0.202618,0.159043,0.243757,0.504796,0.424889,0.318976,0.134560,0.004249,0.315247,0.376706,-0.019477,0.207193
144,0.278380,0.317898,0.173554,0.332305,0.276223,0.113125,0.108940,0.429099,0.089101,0.242254,0.271306,0.207027,0.249177,0.104126,0.456328,0.245600,0.212521,0.198864,0.172453,0.068295,0.164826,0.321620,0.226726,0.283859,0.145122,0.234321,0.261818,0.162517,0.303668,0.224766,0.193456,0.293205,0.244625,0.321592,0.250172,0.269456,0.128273,0.247936,0.149603,0.131333,0.061199,0.138224,0.304533,0.221802,0.328953,0.396498,0.249663,0.176527,0.261926,0.457675,0.377686,0.302536,0.407463,0.156306,0.047079,0.232764,1.000000,0.127265,0.217424,0.349656,0.188956,0.247732,0.354663,0.126262,0.301506,0.188555,0.276974,0.301278,0.202523,0.267857,0.254865,0.139021,0.176032,0.295697,0.361869,0.227866,0.301322,0.192588,0.387780,0.369059,0.139919,0.290358,0.299229,0.100378,0.195865,0.321000,0.214383,0.116859,0.295328,0.252146,0.404979,0.113260,-0.025626,0.023576,0.148040,0.274044,0.175322,0.309864,0.265465,0.148936,0.259228,0.173269,0.239596,0.269629,0.095853,0.306077,0.074089,0.433680,0.252214,0.184121,0.213412,0.412294,0.091939,0.207021,0.250825,0.467948,0.168897,0.131627,0.306398,0.359312,0.311283,0.049576,0.307116,0.236941,0.102429,0.456702,0.316901,0.120582,0.252478,0.220329,0.303905,0.261685,0.210670,0.363189,0.125397,0.413885,0.067616,0.252297,0.412204,0.414696,0.328981,0.273652,0.395251,0.366831,0.133196,0.246234,0.259942,0.207310,0.425238,0.434070,0.278975,0.207785,0.192911,0.441716,0.162715,0.316209,0.259269,0.450711,0.146245,0.142028,0.240701,0.364454,0.268900,0.158156,0.113851,0.357932,0.263394,0.193974,0.196940,0.172589,0.365595,0.055264,0.125027,0.086146,0.226061,0.222842,0.124299,0.166368,0.213514,0.407242,0.050203,0.209026,0.135848,0.277502,0.303706,0.150539,0.298702,0.183174,0.329565,0.102802,0.303233,0.340483,0.249445,0.313403,0.253996,0.134326,0.119321,0.303161,0.153867,0.299399,0.196443,0.037268,0.426676,0.074952,0.206904,0.254391,0.316715,0.141508,0.036724,0.257034,0.159347,0.126335,0.062864,0.286166,0.408420,0.251549,0.166711,0.124482,0.388958,0.119768,0.161994,0.201972,0.440340,0.308670,0.124890,0.295594,0.181045,0.137647,0.272389,0.344898,0.343190,0.197459,0.423949,0.349334,0.146679,0.141986,0.367945,0.334230,0.352990,0.397541
145,0.166230,0.192734,0.111453,0.214257,0.204532,0.169222,0.132569,0.300312,0.156157,0.310114,0.236137,0.130557,0.121437,0.126317,0.172033,0.372888,0.481912,0.441382,0.297027,0.200908,0.106505,0.197349,0.428712,0.305853,0.082891,0.219605,0.019188,0.279814,0.256004,0.137455,0.142302,0.584968,0.199804,0.156213,0.288478,0.301182,0.069618,0.249417,0.458655,0.494996,0.286776,0.172654,0.181861,0.176456,0.191442,0.303981,0.265294,0.213214,0.258712,0.076732,0.192265,0.066128,0.328423,0.355701,0.186219,0.287959,0.127265,1.000000,0.190352,0.252230,0.319588,0.213190,0.272594,0.259302,0.311185,0.174795,0.178259,0.118707,0.179817,0.309906,0.152224,0.182206,0.467442,0.165480,0.304239,0.255349,0.160375,0.093312,0.317520,0.192635,0.151807,0.168163,0.182053,0.461001,0.434919,0.237970,0.075487,0.262448,0.170834,0.171286,0.200100,0.024677,0.015133,0.128357,0.201343,0.216227,0.139391,0.224539,0.130453,0.282617,0.490417,0.527309,0.248803,0.241422,0.158026,0.135769,0.081948,0.196506,0.076113,0.067487,0.483756,0.163067,0.114174,0.179156,0.171674,0.215073,0.227166,0.201319,0.157079,0.067776,0.585607,0.290110,0.535978,0.160064,0.209817,0.280404,0.253745,0.148396,0.244483,0.141873,0.189523,0.136069,0.106926,0.239581,0.099115,0.357491,0.134962,0.220593,0.253733,0.177091,0.189201,0.264114,0.268084,0.078300,0.254618,0.572957,0.163446,0.254402,0.145484,0.256600,0.344453,0.165762,0.044409,0.249027,0.231839,0.257451,0.109074,0.270486,0.226661,0.201770,0.173704,0.159742,0.157376,0.433170,0.260807,0.241542,0.118237,0.613166,0.369238,0.207707,0.166080,0.194767,0.135071,0.093901,0.258720,0.362669,0.112392,0.240041,0.281589,0.171029,0.135952,0.225744,0.155832,0.251870,0.527215,0.202019,0.186891,0.517743,0.196120,0.065787,0.278250,0.219668,0.188102,0.268146,0.070534,0.501866,0.188355,0.138727,0.148782,0.186991,0.164288,0.222696,0.327047,0.122772,0.335789,0.201349,0.143147,0.160766,0.172094,0.060172,0.240322,0.164536,0.448378,0.265602,0.362761,0.253345,0.197374,0.285202,0.401562,0.173870,0.213005,0.200556,0.105699,0.195029,0.034083,0.456427,0.321542,0.177595,0.072168,0.192913,0.109403,0.187538,0.290702,0.270790,0.267834,-0.026824,0.129590,0.132991,-0.006422,0.100935
153,0.126535,0.140019,0.361883,0.160019,0.136211,0.344594,0.377798,0.207276,0.169178,0.290747,0.157165,0.194090,0.236123,0.357437,0.162559,0.177067,0.236883,0.144710,0.347631,0.181341,0.260541,0.238692,0.203022,0.250880,0.231596,0.120784,0.092425,0.262673,0.266331,0.534076,0.092483,0.212803,0.157902,0.098311,0.208842,0.344913,0.040735,0.415623,0.264857,0.200391,0.235461,0.250861,0.179920,0.263486,0.238537,0.387528,0.117709,0.185553,0.146322,0.103032,0.147944,0.043100,0.386819,0.236800,0.074653,0.298263,0.217424,0.190352,1.000000,0.320510,0.188198,0.229890,0.218046,0.470398,0.226756,0.142784,0.295526,0.246416,0.594771,0.422433,-0.029636,0.365220,0.315496,0.181898,0.109251,0.223606,0.064427,0.058424,0.256563,0.293251,0.215884,0.256996,0.108847,0.146160,0.115427,0.254304,0.057022,0.247735,0.191367,0.198636,0.218725,0.144617,0.154384,0.277926,0.334624,0.174870,0.490961,0.248740,0.217965,0.316611,0.180386,0.184056,0.460548,0.131663,0.276199,0.194040,0.277032,0.250206,0.219022,0.201989,0.157108,0.195340,0.497782,0.233077,0.098710,0.204274,0.237751,0.228296,0.213881,0.100745,0.221085,0.077535,0.179090,0.257939,0.554708,0.183289,0.162598,0.203542,0.112802,0.539097,0.332660,0.166312,0.089030,0.375715,0.660470,0.273657,0.318292,0.244487,0.069010,0.230926,0.234797,0.150692,0.309284,0.088147,0.144810,0.195178,0.117188,0.225482,0.145460,0.248879,0.167765,0.350434,0.438017,0.190281,0.491155,0.313008,0.175864,0.232446,0.236769,0.187064,0.125767,0.215640,0.149394,0.179541,0.210924,0.308402,0.231571,0.176225,0.378406,0.234119,0.098326,0.293935,0.623202,0.123428,0.305583,0.230238,0.093470,0.204394,0.230340,0.181542,0.181149,0.227876,0.370215,0.182889,0.198545,0.268193,0.303823,0.197833,0.109549,0.096143,0.277956,0.194285,0.240947,0.139038,0.138893,0.235165,0.265241,0.238205,0.202809,0.146128,0.224232,0.112988,0.228135,0.243129,0.233757,0.264885,0.110789,0.224267,0.150231,0.296374,0.203224,0.666946,0.130186,0.219044,0.128473,0.612253,0.149124,0.290732,0.222658,0.338867,0.137743,0.222030,0.110718,0.024227,0.327868,0.222727,0.281166,0.222155,0.279545,0.023734,0.152152,0.269316,0.274122,0.123357,0.303823,0.243311,0.174253,0.209558,-0.044762,0.204025
170,0.228862,0.445698,0.455133,0.419055,0.223439,0.334836,0.416703,0.613440,0.383001,0.613318,0.436676,0.287314,0.237910,0.282594,0.274202,0.495097,0.304729,0.320609,0.391659,0.216030,0.334678,0.390796,0.371081,0.443117,0.312690,0.219804,0.178554,0.399531,0.406683,0.503642,0.309102,0.333143,0.326777,0.258029,0.387130,0.476746,0.094915,0.478448,0.264899,0.293559,0.331185,0.399048,0.391225,0.423061,0.288672,0.552405,0.305132,0.176133,0.364045,0.211804,0.423452,0.138184,0.523691,0.225931,0.091641,0.435115,0.349656,0.252230,0.320510,1.000000,0.346799,0.280622,0.547510,0.194296,0.503395,0.245463,0.471490,0.562903,0.394134,0.387665,0.247367,0.363930,0.339149,0.347190,0.434891,0.522328,0.304630,0.171630,0.458916,0.527449,0.453968,0.347538,0.307080,0.216965,0.237127,0.372988,0.410034,0.282231,0.309677,0.251111,0.395409,0.170396,0.258145,0.207413,0.360740,0.315254,0.453963,0.545365,0.254398,0.373242,0.461984,0.364740,0.631647,0.379296,0.300464,0.363934,0.142197,0.398231,0.522176,0.237679,0.260354,0.324761,0.217988,0.417770,0.384099,0.370020,0.406897,0.289034,0.364795,0.279063,0.365458,0.174763,0.426766,0.278124,0.389270,0.408979,0.452009,0.462472,0.382100,0.489555,0.349727,0.183770,0.271723,0.512374,0.402079,0.674994,0.261706,0.320187,0.408994,0.294978,0.308437,0.433195,0.486503,0.183186,0.213003,0.299208,0.240672,0.475135,0.296357,0.379957,0.452504,0.443212,0.273624,0.420334,0.236782,0.336152,0.163178,0.548291,0.405089,0.203432,0.384841,0.308806,0.347565,0.402225,0.446128,0.376171,0.260233,0.333520,0.361726,0.245081,0.346415,0.235434,0.229171,0.180628,0.259969,0.647900,0.255870,0.339079,0.431437,0.357271,0.108816,0.274017,0.505098,0.302409,0.372543,0.334123,0.450127,0.391757,0.354323,0.136800,0.500604,0.473392,0.515223,0.284660,0.335101,0.266972,0.414054,0.360450,0.280534,0.322098,0.409481,0.300058,0.561873,0.290518,0.476464,0.472522,0.218085,0.326895,0.191796,0.079659,0.352043,0.427449,0.277665,0.592833,0.623436,0.535051,0.373570,0.392892,0.336173,0.261292,0.238566,0.322469,0.340926,0.319482,0.253060,0.400709,0.441044,0.425328,0.283168,0.318110,0.540902,0.471075,0.574948,0.358303,0.204215,0.280117,0.228129,0.396952,0.125761,0.204059
172,0.160078,0.168642,0.266240,0.192869,0.092767,0.170682,0.188449,0.286400,0.215013,0.358792,0.196771,0.150444,0.047153,0.171456,0.170116,0.265753,0.220065,0.313520,0.279854,0.131730,0.221742,0.161695,0.296398,0.368001,0.324710,0.287258,0.179392,0.384237,0.217520,0.210450,0.084761,0.431040,0.261746,0.030676,0.192047,0.277395,0.037259,0.248509,0.359721,0.382803,0.162870,0.284796,0.110600,0.180209,0.271494,0.335482,0.304559,0.070134,0.168021,0.131283,0.235246,0.146512,0.261092,0.213791,0.316446,0.220980,0.188956,0.319588,0.188198,0.346799,1.000000,0.080920,0.359315,0.333346,0.315622,0.099936,0.390884,0.247632,0.250745,0.348464,0.183514,0.240534,0.275670,0.210655,0.308318,0.262901,0.154794,0.037441,0.226876,0.366139,0.323328,0.136291,0.226633,0.255824,0.183089,0.246196,0.129941,0.117829,0.089078,0.043802,0.340246,0.240687,0.093981,0.145970,0.118803,0.094201,0.223372,0.467590,0.107972,0.321572,0.413525,0.360313,0.287511,0.139664,0.388395,0.141495,0.059767,0.176766,0.210692,0.096279,0.305282,0.146998,0.143894,0.293238,0.201102,0.191610,0.313109,0.173619,0.152517,0.124163,0.430867,0.181244,0.366179,0.165245,0.164184,0.242685,0.200179,0.127361,0.135343,0.293269,0.137479,0.054300,0.087468,0.273131,0.169345,0.298444,0.209079,0.175643,0.180904,0.223844,0.237739,0.403327,0.397518,0.210426,0.196982,0.273538,0.144490,0.233042,0.223096,0.222476,0.185445,0.248167,0.124833,0.242786,0.256171,0.406513,0.302483,0.260527,0.146416,0.219991,0.071277,0.317701,0.214868,0.405041,0.217606,0.283626,0.139388,0.416530,0.309170,0.182730,0.220683,0.195582,0.172448,0.088885,0.272058,0.330760,0.108190,0.213159,0.274455,0.139526,0.191406,0.204406,0.253040,0.142326,0.366083,0.340482,0.252770,0.275364,0.101855,0.032757,0.165259,0.231192,0.308211,0.125995,0.371442,0.351956,0.190247,0.145914,0.153036,0.086254,0.287250,0.184513,0.251242,-0.008641,0.306206,0.341909,0.253548,0.195478,0.201032,0.053720,0.259238,0.264442,0.306130,0.256239,0.265261,0.437584,0.216850,0.292453,0.257186,0.310796,0.117087,0.275025,0.125926,0.154323,0.265660,0.260154,0.424031,0.232711,0.179014,0.161097,0.274165,0.124597,0.269016,0.252035,0.276527,0.024307,0.081078,0.229809,0.007382,0.111074
177,0.147670,0.268157,0.254874,0.340652,0.342917,0.252801,0.154669,0.198486,0.276805,0.244621,0.373533,0.266779,0.307420,0.306750,0.078962,0.337572,0.183049,0.140310,0.207312,0.307990,0.118904,0.247061,0.313628,0.248094,0.132264,0.102776,0.206741,0.162074,0.256792,0.240915,0.462922,0.127771,0.106830,0.220967,0.335224,0.236587,0.063895,0.268285,0.127349,0.185745,0.170548,0.177070,0.241365,0.298107,0.147864,0.184599,0.141191,0.189168,0.081874,0.048628,0.206097,-0.046578,0.255535,0.186502,0.079431,0.241834,0.247732,0.213190,0.229890,0.280622,0.080920,1.000000,0.166221,0.179762,0.177154,0.359026,0.235803,0.266704,0.230444,0.237367,0.169258,0.211445,0.180541,0.116910,0.104312,0.389380,0.033962,0.437341,0.274264,0.187107,0.122919,0.184018,0.107638,0.247058,0.281190,0.067991,0.146232,0.290129,0.242908,0.325145,0.142806,0.033162,0.154274,0.073983,0.278420,0.394718,0.279518,0.118382,0.321043,0.159061,0.146169,0.210236,0.157965,0.255388,0.053446,0.274324,0.219841,0.351518,0.178359,0.104077,0.153880,0.150074,0.133774,0.330127,0.172231,0.191503,0.130639,0.173701,0.319633,0.077723,0.208864,0.134767,0.200304,0.249867,0.188701,0.115855,0.457980,0.388852,0.463145,0.107609,0.428685,0.248012,0.319507,0.143796,0.108834,0.276763,0.188977,0.384712,0.142068,0.138555,0.103883,0.108131,0.251779,0.023440,0.124403,0.196452,0.196009,0.243542,0.087658,0.126208,0.269433,0.163638,0.261667,0.184229,0.217932,0.117263,0.037730,0.347597,0.308093,0.076152,0.326326,0.029893,0.046700,0.158083,0.187962,0.136222,0.180078,0.204111,0.183926,0.097459,0.097380,0.065077,0.148832,0.249072,0.194730,0.189014,0.017586,0.408338,0.244418,0.267560,0.192522,0.136443,0.126164,0.185585,0.191258,0.034477,0.191512,0.109197,0.132232,0.160575,0.409270,0.299280,0.291692,0.292644,0.004243,0.234672,0.202458,0.295460,0.007934,0.314485,0.156432,0.223396,0.344689,0.383547,0.362625,0.320042,0.158323,0.130406,0.172705,0.139697,0.351764,0.188098,0.086179,0.418904,0.190138,0.190904,0.181948,0.088747,0.287017,0.009977,0.119308,0.149267,0.108022,0.134456,0.183897,0.252218,0.232515,0.225266,0.284963,0.110593,0.246185,0.463340,0.330736,0.166279,0.266358,0.006612,0.341504,0.186652,-0.019523,0.289824
178,0.356082,0.412012,0.294364,0.328948,0.282794,0.242613,0.307130,0.555392,0.258827,0.471771,0.418078,0.193474,0.246578,0.245976,0.352786,0.443174,0.373398,0.292102,0.280440,0.194671,0.320339,0.473078,0.449638,0.458805,0.321235,0.265347,0.174454,0.284955,0.438620,0.285132,0.277991,0.340379,0.337579,0.291117,0.479645,0.462464,0.105877,0.406108,0.251151,0.245107,0.305208,0.325092,0.460140,0.327276,0.312527,0.575225,0.315321,0.099884,0.342310,0.292802,0.364218,0.153931,0.496583,0.339742,0.242345,0.375317,0.354663,0.272594,0.218046,0.547510,0.359315,0.166221,1.000000,0.235506,0.404719,0.166534,0.405334,0.449103,0.282184,0.278860,0.334997,0.323969,0.394927,0.262723,0.445418,0.381412,0.383546,0.128317,0.411810,0.459356,0.384502,0.354551,0.293571,0.217123,0.264034,0.337332,0.360458,0.234559,0.401503,0.216226,0.396490,0.072036,0.147526,0.138840,0.228959,0.358626,0.314449,0.473200,0.339133,0.217640,0.451561,0.370665,0.462701,0.331870,0.209026,0.380504,0.118920,0.384394,0.406492,0.190968,0.234525,0.308409,0.113838,0.298506,0.413916,0.315720,0.317499,0.209971,0.316758,0.274270,0.402256,0.204646,0.455870,0.231175,0.319074,0.454591,0.435940,0.334935,0.339506,0.431741,0.290557,0.258137,0.169426,0.484568,0.234065,0.512371,0.247360,0.295903,0.405382,0.303916,0.437608,0.344586,0.401559,0.249158,0.241170,0.366031,0.296764,0.427116,0.267317,0.453917,0.373743,0.228101,0.197020,0.400123,0.280272,0.470386,0.244856,0.437301,0.325377,0.353411,0.340751,0.328015,0.213479,0.380593,0.413801,0.380172,0.306135,0.411225,0.304361,0.339569,0.311946,0.312555,0.233077,0.254069,0.384625,0.517940,0.202674,0.346692,0.405618,0.375295,0.084120,0.248874,0.441757,0.297328,0.391359,0.247678,0.570764,0.308078,0.296277,0.167139,0.430346,0.489443,0.450611,0.251785,0.281361,0.295668,0.318269,0.310039,0.287115,0.309919,0.365417,0.276082,0.515309,0.110344,0.408807,0.467331,0.261254,0.266046,0.282377,0.161320,0.278537,0.291519,0.271754,0.457178,0.531753,0.356372,0.281087,0.383938,0.356720,0.232943,0.313811,0.293271,0.300238,0.421033,0.203292,0.425911,0.395618,0.430409,0.276972,0.438352,0.383368,0.359879,0.518064,0.423944,0.245296,0.061555,0.253825,0.406117,0.146111,0.263228
179,0.189849,0.146090,0.266736,0.140761,0.116553,0.393106,0.212528,0.117592,0.143130,0.273687,0.237147,0.172179,0.263146,0.330518,0.093434,0.216764,0.211621,0.205314,0.341723,0.282558,0.261043,0.256770,0.369474,0.215215,0.174641,-0.006393,0.082894,0.290122,0.227771,0.225952,0.185166,0.218871,0.180649,0.131398,0.287856,0.176272,0.077742,0.254326,0.374231,0.271596,0.218748,0.149499,0.186521,0.238669,0.153003,0.374460,0.076365,0.168968,0.082560,0.002903,0.109639,-0.117468,0.209730,0.196635,0.249064,0.180684,0.126262,0.259302,0.470398,0.194296,0.333346,0.179762,0.235506,1.000000,0.252108,0.185514,0.221661,0.192097,0.477493,0.384314,0.008961,0.280020,0.353725,0.085825,0.073364,0.219250,0.066499,0.112643,0.312650,0.220567,0.164282,0.168240,0.173573,0.229819,0.127575,0.138959,0.012654,0.207458,0.171739,0.154284,0.086148,0.151382,0.117999,0.131645,0.271287,0.201760,0.308187,0.170643,0.216211,0.295914,0.169535,0.226785,0.240987,0.099183,0.162003,0.205560,0.341899,0.308836,0.185050,0.127097,0.144667,0.074621,0.320018,0.155327,0.204290,0.059586,0.074683,0.200940,0.212250,-0.020098,0.210579,0.221855,0.181466,0.248575,0.319757,0.077219,0.217094,0.224409,0.122255,0.347604,0.229986,0.062673,0.164507,0.280805,0.335405,0.189809,0.239089,0.151122,-0.004801,0.143149,0.147006,0.091593,0.267152,-0.067341,0.279009,0.166209,0.060197,0.233332,0.072686,0.150548,0.267665,0.171032,0.297102,0.133435,0.332192,0.317765,0.122299,0.162819,0.246894,0.235094,0.115558,0.084610,0.012535,0.187609,0.201107,0.220233,0.279628,0.182810,0.303248,0.257508,-0.018389,0.300577,0.311390,0.297273,0.332761,0.183169,0.110782,0.243933,0.434986,0.179496,0.213027,0.165209,0.282199,0.095890,0.123340,0.148980,0.265977,0.108701,0.035019,0.102987,0.150714,0.310092,0.176440,0.076330,0.080484,0.249345,0.207523,0.212135,0.066771,0.168265,0.112543,0.186500,0.214006,0.176648,0.198492,0.267606,0.099172,0.161644,0.231552,0.185200,0.399894,0.389497,0.207972,0.274854,0.110995,0.359626,0.130155,0.293699,0.175737,0.238774,0.225099,0.162311,-0.066910,-0.003101,0.179240,0.238989,0.298500,0.176368,0.163144,0.018720,0.099192,0.159201,0.193559,0.080124,0.281409,0.037379,0.177568,0.232289,-0.146773,0.061668
180,0.163771,0.284345,0.377042,0.389708,0.114047,0.298731,0.253077,0.357161,0.269887,0.432877,0.423867,0.176737,0.147651,0.197559,0.234416,0.441020,0.346493,0.416154,0.435728,0.176546,0.293451,0.304161,0.352706,0.457784,0.282993,0.233072,0.112943,0.541492,0.436728,0.286927,0.295417,0.409043,0.446973,0.265875,0.312008,0.473702,0.060491,0.314417,0.397327,0.305290,0.203519,0.443748,0.208677,0.251627,0.176198,0.493736,0.299843,0.135350,0.443101,0.183209,0.320624,0.111469,0.400707,0.206908,0.104715,0.268092,0.301506,0.311185,0.226756,0.503395,0.315622,0.177154,0.404719,0.252108,1.000000,0.221016,0.437965,0.289990,0.395631,0.304714,0.192285,0.341398,0.308511,0.356135,0.386419,0.438797,0.446157,0.118831,0.480507,0.479809,0.427395,0.248881,0.402050,0.198286,0.203240,0.246218,0.369191,0.229458,0.238156,0.160058,0.351809,0.224620,0.052880,0.257809,0.215680,0.240490,0.306716,0.494844,0.152743,0.391967,0.440898,0.300251,0.373711,0.377247,0.251093,0.157229,0.058896,0.400708,0.293672,0.092029,0.283636,0.240871,0.180626,0.368764,0.316145,0.260325,0.312450,0.243984,0.251783,0.180775,0.381604,0.200144,0.423716,0.184125,0.283550,0.331482,0.395967,0.301636,0.402038,0.399857,0.227546,0.101123,0.199030,0.326381,0.288074,0.537078,0.233751,0.329834,0.382499,0.379856,0.321679,0.375474,0.390170,0.099322,0.217058,0.312819,0.113078,0.567077,0.218072,0.297080,0.477565,0.255396,0.135913,0.258061,0.200261,0.503613,0.237943,0.370081,0.312316,0.147097,0.277879,0.322182,0.210471,0.383181,0.277327,0.254069,0.234420,0.328857,0.217660,0.200423,0.239348,0.276092,0.227246,0.103173,0.105375,0.477013,0.161681,0.256615,0.372747,0.294304,0.159570,0.281896,0.294897,0.259872,0.350687,0.360236,0.455966,0.358917,0.345201,0.124422,0.295112,0.473916,0.424676,0.211170,0.244896,0.244157,0.348739,0.196878,0.243757,0.346359,0.364248,0.134970,0.386696,0.100181,0.497261,0.349861,0.167920,0.314720,0.126123,0.133117,0.295641,0.339323,0.279750,0.431025,0.527302,0.393217,0.415807,0.411634,0.367181,0.271275,0.171155,0.263763,0.220407,0.298542,0.242304,0.391237,0.455323,0.271967,0.188466,0.224220,0.430617,0.248622,0.365280,0.250207,0.124356,0.118611,0.193688,0.347808,0.014287,0.143477
183,0.214550,0.238599,0.295691,0.132340,0.226795,0.242419,0.134634,0.258129,0.326260,0.285444,0.291281,0.411672,0.286117,0.209293,0.067885,0.234609,0.188962,0.309885,0.297374,0.412371,0.197623,0.192216,0.327223,0.269297,0.191453,0.054562,0.020213,0.178815,0.316935,0.245134,0.307720,0.204707,0.204307,0.178213,0.345054,0.237918,0.162990,0.425463,0.110064,0.199289,0.163933,0.159138,0.263426,0.439489,0.171824,0.285324,0.304570,0.345058,0.188184,0.043418,0.232175,-0.035899,0.203533,0.135569,0.102996,0.505711,0.188555,0.174795,0.142784,0.245463,0.099936,0.359026,0.166534,0.185514,0.221016,1.000000,0.248912,0.136269,0.232493,0.082726,0.144245,0.052979,0.167052,0.071544,0.112357,0.291580,0.104002,0.273297,0.271175,0.171976,0.159596,0.171848,0.237360,0.229064,0.207683,0.244293,0.062260,0.448754,0.154859,0.483782,0.087173,0.193397,0.095060,0.031146,0.476890,0.278410,0.265046,0.284405,0.209340,0.126694,0.240422,0.101206,0.231054,0.411174,0.072680,0.159594,0.165013,0.286044,0.177982,0.073942,0.314824,0.306722,0.095546,0.208489,0.062337,0.365417,0.035420,0.106023,0.432458,0.038213,0.324448,0.141179,0.370980,0.250757,0.187153,0.243943,0.252967,0.276403,0.178803,0.203016,0.196121,0.251686,0.107515,0.160591,0.164235,0.266686,0.145798,0.256831,0.156471,0.083844,0.168950,0.287793,0.157070,0.021704,0.389357,0.255654,0.159104,0.170575,0.152531,0.140888,0.249102,0.125345,0.153562,0.367162,0.130726,0.102928,0.004043,0.290422,0.369077,0.146053,0.171080,0.098643,0.262901,0.126795,0.137315,0.125065,0.127010,0.148330,0.173178,0.105754,0.062685,0.153036,0.077846,0.168643,0.205714,0.268272,0.151415,0.313474,0.213650,0.166812,0.129665,0.163806,0.096490,0.111217,0.337038,0.058777,0.212190,0.288814,0.049084,0.313332,0.316672,0.318812,0.218501,0.109871,0.132078,0.172498,0.272104,0.383520,0.005073,0.147546,0.221232,0.283797,0.211787,0.250886,0.369748,0.393434,0.174550,0.252598,0.087264,0.024551,0.308796,0.195716,0.288383,0.371265,0.162528,0.260658,0.196664,0.170469,0.166164,0.067730,0.427177,0.350713,0.021780,0.169220,0.099913,0.137952,0.217564,0.164702,0.155072,0.055205,0.187701,0.399408,0.268219,0.234553,0.148592,-0.055519,0.275988,0.238765,-0.004581,0.164588
190,0.176036,0.239545,0.578111,0.175861,0.219779,0.284851,0.213661,0.380086,0.449741,0.460694,0.350350,0.244273,0.214480,0.399672,0.210206,0.266702,0.286239,0.297316,0.413710,0.243162,0.365392,0.295964,0.373847,0.561202,0.488410,0.229100,0.097537,0.477768,0.433391,0.418811,0.258308,0.329755,0.471154,0.127000,0.338470,0.607782,0.113775,0.365289,0.300326,0.319593,0.295874,0.537936,0.207397,0.262826,0.274598,0.372467,0.369691,0.174162,0.263429,0.115318,0.313543,0.069000,0.351064,0.160783,0.123079,0.310064,0.276974,0.178259,0.295526,0.471490,0.390884,0.235803,0.405334,0.221661,0.437965,0.248912,1.000000,0.334371,0.325048,0.324594,0.200859,0.361986,0.272184,0.231371,0.231586,0.301700,0.252680,0.090901,0.398141,0.582075,0.595854,0.141052,0.369878,0.196342,0.156168,0.183370,0.270815,0.205063,0.248506,0.147793,0.382374,0.478577,0.322465,0.252133,0.247586,0.224858,0.392394,0.537357,0.225257,0.509342,0.456885,0.133654,0.365574,0.257997,0.309693,0.258425,0.107112,0.345215,0.323944,0.191510,0.250913,0.166928,0.223100,0.503731,0.144007,0.268791,0.589868,0.203662,0.279162,0.108973,0.367446,0.238375,0.395769,0.200935,0.309167,0.281206,0.248051,0.354059,0.234381,0.462725,0.373084,0.187841,0.203049,0.414272,0.308902,0.370891,0.312663,0.361463,0.198873,0.249267,0.360891,0.398634,0.407096,0.116719,0.236655,0.268675,0.138163,0.401229,0.240916,0.284138,0.279245,0.304330,0.389660,0.251506,0.219496,0.438820,0.232543,0.357614,0.307215,0.223193,0.090896,0.231465,0.219910,0.299418,0.408633,0.283216,0.231871,0.290663,0.325337,0.215021,0.204466,0.250896,0.181297,0.113389,0.183904,0.365052,0.211663,0.266709,0.265681,0.295466,0.299978,0.358811,0.422062,0.134749,0.411443,0.401957,0.425512,0.280416,0.108056,0.192228,0.277894,0.339006,0.589617,0.144623,0.441194,0.397427,0.468309,0.269212,0.283146,0.224901,0.455971,0.146138,0.356088,0.191382,0.375068,0.328447,0.174121,0.461715,0.110932,0.223842,0.201437,0.309438,0.238423,0.373417,0.280365,0.454381,0.565190,0.354661,0.284534,0.352781,0.269834,0.220937,0.125833,0.146631,0.380611,0.355819,0.526800,0.409938,0.410237,0.221492,0.504776,0.253054,0.343549,0.280596,0.309552,0.220032,0.237079,0.487840,-0.010176,0.180838
197,0.208568,0.474800,0.243623,0.509521,0.283852,0.324423,0.247691,0.454919,0.220145,0.414997,0.401135,0.309953,0.272005,0.171482,0.308159,0.460090,0.264814,0.260100,0.245284,0.256401,0.292409,0.347238,0.326845,0.334242,0.222363,0.218963,0.435502,0.184705,0.443733,0.354430,0.257695,0.208128,0.253130,0.190027,0.396347,0.369919,0.158595,0.489776,0.208135,0.115952,0.163450,0.283950,0.324907,0.399810,0.382715,0.477550,0.237034,0.158551,0.300319,0.215222,0.412966,0.088662,0.477912,0.273975,0.178525,0.340095,0.301278,0.118707,0.246416,0.562903,0.247632,0.266704,0.449103,0.192097,0.289990,0.136269,0.334371,1.000000,0.310027,0.463872,0.202064,0.322442,0.208346,0.328577,0.402208,0.482254,0.347517,0.221813,0.313472,0.389302,0.244577,0.418614,0.247904,0.099862,0.255922,0.302625,0.441908,0.267620,0.397317,0.258006,0.345861,-0.006270,0.132215,0.179836,0.285777,0.293197,0.297854,0.375337,0.319172,0.127832,0.306913,0.236798,0.378698,0.290149,0.198420,0.463398,0.066968,0.366407,0.679347,0.239173,0.180047,0.387528,0.179056,0.276763,0.437008,0.278162,0.239870,0.096991,0.379627,0.484288,0.251905,0.177320,0.295677,0.394228,0.338186,0.373760,0.443058,0.212201,0.353100,0.343362,0.333028,0.213328,0.322730,0.450508,0.248833,0.456356,0.182525,0.153028,0.398393,0.266525,0.369663,0.304108,0.436782,0.183603,0.157795,0.245420,0.438303,0.339649,0.365214,0.436376,0.387542,0.301066,0.265266,0.331725,0.221544,0.391912,0.207329,0.507177,0.513232,0.218121,0.468542,0.289923,0.191934,0.313334,0.297984,0.246289,0.378862,0.208743,0.315139,0.316533,0.403487,0.249543,0.116330,0.292514,0.307713,0.355871,0.216201,0.350090,0.407859,0.323671,0.098421,0.285468,0.347524,0.455309,0.287496,0.210480,0.426804,0.227244,0.412542,0.193767,0.433985,0.427234,0.305408,0.319209,0.209624,0.102288,0.258289,0.354228,0.240111,0.314984,0.247608,0.309776,0.491119,0.282821,0.304724,0.421822,0.265022,0.258805,0.329064,0.167494,0.348116,0.307994,0.133197,0.361505,0.381286,0.342356,0.226983,0.226367,0.416357,0.149322,0.196783,0.220799,0.439677,0.279226,0.136091,0.365491,0.214030,0.311054,0.267554,0.270923,0.312373,0.421680,0.559821,0.450058,0.081221,0.238387,0.175123,0.406798,0.109387,0.231288
198,0.153353,0.238960,0.407356,0.237364,0.197232,0.501889,0.456256,0.213480,0.265157,0.374039,0.223961,0.303655,0.217711,0.345791,0.155960,0.317984,0.330342,0.262575,0.459692,0.302054,0.289749,0.337310,0.327546,0.304147,0.233959,0.066841,0.109415,0.381983,0.323773,0.537242,0.264022,0.220195,0.289228,0.204778,0.340160,0.329376,0.184605,0.416692,0.381323,0.254927,0.366764,0.307494,0.228635,0.305486,0.227587,0.441383,0.196149,0.263131,0.176299,0.068531,0.199043,-0.004365,0.331033,0.181598,0.096647,0.295470,0.202523,0.179817,0.594771,0.394134,0.250745,0.230444,0.282184,0.477493,0.395631,0.232493,0.325048,0.310027,1.000000,0.500105,0.114996,0.384728,0.352697,0.198849,0.161469,0.424675,0.135156,0.167941,0.313490,0.350593,0.288690,0.268230,0.206296,0.139906,0.069204,0.185164,0.112048,0.282841,0.226114,0.280561,0.118973,0.272662,0.182706,0.287860,0.389301,0.285848,0.596132,0.293198,0.234511,0.318853,0.235112,0.157252,0.428970,0.279588,0.240323,0.187684,0.175391,0.328562,0.249841,0.128063,0.213083,0.233758,0.375192,0.284998,0.192454,0.232161,0.227884,0.232753,0.284117,0.100122,0.249447,0.163951,0.230932,0.279683,0.600028,0.177419,0.260388,0.342936,0.171580,0.533080,0.290094,0.195935,0.132047,0.387188,0.536760,0.318441,0.378469,0.271780,0.089647,0.237916,0.177990,0.216021,0.248870,0.035120,0.318400,0.188565,0.118643,0.372350,0.138773,0.258179,0.319979,0.331300,0.371274,0.238474,0.402776,0.330324,0.111646,0.330907,0.433724,0.148094,0.228026,0.121347,0.128492,0.258845,0.293272,0.283189,0.329607,0.159567,0.391878,0.290230,0.085547,0.327467,0.602978,0.273863,0.315950,0.348255,0.198138,0.316095,0.337521,0.195761,0.244022,0.183023,0.364426,0.193554,0.215864,0.223717,0.315141,0.245901,0.128685,0.194801,0.342595,0.392118,0.338040,0.166770,0.057380,0.254050,0.323190,0.275226,0.106552,0.178939,0.264330,0.232782,0.299734,0.269384,0.413100,0.342355,0.086509,0.257961,0.189515,0.098393,0.334816,0.581943,0.245005,0.372946,0.207209,0.599969,0.295447,0.309806,0.252654,0.343519,0.157253,0.259235,0.126134,0.062120,0.387679,0.239041,0.337411,0.249195,0.245043,0.057092,0.222922,0.355806,0.245567,0.177546,0.400335,0.234844,0.238503,0.281595,-0.016072,0.168112
199,0.201158,0.254243,0.273415,0.276545,0.170254,0.389664,0.295434,0.388812,0.230277,0.356310,0.219277,0.212184,0.196660,0.198796,0.225949,0.421344,0.305508,0.284141,0.280922,0.194526,0.362995,0.228799,0.281732,0.262185,0.230903,0.248443,0.181090,0.328546,0.332895,0.397421,0.210219,0.348722,0.266883,0.095128,0.277426,0.283591,0.219695,0.375920,0.414123,0.260207,0.227445,0.298100,0.226603,0.230010,0.332112,0.442869,0.174418,0.116295,0.296109,0.135387,0.219308,0.071766,0.424125,0.386739,0.112553,0.223775,0.267857,0.309906,0.422433,0.387665,0.348464,0.237367,0.278860,0.384314,0.304714,0.082726,0.324594,0.463872,0.500105,1.000000,0.085064,0.360747,0.265342,0.259403,0.263944,0.383005,0.224492,0.200668,0.313485,0.384203,0.268042,0.362376,0.322139,0.164857,0.233440,0.147640,0.229760,0.284670,0.285969,0.126369,0.225613,0.106921,0.148769,0.236481,0.284188,0.180056,0.409387,0.340974,0.213996,0.215721,0.298084,0.330938,0.362402,0.153773,0.188530,0.282559,0.164961,0.351623,0.381627,0.045731,0.197254,0.227301,0.245928,0.268902,0.236150,0.318531,0.292279,0.107088,0.224667,0.165033,0.313503,0.149643,0.266499,0.243127,0.413908,0.284414,0.295637,0.100586,0.254836,0.386247,0.279014,0.157598,0.156451,0.441129,0.340247,0.362633,0.276795,0.112624,0.221980,0.322340,0.264194,0.245736,0.451687,0.088312,0.127083,0.263719,0.151457,0.336981,0.254668,0.399054,0.320190,0.349394,0.381337,0.312546,0.469452,0.412040,0.244324,0.420393,0.331156,0.264042,0.267775,0.113485,0.195179,0.356331,0.280248,0.311345,0.266699,0.289688,0.463042,0.341271,0.244285,0.364855,0.317362,0.298485,0.355762,0.290276,0.225580,0.317594,0.306114,0.189109,0.161618,0.205393,0.326438,0.247676,0.224749,0.167714,0.309446,0.279026,0.277242,0.085907,0.480823,0.384648,0.307909,0.235884,0.165526,0.219209,0.256224,0.210816,0.255725,0.298727,0.224940,0.139650,0.399128,0.234979,0.289997,0.286703,0.137194,0.224784,0.185761,0.194894,0.350216,0.372147,0.198520,0.260345,0.302324,0.469166,0.270593,0.248448,0.390582,0.218559,0.126088,0.216348,0.202984,0.122758,0.320366,0.341472,0.253617,0.215021,0.205689,0.045975,0.203131,0.290389,0.356680,0.284616,0.355693,0.272577,0.120441,0.232160,-0.015065,0.176324
205,0.259241,0.503946,0.175845,0.347747,0.379187,0.112433,0.118608,0.255154,0.076911,0.178598,0.240839,0.150282,0.258526,0.017431,0.344703,0.193053,0.340383,0.201029,0.117140,0.098763,0.117877,0.376242,0.321945,0.327760,0.191025,0.517574,0.197616,0.039025,0.240084,0.165592,0.207617,0.113622,0.208243,0.245781,0.377922,0.297831,0.161021,0.162577,0.145286,0.073613,0.124295,0.134933,0.306111,0.178527,0.182699,0.229010,0.281099,0.079244,0.239938,0.461339,0.430805,0.564296,0.333945,0.160853,0.158769,0.238031,0.254865,0.152224,-0.029636,0.247367,0.183514,0.169258,0.334997,0.008961,0.192285,0.144245,0.200859,0.202064,0.114996,0.085064,1.000000,0.022993,0.136820,0.186553,0.426829,0.242982,0.296114,0.316319,0.370367,0.214265,0.112094,0.199296,0.176603,0.234027,0.260714,0.162135,0.261346,0.191253,0.325772,0.199223,0.275078,0.010245,0.090310,0.003264,0.108596,0.426726,0.158225,0.176478,0.368434,0.064101,0.285881,0.235904,0.186873,0.305892,0.097791,0.315077,0.026595,0.372879,0.232212,0.232142,0.211087,0.316722,-0.064321,0.131341,0.223409,0.237549,0.172776,0.097941,0.285597,0.443544,0.216574,0.370716,0.285493,0.179205,0.111619,0.351634,0.279734,0.131260,0.242482,0.078542,0.226579,0.291614,0.159631,0.355142,0.047264,0.257145,0.114548,0.108574,0.385300,0.113251,0.324190,0.196704,0.167082,0.600655,0.125479,0.175804,0.261506,0.240830,0.395564,0.373791,0.231022,0.118088,0.078721,0.283032,0.109662,0.095909,0.015291,0.296541,0.174789,0.255304,0.205189,0.156086,0.203640,0.260326,0.285233,0.251114,0.241275,0.189986,0.188892,0.250833,0.273993,0.134964,0.037786,0.235587,0.194055,0.161709,0.147141,0.282748,0.173546,0.342849,0.061751,0.260074,0.146189,0.270239,0.241920,0.131465,0.198150,0.226610,0.262124,0.125570,0.239669,0.362054,0.324087,0.241877,0.165216,0.199524,0.115415,0.165811,0.203088,0.193044,0.128603,0.141779,0.311519,0.107902,0.187395,0.266037,0.220362,0.088223,0.178820,0.145714,0.247793,0.022957,0.179881,0.287818,0.342029,0.107681,0.225517,0.097260,0.371868,0.103258,0.151684,0.238661,0.335551,0.297568,0.019629,0.299999,0.108198,0.199149,0.241947,0.324661,0.246630,0.173462,0.335618,0.280921,0.187592,-0.015624,0.531811,0.400187,0.349503,0.506239
206,0.099316,0.179484,0.322870,0.209433,0.043052,0.387352,0.399682,0.276847,0.290294,0.356326,0.198643,0.178380,0.108362,0.415651,0.116075,0.352140,0.242901,0.164976,0.423901,0.111413,0.421719,0.212644,0.215328,0.252250,0.190736,0.127217,0.120782,0.388531,0.311948,0.294264,0.139892,0.216957,0.203868,0.069280,0.225320,0.375818,0.120882,0.399974,0.325113,0.227116,0.347796,0.358141,0.180137,0.231543,0.261709,0.431456,0.042133,0.082243,0.240022,0.095836,0.204528,0.004733,0.353052,0.309448,0.081651,0.208524,0.139021,0.182206,0.365220,0.363930,0.240534,0.211445,0.323969,0.280020,0.341398,0.052979,0.361986,0.322442,0.384728,0.360747,0.022993,1.000000,0.309009,0.210377,0.118657,0.307877,0.219738,0.063631,0.271010,0.377024,0.419330,0.242990,0.113999,0.085123,0.048982,0.140503,0.195397,0.167770,0.236914,0.038423,0.138147,0.156241,0.365510,0.345093,0.200000,0.137789,0.372395,0.268090,0.183834,0.424619,0.265282,0.102316,0.465281,0.126915,0.278634,0.119423,0.139123,0.174588,0.340490,0.047821,0.079161,0.120990,0.361085,0.341174,0.250066,0.132925,0.326422,0.233930,0.198922,0.137395,0.165900,0.144657,0.213732,0.194500,0.423506,0.209177,0.266849,0.375113,0.236903,0.403847,0.248307,0.150595,0.173629,0.371759,0.373650,0.327790,0.368292,0.162254,0.084695,0.286632,0.186028,0.160907,0.315675,0.017819,0.161546,0.175841,0.092496,0.333852,0.091969,0.293587,0.322137,0.289180,0.253672,0.161758,0.150263,0.372476,0.152993,0.335604,0.258356,0.150122,0.212153,0.120832,0.051870,0.265998,0.426467,0.230080,0.253867,0.244020,0.308690,0.159771,0.118863,0.171063,0.366794,0.091368,0.165172,0.363064,0.175025,0.151282,0.313200,0.163865,0.090588,0.145099,0.565811,0.181643,0.168990,0.193285,0.398706,0.196948,0.066300,0.062978,0.317495,0.289625,0.348410,0.086261,0.180115,0.221494,0.308614,0.220627,0.281658,0.235453,0.294011,0.094519,0.216572,0.150200,0.272506,0.254502,0.088809,0.275107,0.152572,0.102071,0.216524,0.476679,0.207246,0.272330,0.228171,0.421683,0.206237,0.315976,0.259388,0.251937,0.095930,0.125952,0.128174,0.039825,0.172322,0.244756,0.404899,0.389755,0.190400,0.069462,0.228631,0.218108,0.312330,0.140449,0.239767,0.128210,0.025278,0.232459,-0.064954,0.050798
207,0.258643,0.197255,0.199159,0.182341,0.115818,0.393642,0.293968,0.343110,0.143892,0.363326,0.268399,0.145348,0.115246,0.182958,0.172568,0.370808,0.371196,0.347068,0.352714,0.170766,0.326626,0.261299,0.427770,0.330589,0.154849,0.132444,0.018635,0.246136,0.294906,0.289664,0.134963,0.413487,0.229098,0.130252,0.305282,0.403970,0.151420,0.240709,0.322412,0.309354,0.410903,0.314819,0.228005,0.253881,0.166141,0.448885,0.315146,0.166807,0.292211,0.141704,0.299118,0.023692,0.395315,0.269682,0.143539,0.324810,0.176032,0.467442,0.315496,0.339149,0.275670,0.180541,0.394927,0.353725,0.308511,0.167052,0.272184,0.208346,0.352697,0.265342,0.136820,0.309009,1.000000,0.233288,0.222147,0.277073,0.190615,0.086560,0.311578,0.299729,0.370938,0.189043,0.153190,0.338098,0.312968,0.259040,0.191207,0.280861,0.274002,0.096573,0.185984,0.015341,0.260890,0.141282,0.248047,0.174541,0.317963,0.243535,0.200017,0.406173,0.415982,0.309278,0.456812,0.206963,0.299149,0.222081,0.238312,0.254953,0.178623,0.139213,0.276711,0.178851,0.243432,0.230337,0.227586,0.217098,0.281280,0.307602,0.176973,0.138270,0.464526,0.132340,0.481803,0.178107,0.433542,0.303136,0.295016,0.320261,0.200108,0.409218,0.159166,0.231201,0.100247,0.363756,0.331746,0.383133,0.278075,0.203606,0.212178,0.185389,0.290475,0.214905,0.322767,0.098393,0.315696,0.491628,0.162451,0.306004,0.121442,0.254603,0.332869,0.168374,0.110326,0.264368,0.241610,0.303470,0.058841,0.246757,0.267831,0.282334,0.150537,0.252552,0.204752,0.305982,0.296527,0.361973,0.141917,0.423441,0.256866,0.336240,0.205540,0.273676,0.454136,0.124274,0.239722,0.358683,0.196686,0.242187,0.426048,0.192754,0.149329,0.193937,0.490088,0.267269,0.450948,0.274952,0.451004,0.349382,0.172255,0.168843,0.283465,0.304453,0.274629,0.226710,0.077979,0.372276,0.184075,0.241760,0.250459,0.192666,0.265930,0.219926,0.369157,0.125750,0.343202,0.240971,0.107238,0.210277,0.181680,0.145442,0.255998,0.497908,0.451803,0.261270,0.276451,0.412344,0.218920,0.254589,0.296696,0.339217,0.276557,0.117553,0.122636,0.176908,0.138657,0.330860,0.390449,0.419915,0.132427,0.145325,0.250575,0.166289,0.395409,0.313778,0.271706,0.057675,0.142182,0.229874,0.014457,0.123052
209,0.212377,0.274794,0.154289,0.433919,0.097331,0.181924,0.138044,0.313640,0.107747,0.295462,0.304141,0.133574,0.096506,0.034426,0.489092,0.324392,0.211212,0.283446,0.205384,0.000645,0.194764,0.244999,0.179868,0.270478,0.150833,0.295562,0.263993,0.217818,0.259666,0.197097,0.207701,0.306775,0.159017,0.269859,0.135914,0.324373,0.239774,0.252647,0.159332,0.124997,0.051134,0.164978,0.184503,0.205168,0.219873,0.440572,0.209396,0.146729,0.355617,0.316138,0.366694,0.228953,0.513704,0.197804,0.046543,0.162880,0.295697,0.165480,0.181898,0.347190,0.210655,0.116910,0.262723,0.085825,0.356135,0.071544,0.231371,0.328577,0.198849,0.259403,0.186553,0.210377,0.233288,1.000000,0.480370,0.395491,0.423352,0.187424,0.288562,0.309510,0.240547,0.299085,0.217005,0.092130,0.146151,0.408881,0.318119,0.198359,0.232411,0.100646,0.346106,-0.009360,-0.003452,0.037191,0.149786,0.172473,0.179668,0.325645,0.164075,0.139323,0.327502,0.232420,0.259518,0.313428,0.151888,0.197384,0.059329,0.382959,0.353162,0.151377,0.153822,0.338382,0.097913,0.191504,0.291554,0.294301,0.215036,0.142774,0.134889,0.363531,0.305309,0.056775,0.329512,0.275258,0.195591,0.425450,0.379609,0.143177,0.240479,0.283151,0.248258,0.131441,0.113540,0.309277,0.231708,0.378280,0.113112,0.174831,0.401397,0.366089,0.382963,0.253020,0.368647,0.295929,0.177550,0.296196,0.233229,0.309997,0.353605,0.382750,0.379296,0.161009,0.124061,0.271768,0.088932,0.376486,0.172242,0.315268,0.206228,0.165726,0.364744,0.409544,0.320557,0.251161,0.102954,0.273079,0.148347,0.124094,0.116259,0.241663,0.458777,0.129390,0.208416,0.027135,0.155829,0.320544,0.129898,0.158977,0.338384,0.286119,0.020446,0.195372,0.253040,0.320776,0.261222,0.165482,0.334882,0.206126,0.489756,0.113957,0.355478,0.289848,0.198484,0.331506,0.168257,0.101481,0.142092,0.170670,0.153142,0.335147,0.176847,0.146441,0.344160,0.072168,0.258501,0.184456,0.277525,0.147615,0.073309,0.072129,0.194819,0.255267,0.220500,0.222658,0.456664,0.269448,0.129645,0.169653,0.392513,0.171282,0.038705,0.129557,0.472911,0.349171,0.082361,0.207350,0.162927,0.143419,0.159222,0.253364,0.241060,0.163535,0.446194,0.298452,0.018860,0.141555,0.050857,0.212201,0.182914,0.194472
211,0.259892,0.394771,0.195848,0.555751,0.256165,0.100564,0.115703,0.448271,0.105039,0.262860,0.360996,0.114164,0.086250,-0.009276,0.452650,0.300287,0.439965,0.381436,0.205359,-0.041751,0.155287,0.338655,0.331515,0.408056,0.206381,0.390452,0.253234,0.211983,0.413287,0.200791,0.207951,0.396322,0.296644,0.396871,0.321332,0.383434,0.297917,0.303901,0.177203,0.160856,-0.001027,0.207260,0.303921,0.182040,0.297466,0.470535,0.345608,0.108194,0.451041,0.433331,0.420810,0.320859,0.606267,0.285384,0.101543,0.228213,0.361869,0.304239,0.109251,0.434891,0.308318,0.104312,0.445418,0.073364,0.386419,0.112357,0.231586,0.402208,0.161469,0.263944,0.426829,0.118657,0.222147,0.480370,1.000000,0.323780,0.511214,0.140678,0.294464,0.400553,0.223830,0.287263,0.387219,0.096037,0.217690,0.381141,0.409115,0.183782,0.348057,0.157678,0.510446,0.058620,-0.110310,0.049895,0.104080,0.273676,0.221612,0.507884,0.237826,0.058536,0.487715,0.342022,0.301035,0.468021,0.195792,0.293797,0.022900,0.578145,0.285711,0.246254,0.349054,0.415937,0.064152,0.162693,0.453658,0.438459,0.243324,0.039731,0.215530,0.412213,0.434427,0.198694,0.491900,0.271371,0.147532,0.603110,0.349899,0.169616,0.295749,0.272138,0.286898,0.161061,0.187427,0.372294,0.093880,0.507255,0.122590,0.258686,0.790382,0.418027,0.409551,0.475407,0.423797,0.397637,0.166455,0.348169,0.409145,0.392159,0.531148,0.438578,0.354658,0.127099,0.064471,0.400852,0.116706,0.399450,0.259823,0.400388,0.235307,0.229422,0.375070,0.437516,0.418673,0.396004,0.220861,0.303034,0.294764,0.258844,0.147654,0.225346,0.560930,0.087278,0.060206,0.008808,0.125569,0.394353,0.229847,0.176828,0.300977,0.396536,0.022213,0.240560,0.180983,0.580734,0.430322,0.228743,0.381658,0.392267,0.588344,0.060398,0.336272,0.306374,0.341473,0.404501,0.292218,0.210645,0.207831,0.143566,0.231770,0.224834,0.214526,0.230019,0.407889,-0.012053,0.289094,0.310770,0.365120,0.194766,0.133430,0.013972,0.313556,0.170503,0.297856,0.283854,0.702411,0.295343,0.216849,0.172572,0.601269,0.199071,0.100234,0.258264,0.496166,0.514193,0.124468,0.321318,0.162927,0.194617,0.249137,0.452732,0.388345,0.297064,0.514141,0.512944,0.038845,0.195433,0.262440,0.290024,0.247892,0.352637
215,0.179551,0.512950,0.292947,0.493916,0.252532,0.313819,0.230831,0.430452,0.272840,0.424564,0.466873,0.316482,0.280009,0.195612,0.281068,0.552506,0.347286,0.290655,0.403736,0.199983,0.206274,0.357299,0.440095,0.341311,0.239533,0.223727,0.246236,0.355654,0.448724,0.329971,0.423008,0.272231,0.231245,0.218039,0.368455,0.419215,0.118013,0.446787,0.224192,0.252895,0.247360,0.336813,0.347046,0.363457,0.185149,0.484748,0.230651,0.206709,0.332088,0.171450,0.374217,0.073830,0.438595,0.359810,0.112741,0.357157,0.227866,0.255349,0.223606,0.522328,0.262901,0.389380,0.381412,0.219250,0.438797,0.291580,0.301700,0.482254,0.424675,0.383005,0.242982,0.307877,0.277073,0.395491,0.323780,1.000000,0.324077,0.401676,0.429099,0.357510,0.340894,0.387569,0.223977,0.221054,0.272484,0.193161,0.351693,0.332785,0.357754,0.289849,0.281647,0.064893,0.170818,0.184445,0.356786,0.456966,0.409610,0.353313,0.356492,0.289996,0.352537,0.280305,0.364712,0.371099,0.217532,0.337970,0.177869,0.467171,0.496688,0.153203,0.186493,0.263151,0.215830,0.390358,0.362361,0.304412,0.198102,0.216284,0.308042,0.312204,0.358771,0.195304,0.359856,0.403868,0.347559,0.321942,0.549114,0.431672,0.457320,0.301710,0.336307,0.254348,0.305083,0.419207,0.256000,0.470576,0.229106,0.279413,0.292641,0.347790,0.185958,0.229300,0.414738,0.087877,0.278307,0.295873,0.238923,0.422414,0.253417,0.349699,0.491323,0.204175,0.223450,0.382871,0.198066,0.329602,0.121530,0.589111,0.453138,0.165093,0.495458,0.204544,0.177132,0.353093,0.293511,0.280777,0.318238,0.222642,0.222423,0.313197,0.265830,0.179550,0.168894,0.227650,0.246009,0.463006,0.205803,0.409899,0.432768,0.260874,0.135061,0.166927,0.392883,0.330178,0.267187,0.163241,0.375517,0.247023,0.328671,0.180731,0.634177,0.528946,0.453244,0.339672,0.105744,0.233838,0.298567,0.390307,0.190727,0.359954,0.415790,0.285221,0.481436,0.237878,0.441474,0.438913,0.183890,0.212110,0.168712,0.100226,0.395960,0.356013,0.388475,0.554853,0.446743,0.376509,0.263201,0.266664,0.421585,0.186508,0.165691,0.217051,0.320777,0.257945,0.180388,0.364004,0.400522,0.358811,0.218308,0.171748,0.347660,0.486368,0.504653,0.322716,0.184186,0.150189,0.253221,0.326384,0.048166,0.260984
221,0.324022,0.281490,0.149334,0.449242,0.282795,0.178369,0.054130,0.387010,0.122688,0.339583,0.353787,0.167452,0.139832,-0.010315,0.390775,0.359235,0.374610,0.323785,0.155332,0.037843,0.193410,0.250902,0.284711,0.326586,0.091130,0.432713,0.274784,0.202195,0.477849,0.143999,0.265982,0.276430,0.356555,0.338882,0.367635,0.413273,0.207778,0.222685,0.128127,0.025896,0.012230,0.244402,0.211102,0.194803,0.275920,0.473440,0.230307,0.050057,0.655326,0.354411,0.367295,0.262760,0.490001,0.307467,0.052109,0.172082,0.301322,0.160375,0.064427,0.304630,0.154794,0.033962,0.383546,0.066499,0.446157,0.104002,0.252680,0.347517,0.135156,0.224492,0.296114,0.219738,0.190615,0.423352,0.511214,0.324077,1.000000,0.115747,0.351162,0.442911,0.324302,0.308041,0.469067,0.072581,0.100291,0.385171,0.443439,0.226434,0.296872,0.177129,0.360791,0.052924,-0.029400,0.044112,0.087744,0.240017,0.164723,0.396097,0.212212,0.200330,0.381607,0.161776,0.258322,0.325928,0.229606,0.262484,0.039707,0.476190,0.407558,0.167807,0.192095,0.403851,-0.006116,0.118891,0.358657,0.359803,0.225486,-0.007663,0.211782,0.467498,0.254302,0.100403,0.361228,0.313128,0.116532,0.457000,0.430067,0.166452,0.229396,0.268954,0.234786,0.219990,0.146005,0.337949,0.118979,0.518540,0.185742,0.165705,0.538605,0.467248,0.427941,0.281039,0.412063,0.320728,0.190052,0.254311,0.352450,0.400691,0.477197,0.478824,0.438257,0.047472,0.027615,0.294439,0.028566,0.453546,0.226171,0.352904,0.228988,0.351467,0.320165,0.385987,0.290225,0.365362,0.226910,0.301528,0.318205,0.110268,0.121111,0.276441,0.526292,0.204629,0.072018,0.174429,0.161867,0.367333,0.203456,0.139816,0.426197,0.375174,-0.006871,0.229453,0.271804,0.324101,0.261061,0.168692,0.471000,0.266174,0.451446,0.049782,0.269316,0.387640,0.308815,0.285242,0.193226,0.050812,0.221198,0.116833,0.268942,0.317784,0.314413,0.109583,0.397733,-0.097783,0.203758,0.298123,0.344032,0.212596,0.090966,0.163558,0.236344,0.204146,0.170412,0.279322,0.467634,0.194729,0.274161,0.200764,0.535820,0.145399,0.143845,0.192069,0.468135,0.344777,0.089178,0.311871,0.185761,0.265380,0.183020,0.356423,0.335528,0.229425,0.512039,0.351089,-0.022520,0.002120,0.171093,0.324100,0.219309,0.164180
224,0.134955,0.384188,0.187147,0.373051,0.350058,0.225461,0.125745,0.171498,0.142755,0.102866,0.235180,0.160097,0.197447,0.196367,0.182968,0.293046,0.134042,0.135181,0.175145,0.190688,0.063118,0.167072,0.322441,0.182342,0.087298,0.114384,0.115751,0.032914,0.173874,0.109343,0.444692,0.097443,0.078856,0.105798,0.341831,0.170588,0.163553,0.213325,0.155551,0.223166,0.093067,0.065674,0.322492,0.220165,0.068791,0.145820,0.118652,0.120829,0.142452,0.098467,0.246176,0.054425,0.275349,0.168130,0.131525,0.173514,0.192588,0.093312,0.058424,0.171630,0.037441,0.437341,0.128317,0.112643,0.118831,0.273297,0.090901,0.221813,0.167941,0.200668,0.316319,0.063631,0.086560,0.187424,0.140678,0.401676,0.115747,0.999999,0.293575,0.138322,0.054962,0.191966,0.080315,0.243741,0.309155,0.024440,0.085176,0.290963,0.323814,0.335305,0.076027,-0.000252,0.057421,0.057096,0.227102,0.480065,0.147683,0.043308,0.305315,0.038621,0.119256,0.194985,0.137679,0.292748,0.048765,0.246077,0.082530,0.372839,0.209667,0.072053,0.126963,0.156470,0.123002,0.229064,0.155162,0.158647,-0.015416,0.122790,0.184903,0.153606,0.199737,0.184802,0.156866,0.220232,0.186323,0.180108,0.438790,0.217962,0.351227,0.058664,0.314344,0.352734,0.212295,0.177585,0.051653,0.251138,0.150464,0.261238,0.070377,0.094002,0.142498,0.054417,0.213221,0.085851,0.141243,0.170838,0.166108,0.108109,0.122442,0.241480,0.269026,0.087829,0.130001,0.226194,0.059325,0.022347,-0.048150,0.381021,0.313260,0.095618,0.311043,0.035103,0.024591,0.221858,0.137907,0.179434,0.198270,0.120215,0.103709,0.096463,0.015880,0.045376,0.075032,0.228923,0.093031,0.130494,0.058341,0.349222,0.146162,0.216611,0.083906,0.101139,0.058615,0.241896,0.133293,0.001373,0.065940,0.199802,0.194122,0.127655,0.438822,0.343149,0.258123,0.298101,0.037366,0.136895,0.145997,0.206897,0.019968,0.234878,0.154630,0.153125,0.323342,0.334312,0.202914,0.248408,0.037485,0.069785,0.183055,0.059601,0.301393,0.084262,0.137281,0.386275,0.193716,0.131265,0.113794,0.060468,0.232413,0.006361,0.148806,0.089022,0.201617,0.132201,-0.028200,0.256588,0.122560,0.189131,0.243521,0.082460,0.155858,0.389259,0.292956,0.216573,0.179588,0.086824,0.353221,0.209850,0.075906,0.353854
225,0.215857,0.438858,0.354120,0.332035,0.300881,0.358940,0.230585,0.366066,0.235678,0.425279,0.429865,0.256838,0.329342,0.230230,0.330029,0.464233,0.370993,0.372464,0.345505,0.300486,0.342436,0.452860,0.476044,0.382699,0.243607,0.250739,0.159147,0.308554,0.414321,0.435236,0.340348,0.323678,0.349131,0.275933,0.438469,0.483134,0.117862,0.381906,0.349375,0.265390,0.235135,0.330913,0.423870,0.382721,0.241487,0.393502,0.212075,0.219913,0.424441,0.225025,0.464282,0.143101,0.447395,0.286604,0.216181,0.416292,0.387780,0.317520,0.256563,0.458916,0.226876,0.274264,0.411810,0.312650,0.480507,0.271175,0.398141,0.313472,0.313490,0.313485,0.370367,0.271010,0.311578,0.288562,0.294464,0.429099,0.351162,0.293575,1.000000,0.372473,0.288223,0.239127,0.330315,0.356694,0.399024,0.225120,0.255851,0.347953,0.359069,0.303467,0.282800,0.181067,0.181401,0.141836,0.230609,0.475055,0.391901,0.370562,0.339025,0.312172,0.404884,0.288916,0.423133,0.402870,0.234664,0.388274,0.148519,0.458296,0.400240,0.307988,0.304744,0.289177,0.158239,0.334741,0.245568,0.325232,0.253715,0.214826,0.393744,0.188710,0.366186,0.333878,0.432066,0.318872,0.295424,0.335022,0.341893,0.242568,0.359116,0.389679,0.363054,0.316670,0.184998,0.508307,0.290586,0.461653,0.221501,0.220522,0.335797,0.272460,0.423347,0.280261,0.384409,0.112373,0.268467,0.350779,0.155546,0.441089,0.381422,0.398311,0.435550,0.249590,0.206585,0.284609,0.266154,0.309077,0.082029,0.389551,0.307149,0.297843,0.208571,0.156965,0.231246,0.340644,0.314618,0.380958,0.286700,0.309464,0.341195,0.241927,0.261144,0.280158,0.208541,0.301851,0.279927,0.366763,0.191028,0.449117,0.370586,0.422873,0.175914,0.273250,0.355754,0.230833,0.368677,0.285580,0.392295,0.377138,0.256825,0.230247,0.348238,0.545897,0.371827,0.224568,0.205142,0.298101,0.282569,0.346785,0.202226,0.400127,0.273340,0.213769,0.458430,0.214530,0.370241,0.460077,0.161640,0.170009,0.179268,0.261442,0.347551,0.278688,0.245904,0.553062,0.370813,0.394308,0.303938,0.297291,0.380893,0.234238,0.308370,0.299993,0.173073,0.292914,0.181464,0.481904,0.322590,0.322010,0.293896,0.332991,0.350760,0.368477,0.454341,0.231786,0.220990,0.144369,0.397892,0.535613,0.041371,0.341009
226,0.280984,0.298008,0.527197,0.335799,0.268667,0.282611,0.221072,0.463135,0.333052,0.498804,0.331991,0.216483,0.216155,0.343916,0.254954,0.325559,0.301126,0.288474,0.385051,0.128110,0.394075,0.328679,0.340918,0.462339,0.387793,0.275742,0.180552,0.414070,0.480892,0.383621,0.330396,0.326682,0.486773,0.317099,0.363407,0.545256,0.174701,0.385798,0.293070,0.213591,0.207905,0.383302,0.285399,0.309077,0.361366,0.511819,0.336620,0.188699,0.377840,0.225722,0.403631,0.163987,0.475647,0.247373,0.137377,0.287433,0.369059,0.192635,0.293251,0.527449,0.366139,0.187107,0.459356,0.220567,0.479809,0.171976,0.582075,0.389302,0.350593,0.384203,0.214265,0.377024,0.299729,0.309510,0.400553,0.357510,0.442911,0.138322,0.372473,1.000000,0.475119,0.326971,0.407605,0.158399,0.173223,0.348132,0.366265,0.339087,0.327123,0.203853,0.505806,0.387119,0.192933,0.204058,0.209695,0.261618,0.374200,0.515375,0.249105,0.368271,0.460837,0.196039,0.400174,0.289315,0.407487,0.268737,0.108044,0.402933,0.390764,0.193298,0.242519,0.335350,0.111506,0.538392,0.288914,0.314382,0.511285,0.115543,0.310532,0.299932,0.367138,0.131073,0.402026,0.293315,0.370005,0.413444,0.353570,0.337310,0.260290,0.451487,0.297176,0.235510,0.213346,0.435697,0.324066,0.572101,0.389987,0.399316,0.335800,0.356869,0.411747,0.408745,0.505628,0.212089,0.225041,0.254096,0.312445,0.441246,0.314702,0.470937,0.389594,0.264187,0.260522,0.314305,0.271166,0.522511,0.368004,0.451917,0.301666,0.308531,0.229439,0.469239,0.238002,0.365842,0.377418,0.399529,0.233757,0.273684,0.223763,0.362866,0.304447,0.314900,0.309897,0.166909,0.231179,0.441650,0.150990,0.288362,0.459815,0.420500,0.116588,0.458610,0.425176,0.268802,0.357137,0.305337,0.468582,0.280082,0.282802,0.159277,0.357720,0.398367,0.559779,0.248269,0.527488,0.284361,0.484676,0.278168,0.397630,0.258119,0.521530,0.161321,0.451565,0.095579,0.422276,0.378753,0.265220,0.410119,0.151740,0.243746,0.206043,0.417511,0.222973,0.385428,0.431297,0.469938,0.457439,0.372444,0.396857,0.265454,0.155228,0.219656,0.310350,0.274078,0.285852,0.459912,0.446132,0.474418,0.343726,0.264006,0.566423,0.293817,0.553599,0.373716,0.248008,0.187465,0.223404,0.402191,0.125964,0.268011
227,0.169380,0.164260,0.488997,0.207615,0.074315,0.323395,0.292711,0.413219,0.501213,0.481057,0.250830,0.131479,0.113452,0.358122,0.168261,0.295507,0.252962,0.337097,0.342024,0.160582,0.385196,0.248837,0.303404,0.512609,0.437504,0.133774,0.065872,0.511478,0.409485,0.363430,0.161791,0.275117,0.406963,0.105693,0.254352,0.707325,0.156198,0.342185,0.198140,0.257074,0.379559,0.592020,0.163692,0.174934,0.182212,0.362165,0.343949,0.017113,0.260797,0.095913,0.312371,0.012581,0.381943,0.223565,0.094123,0.224687,0.139919,0.151807,0.215884,0.453968,0.323328,0.122919,0.384502,0.164282,0.427395,0.159596,0.595854,0.244577,0.288690,0.268042,0.112094,0.419330,0.370938,0.240547,0.223830,0.340894,0.324302,0.054962,0.288223,0.475119,1.000000,0.147019,0.272360,0.173560,0.138784,0.253419,0.227429,0.193605,0.200530,0.067311,0.367906,0.295528,0.407423,0.224079,0.218560,0.154749,0.378965,0.528231,0.147924,0.573332,0.409025,0.105852,0.495625,0.248201,0.282962,0.195559,0.089871,0.305535,0.301274,0.054034,0.171249,0.152444,0.162212,0.473189,0.160215,0.207121,0.591641,0.271054,0.187648,0.121072,0.304350,0.153176,0.367625,0.157870,0.353250,0.314952,0.285153,0.403640,0.240694,0.438247,0.263936,0.130987,0.157416,0.406740,0.282866,0.397274,0.255130,0.233843,0.196585,0.260710,0.276581,0.347179,0.345547,0.013552,0.203115,0.284577,0.112652,0.395460,0.142433,0.283598,0.282725,0.266339,0.248721,0.327702,0.162921,0.420720,0.121549,0.298518,0.225723,0.131793,0.177196,0.281059,0.244319,0.335494,0.469511,0.308540,0.150163,0.264486,0.229817,0.259105,0.242713,0.258862,0.258961,0.069729,0.092795,0.427923,0.245846,0.229071,0.325332,0.203420,0.199943,0.274276,0.586677,0.184227,0.282428,0.359220,0.449545,0.315675,0.185602,0.085471,0.278716,0.308823,0.651836,0.097093,0.331001,0.299464,0.414833,0.101877,0.322047,0.231218,0.529681,0.153486,0.312562,0.171730,0.350979,0.299490,0.134158,0.488246,0.111003,0.069570,0.203796,0.365647,0.243967,0.343462,0.351232,0.395248,0.576739,0.353416,0.248450,0.304708,0.193004,0.140476,0.173978,0.179400,0.381172,0.299317,0.622374,0.553061,0.302890,0.166218,0.540005,0.239331,0.338525,0.290540,0.304182,0.126798,0.060771,0.287019,-0.004925,0.104528
234,0.176173,0.443274,0.107719,0.288133,0.159662,0.200674,0.162624,0.403896,0.193483,0.340100,0.213249,0.368206,0.307116,0.108731,0.319407,0.324675,0.248357,0.296348,0.216549,0.161360,0.213375,0.300321,0.312465,0.162100,0.094741,0.246178,0.340278,0.164390,0.302729,0.198733,0.170991,0.330161,0.167196,0.200717,0.277400,0.225656,0.315612,0.578486,0.235607,0.088375,0.114734,0.110062,0.489192,0.533196,0.302553,0.464082,0.131886,0.330365,0.333247,0.348509,0.225001,0.207929,0.423939,0.407687,0.030621,0.405645,0.290358,0.168163,0.256996,0.347538,0.136291,0.184018,0.354551,0.168240,0.248881,0.171848,0.141052,0.418614,0.268230,0.362376,0.199296,0.242990,0.189043,0.299085,0.287263,0.387569,0.308041,0.191966,0.239127,0.326971,0.147019,1.000000,0.130066,0.146123,0.227118,0.243128,0.291199,0.387742,0.501220,0.394829,0.179697,-0.049467,0.066019,0.105285,0.358386,0.336723,0.202576,0.261306,0.435961,0.145738,0.287762,0.269125,0.288085,0.142796,0.236296,0.369536,0.134835,0.351843,0.451858,0.214481,0.116771,0.447261,0.131017,0.181541,0.369809,0.310049,0.170039,0.064753,0.463758,0.415415,0.259327,0.097612,0.286431,0.409435,0.320394,0.409670,0.325804,0.156787,0.309086,0.160642,0.187854,0.391929,0.169636,0.383465,0.247827,0.371790,0.193091,0.081857,0.258994,0.294211,0.279709,0.245509,0.434225,0.258266,0.193965,0.191877,0.315109,0.290915,0.308976,0.452879,0.272534,0.190724,0.118080,0.362556,0.218950,0.309349,0.174193,0.497353,0.355562,0.232067,0.468617,0.262644,0.198724,0.348262,0.222533,0.362666,0.144607,0.251533,0.231031,0.275643,0.261820,0.201051,0.214678,0.161081,0.273600,0.379191,0.193485,0.324702,0.317224,0.282897,0.066141,0.147707,0.314272,0.299126,0.185797,0.142356,0.313036,0.258341,0.390828,0.338753,0.531498,0.368350,0.253455,0.323571,0.199820,0.180439,0.220407,0.503091,0.270914,0.347994,0.266554,0.174056,0.378086,0.090309,0.235185,0.346318,0.137371,0.181419,0.102694,0.115136,0.235097,0.269319,0.258848,0.326441,0.322817,0.233150,0.140927,0.245464,0.393815,0.183596,0.172984,0.151389,0.420810,0.205336,0.085604,0.265715,0.234845,0.260516,0.140395,0.184313,0.156265,0.383021,0.492553,0.249133,0.085844,0.124896,0.192398,0.262762,0.160414,0.214484
236,0.261092,0.161241,0.346123,0.276157,0.172821,0.211890,-0.003987,0.395903,0.154327,0.277243,0.257653,0.134736,0.119050,0.152642,0.260679,0.290657,0.301660,0.400006,0.154539,0.110383,0.268548,0.193512,0.261273,0.455377,0.159683,0.209088,0.098271,0.284131,0.436746,0.137231,0.182791,0.340360,0.625138,0.153626,0.296571,0.375887,0.070139,0.191904,0.204037,0.144806,0.054445,0.289921,0.157286,0.128199,0.226684,0.361231,0.373267,0.089258,0.463541,0.176110,0.313894,0.098486,0.363679,0.140770,0.011267,0.163905,0.299229,0.182053,0.108847,0.307080,0.226633,0.107638,0.293571,0.173573,0.402050,0.237360,0.369878,0.247904,0.206296,0.322139,0.176603,0.113999,0.153190,0.217005,0.387219,0.223977,0.469067,0.080315,0.330315,0.407605,0.272360,0.130066,1.000000,0.042311,0.118383,0.280600,0.270587,0.164893,0.133254,0.119559,0.298095,0.238212,0.047027,0.019563,0.118549,0.114155,0.197224,0.483350,0.099165,0.231755,0.319598,0.125887,0.188434,0.343901,0.139444,0.160434,0.067849,0.371842,0.196219,0.079150,0.297141,0.184319,-0.031816,0.201895,0.186128,0.443342,0.167857,0.010949,0.182531,0.219128,0.364237,0.154174,0.439520,0.172754,0.047976,0.410307,0.301645,0.155285,0.152046,0.164551,0.287899,0.089272,0.008796,0.252691,0.035260,0.444179,0.221319,0.258055,0.367953,0.298633,0.341367,0.411329,0.350987,0.170424,0.153994,0.301368,0.182367,0.452487,0.295218,0.330422,0.340081,0.137563,0.139745,0.397318,0.116470,0.335926,0.244694,0.330329,0.147524,0.207085,0.108177,0.333990,0.421972,0.226269,0.152072,0.074450,0.348411,0.202651,0.134802,0.166171,0.370650,0.195548,0.017934,0.193214,0.145982,0.256498,0.230940,0.186344,0.268377,0.280760,0.145525,0.264866,0.127437,0.212189,0.375129,0.151092,0.319187,0.359910,0.272399,0.078760,0.218390,0.287430,0.315271,0.221787,0.233794,0.065629,0.208971,0.147373,0.161085,0.201887,0.267151,0.232224,0.293674,0.097078,0.242641,0.209479,0.343457,0.289817,0.138640,0.117319,0.242773,0.123853,0.215279,0.210760,0.359452,0.208884,0.459633,0.110001,0.373455,0.082733,0.188918,0.308205,0.195691,0.413849,0.118839,0.245011,0.202925,0.153426,0.222199,0.377507,0.333442,0.146622,0.380869,0.405020,0.176113,0.078794,0.181440,0.317054,0.083366,0.207132
240,0.154810,0.267320,0.176409,0.103486,0.115904,0.265277,0.212664,0.159502,0.167096,0.331744,0.138187,0.150815,0.279730,0.115117,0.149488,0.271467,0.218122,0.337997,0.257633,0.301257,0.124085,0.338681,0.388525,0.243194,0.187716,0.160798,0.021800,0.232330,0.210482,0.151763,0.092050,0.326806,0.197953,0.061542,0.260771,0.291979,0.048685,0.206638,0.314617,0.440733,0.274885,0.111570,0.240894,0.284178,0.155328,0.170076,0.231374,0.136169,0.141108,0.088172,0.261180,0.169637,0.198052,0.174138,0.265749,0.246936,0.100378,0.461001,0.146160,0.216965,0.255824,0.247058,0.217123,0.229819,0.198286,0.229064,0.196342,0.099862,0.139906,0.164857,0.234027,0.085123,0.338098,0.092130,0.096037,0.221054,0.072581,0.243741,0.356694,0.158399,0.173560,0.146123,0.042311,1.000000,0.553783,0.196154,0.038099,0.319979,0.192669,0.249962,0.184038,0.113653,0.177377,0.125021,0.239081,0.291433,0.125811,0.208381,0.272122,0.328057,0.369965,0.530036,0.203342,0.222907,0.165637,0.283734,0.130057,0.192796,0.159931,0.235635,0.425675,0.111749,0.138882,0.221245,-0.007385,0.105372,0.183322,0.257435,0.313393,0.087426,0.405314,0.283706,0.353739,0.205265,0.228143,0.158663,0.201411,0.168574,0.289952,0.126978,0.100891,0.265138,0.120194,0.257078,0.157246,0.272236,0.149928,0.139861,0.049477,0.096699,0.251189,0.217191,0.299471,0.088752,0.173819,0.350955,0.088042,0.177874,0.094546,0.186822,0.236645,0.178595,0.064157,0.201351,0.210105,0.180846,0.004343,0.135974,0.159058,0.193954,0.090747,0.129695,0.015227,0.340534,0.243917,0.316689,0.000319,0.460614,0.267888,0.226708,0.125201,0.205851,0.219276,0.092923,0.245725,0.351637,0.081919,0.388927,0.194178,0.304295,0.138423,0.210317,0.202253,0.051934,0.270961,0.203237,0.170289,0.381323,0.130294,0.159319,0.233752,0.285022,0.238763,0.110243,0.182802,0.445102,0.170897,0.180652,0.148204,0.277634,0.169257,0.166932,0.323830,0.205228,0.260495,0.253866,0.101926,0.148622,0.177486,0.132557,0.172986,0.212269,0.293071,0.426966,0.138695,0.184105,0.220118,0.168263,0.184554,0.092338,0.237758,0.136009,0.055886,0.099124,0.081879,0.388708,0.313871,0.295286,0.129093,0.106035,0.160433,0.192064,0.288426,0.146859,0.184984,-0.020192,0.270339,0.306256,0.054414,0.240648
246,0.130231,0.324327,0.061356,0.209911,0.230600,0.219778,0.139202,0.292590,0.121996,0.238958,0.211237,0.245717,0.226915,0.094760,0.205962,0.371771,0.311506,0.390245,0.139040,0.250204,0.109906,0.383852,0.487191,0.217753,0.157250,0.185261,0.122585,0.089426,0.322714,0.173340,0.170811,0.335036,0.140179,0.063087,0.296179,0.298938,0.101613,0.254769,0.236038,0.317713,0.199568,0.133575,0.299527,0.307063,0.254759,0.227752,0.195909,0.137875,0.246919,0.204295,0.230191,0.151552,0.313337,0.311680,0.234915,0.329265,0.195865,0.434919,0.115427,0.237127,0.183089,0.281190,0.264034,0.127575,0.203240,0.207683,0.156168,0.255922,0.069204,0.233440,0.260714,0.048982,0.312968,0.146151,0.217690,0.272484,0.100291,0.309155,0.399024,0.173223,0.138784,0.227118,0.118383,0.553783,1.000000,0.164521,0.176326,0.386601,0.294458,0.276196,0.141589,-0.045473,0.119281,0.027139,0.187847,0.379022,0.163200,0.100456,0.303870,0.143198,0.413236,0.447739,0.329504,0.268351,0.082897,0.304832,0.109357,0.206989,0.168885,0.154240,0.337338,0.162249,0.020396,0.228924,0.114289,0.282441,0.137353,0.107509,0.294787,0.139115,0.437103,0.298124,0.426855,0.167678,0.189020,0.276446,0.271681,0.093941,0.366294,0.132831,0.178475,0.231533,0.128939,0.318934,0.150149,0.309164,0.130631,0.137609,0.198078,0.115141,0.276185,0.162565,0.315817,0.126820,0.109386,0.460581,0.137148,0.158447,0.127554,0.233591,0.259368,0.156616,0.067519,0.291971,0.242474,0.153742,0.001408,0.308651,0.260355,0.119793,0.238782,0.088674,0.084638,0.373481,0.199395,0.309599,0.060143,0.460909,0.272269,0.190358,0.102254,0.141195,0.076202,0.151769,0.303139,0.307293,0.107446,0.451037,0.214602,0.191575,0.162822,0.176688,0.199305,0.129842,0.317020,0.187620,0.208517,0.377898,0.160083,0.169357,0.333385,0.420975,0.180556,0.196663,0.054223,0.345602,0.101691,0.253092,0.148030,0.186413,0.139699,0.142070,0.367139,0.172663,0.290503,0.241903,0.132207,0.124423,0.172008,0.069209,0.213226,0.136612,0.265169,0.326602,0.168690,0.184483,0.140805,0.163004,0.262057,0.069227,0.162965,0.274949,0.111612,0.185444,0.057487,0.415951,0.255331,0.224844,0.131617,0.165803,0.167428,0.235708,0.354651,0.221430,0.153528,0.022655,0.296421,0.233514,0.075637,0.285645
247,0.284035,0.285040,0.293428,0.284552,0.190471,0.147580,0.230570,0.377121,0.148304,0.367728,0.214676,0.249661,0.203977,0.109789,0.313714,0.208544,0.235281,0.369952,0.261507,0.105105,0.183894,0.260424,0.220446,0.419963,0.095824,0.168959,0.251139,0.137995,0.318684,0.191332,0.084159,0.375992,0.157667,0.292020,0.202397,0.332803,0.103679,0.328414,0.110233,0.235838,0.090777,0.090692,0.247627,0.219443,0.380040,0.444029,0.315900,0.137302,0.307347,0.318238,0.289274,0.183451,0.364965,0.151508,0.157476,0.231300,0.321000,0.237970,0.254304,0.372988,0.246196,0.067991,0.337332,0.138959,0.246218,0.244293,0.183370,0.302625,0.185164,0.147640,0.162135,0.140503,0.259040,0.408881,0.381141,0.193161,0.385171,0.024440,0.225120,0.348132,0.253419,0.243128,0.280600,0.196154,0.164521,1.000000,0.217894,0.324951,0.208961,0.220234,0.376558,0.066236,0.076387,0.042448,0.219585,0.261305,0.145965,0.387083,0.219934,0.179742,0.424467,0.294795,0.314857,0.295807,0.261594,0.229783,0.125779,0.316127,0.301685,0.287584,0.303373,0.451915,0.153065,0.244139,0.236191,0.429464,0.150551,0.221745,0.301146,0.343175,0.346226,0.015216,0.392110,0.348019,0.193562,0.480519,0.301869,0.123816,0.179050,0.299483,0.261887,0.148810,0.143388,0.353641,0.221098,0.376430,0.139782,0.230034,0.378607,0.304207,0.307866,0.351566,0.408603,0.319641,0.206202,0.296431,0.366778,0.249268,0.384687,0.422649,0.201788,0.185734,0.114100,0.388469,0.128407,0.344026,0.304006,0.372422,0.225936,0.223955,0.239350,0.529780,0.367044,0.262841,0.163110,0.320119,0.189139,0.290235,0.125279,0.279196,0.417170,0.106375,0.184272,0.059545,0.287087,0.387267,0.171865,0.179236,0.338686,0.380171,0.064444,0.351127,0.258638,0.289705,0.380890,0.188728,0.349083,0.310308,0.314447,0.000721,0.244382,0.255356,0.210376,0.268444,0.275245,0.127765,0.174130,0.243863,0.235599,0.227061,0.188627,0.300095,0.363545,0.146404,0.305577,0.481043,0.609186,0.165248,0.130084,0.041050,0.217177,0.309451,0.225177,0.236409,0.438450,0.324581,0.114259,0.176022,0.387611,0.176643,0.216391,0.301731,0.396784,0.369087,0.042912,0.275172,0.240144,0.228912,0.206883,0.328807,0.263183,0.213037,0.447245,0.401271,0.061019,0.128626,0.128961,0.279031,0.265583,0.150494
248,0.112973,0.405063,0.109306,0.480044,0.206193,0.073779,0.083535,0.385551,0.090178,0.325972,0.394683,0.112953,0.186132,-0.006679,0.324484,0.316072,0.147327,0.217942,0.115438,0.025505,0.148527,0.321127,0.256971,0.237296,0.079603,0.296295,0.220628,0.071031,0.406850,0.107356,0.272542,0.198945,0.185068,0.231286,0.237135,0.322762,0.145423,0.215040,0.083049,-0.007703,-0.006415,0.192074,0.220721,0.235203,0.174292,0.369923,0.135704,0.015997,0.364832,0.470442,0.212204,0.294856,0.348196,0.247271,0.014595,0.279006,0.214383,0.075487,0.057022,0.410034,0.129941,0.146232,0.360458,0.012654,0.369191,0.062260,0.270815,0.441908,0.112048,0.229760,0.261346,0.195397,0.191207,0.318119,0.409115,0.351693,0.443439,0.085176,0.255851,0.366265,0.227429,0.291199,0.270587,0.038099,0.176326,0.217894,1.000000,0.177338,0.364040,0.053851,0.271706,-0.043910,-0.017318,0.023651,0.108267,0.272644,0.109324,0.273860,0.306967,0.067355,0.272141,0.149547,0.275271,0.226705,0.115682,0.282726,0.104729,0.321754,0.452002,0.183239,0.140818,0.235761,-0.058725,0.121058,0.382224,0.269352,0.206879,-0.064466,0.224508,0.420610,0.238926,0.136073,0.282707,0.307555,0.158067,0.394157,0.325050,0.177902,0.365507,0.222163,0.242338,0.195210,0.311300,0.310654,0.134792,0.415367,0.095342,0.127894,0.360826,0.268884,0.246824,0.182276,0.327874,0.349689,0.073499,0.235085,0.321532,0.313533,0.273690,0.405005,0.354085,0.049624,0.048435,0.212683,0.020112,0.346381,0.172943,0.399658,0.316569,0.158766,0.312579,0.254875,0.195087,0.234545,0.170310,0.291929,0.275484,0.157037,0.027114,0.219875,0.400344,0.111520,0.026471,0.033887,0.123900,0.294644,0.179682,0.226228,0.302721,0.276013,-0.041817,0.135694,0.337414,0.254994,0.203220,0.143764,0.478053,0.183370,0.411243,0.119468,0.298033,0.370177,0.186399,0.312891,0.097825,-0.030072,0.163752,0.231074,0.252896,0.312698,0.145427,0.144642,0.267036,-0.019102,0.182290,0.287186,0.294591,0.103523,0.010561,0.079495,0.193307,0.190272,0.158443,0.236102,0.425302,0.120660,0.139086,0.119331,0.384739,0.135999,0.088179,0.121167,0.455069,0.368916,-0.010072,0.318575,0.146973,0.202997,0.189990,0.288899,0.370312,0.283169,0.446610,0.339543,-0.116992,0.032775,0.184977,0.328300,0.168288,0.156097
250,0.122691,0.357123,0.209102,0.262696,0.226979,0.263973,0.209477,0.364349,0.322549,0.447236,0.321070,0.385138,0.324726,0.257983,0.146897,0.351163,0.253103,0.370296,0.370112,0.340383,0.167770,0.333851,0.355626,0.243479,0.135819,0.138111,0.163060,0.182458,0.367570,0.291161,0.366263,0.280045,0.231206,0.183594,0.332022,0.274064,0.230790,0.490892,0.223955,0.239311,0.255437,0.218976,0.423741,0.506073,0.197771,0.459965,0.238772,0.247556,0.378671,0.173214,0.188394,0.065920,0.344529,0.323734,0.067551,0.474888,0.116859,0.262448,0.247735,0.282231,0.117829,0.290129,0.234559,0.207458,0.229458,0.448754,0.205063,0.267620,0.282841,0.284670,0.191253,0.167770,0.280861,0.198359,0.183782,0.332785,0.226434,0.290963,0.347953,0.339087,0.193605,0.387742,0.164893,0.319979,0.386601,0.324951,0.177338,1.000000,0.431920,0.429254,0.119108,0.132547,0.163368,0.165820,0.575507,0.422011,0.290926,0.253417,0.462708,0.204018,0.347709,0.240829,0.309399,0.311361,0.220700,0.318081,0.178056,0.305829,0.297374,0.239906,0.262609,0.266018,0.174123,0.281245,0.177176,0.347179,0.174360,0.167225,0.394415,0.177610,0.325852,0.138670,0.407565,0.351534,0.460672,0.350435,0.312220,0.243216,0.357896,0.243294,0.192389,0.309366,0.195374,0.355870,0.299517,0.370583,0.320320,0.191035,0.224537,0.135729,0.238440,0.207049,0.323939,0.119104,0.375731,0.345413,0.231052,0.262350,0.163385,0.333036,0.420005,0.207558,0.239236,0.315053,0.226815,0.172427,0.019536,0.377030,0.475901,0.156155,0.309675,0.181425,0.209190,0.360428,0.223803,0.259187,0.111053,0.244473,0.226048,0.242707,0.039001,0.230155,0.179893,0.247178,0.233514,0.437972,0.137380,0.585045,0.361574,0.322127,0.191298,0.157613,0.305056,0.205513,0.247602,0.209507,0.309801,0.390280,0.251732,0.255195,0.460556,0.366618,0.257503,0.247862,0.119031,0.290522,0.293706,0.343983,0.178644,0.241545,0.267835,0.282990,0.310660,0.331496,0.367730,0.394856,0.120869,0.244827,0.155410,0.099307,0.352990,0.359536,0.273529,0.371907,0.184025,0.312248,0.202705,0.243934,0.322054,0.196336,0.317765,0.285964,0.202317,0.148595,0.138223,0.403988,0.257444,0.300919,0.224393,0.083884,0.199542,0.438503,0.441957,0.241364,0.105920,0.043739,0.215969,0.267879,0.017037,0.158924
251,0.090047,0.649753,0.152299,0.378311,0.280816,0.213850,0.153419,0.401435,0.223839,0.351350,0.310197,0.280505,0.446682,0.156677,0.344152,0.344789,0.219961,0.272242,0.180791,0.112687,0.212927,0.537474,0.388794,0.277369,0.156676,0.208749,0.231817,0.145076,0.333027,0.159160,0.278625,0.277993,0.184867,0.231721,0.348098,0.365432,0.366350,0.480414,0.227420,0.165097,0.164714,0.220964,0.646107,0.411306,0.237821,0.441934,0.197353,0.231543,0.301702,0.422009,0.237841,0.245306,0.432853,0.365183,0.149680,0.397732,0.295328,0.170834,0.191367,0.309677,0.089078,0.242908,0.401503,0.171739,0.238156,0.154859,0.248506,0.397317,0.226114,0.285969,0.325772,0.236914,0.274002,0.232411,0.348057,0.357754,0.296872,0.323814,0.359069,0.327123,0.200530,0.501220,0.133254,0.192669,0.294458,0.208961,0.364040,0.431920,1.000000,0.284485,0.273289,-0.072105,0.027894,0.135270,0.284407,0.611343,0.164263,0.260304,0.803887,0.146693,0.326152,0.193386,0.281097,0.167210,0.231490,0.592208,0.146687,0.344699,0.451974,0.515407,0.153578,0.359922,0.146424,0.206543,0.400596,0.240162,0.227742,0.018000,0.318506,0.404050,0.296846,0.167095,0.316315,0.460194,0.332981,0.386618,0.344278,0.189102,0.458563,0.220381,0.284884,0.597003,0.319916,0.484776,0.193852,0.331635,0.225568,0.055254,0.217625,0.288184,0.275717,0.230126,0.395355,0.303226,0.197341,0.261005,0.350382,0.261895,0.260227,0.491451,0.314559,0.167107,0.214377,0.253388,0.202508,0.315033,0.074459,0.493253,0.399924,0.097883,0.321693,0.241340,0.102324,0.401856,0.284569,0.388862,0.265816,0.295177,0.222087,0.268202,0.268216,0.139112,0.115156,0.140884,0.225873,0.332082,0.190611,0.368396,0.281179,0.547539,0.289292,0.138794,0.309055,0.305683,0.226036,0.256860,0.404196,0.264133,0.308321,0.307835,0.512054,0.403618,0.312970,0.439228,0.167814,0.282467,0.249338,0.363696,0.289428,0.343562,0.272091,0.148450,0.380655,0.188875,0.242297,0.411653,0.157826,0.182296,0.176181,0.150473,0.314183,0.265380,0.209834,0.318446,0.273800,0.220012,0.126669,0.236116,0.481451,0.251630,0.254555,0.143712,0.414809,0.233104,0.065464,0.398093,0.266816,0.336285,0.301520,0.229161,0.252554,0.352562,0.507261,0.316796,0.111180,0.155837,0.465027,0.398329,0.178700,0.335402
261,0.160456,0.326152,0.226804,0.207194,0.332020,0.230377,0.143369,0.243334,0.215856,0.283051,0.246914,0.395644,0.320204,0.191126,0.155497,0.236934,0.209508,0.217348,0.222526,0.371141,0.130683,0.303619,0.341169,0.221471,0.153043,0.104168,0.154923,0.095992,0.356154,0.284632,0.275522,0.166123,0.162641,0.171123,0.341873,0.204569,0.147846,0.505552,0.140622,0.177626,0.154833,0.114952,0.396529,0.558875,0.170963,0.283569,0.154398,0.406971,0.265371,0.131084,0.195230,0.019860,0.245480,0.199711,0.102909,0.542397,0.252146,0.171286,0.198636,0.251111,0.043802,0.325145,0.216226,0.154284,0.160058,0.483782,0.147793,0.258006,0.280561,0.126369,0.199223,0.038423,0.096573,0.100646,0.157678,0.289849,0.177129,0.335305,0.303467,0.203853,0.067311,0.394829,0.119559,0.249962,0.276196,0.220234,0.053851,0.429254,0.284485,1.000000,0.051122,0.056590,0.129350,0.040632,0.396270,0.434093,0.270519,0.160348,0.343745,0.099225,0.202168,0.219885,0.179604,0.307621,0.119058,0.304949,0.102840,0.325151,0.237922,0.195142,0.211330,0.458432,0.130752,0.232736,0.110038,0.245330,0.072691,0.088090,0.578134,0.142867,0.221752,0.123474,0.271923,0.300710,0.226153,0.168906,0.345060,0.214544,0.283557,0.155791,0.240929,0.324383,0.129292,0.193296,0.190774,0.301555,0.161749,0.262269,0.165608,0.129797,0.165320,0.169574,0.219711,0.057999,0.316312,0.184065,0.227642,0.168351,0.217157,0.204549,0.272213,0.161946,0.153229,0.266930,0.182721,0.080696,-0.026799,0.328046,0.359244,0.145898,0.222805,0.063822,0.153579,0.217712,0.185822,0.249393,0.117084,0.165599,0.265641,0.186207,0.096248,0.263914,0.105226,0.249287,0.264652,0.220779,0.103520,0.404851,0.239096,0.330101,0.142264,0.159737,0.135272,0.183789,0.185761,0.067983,0.162704,0.204087,0.133719,0.402515,0.353639,0.319139,0.277753,0.170776,0.086006,0.234388,0.245028,0.557307,0.068950,0.161093,0.237707,0.250117,0.302611,0.217539,0.279366,0.320961,0.074399,0.240473,0.089716,0.089850,0.283722,0.191489,0.135332,0.382586,0.165662,0.201991,0.132658,0.185613,0.228428,0.033456,0.265871,0.203166,0.176063,0.112793,0.126003,0.209515,0.175943,0.186947,0.181423,0.137950,0.120918,0.430495,0.338744,0.133638,0.185904,0.063564,0.325108,0.263138,0.067912,0.245763
264,0.218893,0.375156,0.337778,0.313546,0.202173,0.111213,0.054068,0.372096,0.179779,0.314416,0.267789,0.053663,0.218265,0.174780,0.434970,0.205025,0.230746,0.271725,0.309999,0.003714,0.194015,0.323632,0.247773,0.556767,0.346701,0.256079,0.250746,0.301031,0.339501,0.227290,0.057063,0.380633,0.285298,0.356472,0.209545,0.492204,0.083286,0.203097,0.173692,0.248995,0.077274,0.239098,0.244391,0.078942,0.255805,0.328555,0.484791,0.047143,0.239304,0.325943,0.419252,0.367952,0.494848,0.177858,0.119420,0.202668,0.404979,0.200100,0.218725,0.395409,0.340246,0.142806,0.396490,0.086148,0.351809,0.087173,0.382374,0.345861,0.118973,0.225613,0.275078,0.138147,0.185984,0.346106,0.510446,0.281647,0.360791,0.076027,0.282800,0.505806,0.367906,0.179697,0.298095,0.184038,0.141589,0.376558,0.271706,0.119108,0.273289,0.051122,1.000000,0.189310,0.003518,0.059764,0.089055,0.189097,0.177232,0.499247,0.249840,0.303295,0.347288,0.214941,0.265059,0.290264,0.280987,0.246197,0.072276,0.381119,0.313135,0.250863,0.338020,0.325772,0.091361,0.317417,0.297079,0.337042,0.414586,0.128926,0.160815,0.386483,0.407900,0.119120,0.358816,0.307245,0.181393,0.466422,0.275067,0.131739,0.178371,0.307126,0.325304,0.233004,0.176866,0.393560,0.176045,0.419666,0.119132,0.346906,0.449031,0.373954,0.456133,0.427372,0.482904,0.344373,0.126977,0.234946,0.368850,0.321515,0.421094,0.494869,0.196739,0.206449,0.191487,0.432693,0.196245,0.475289,0.461379,0.345089,0.148369,0.152305,0.258031,0.570150,0.292378,0.269479,0.233673,0.357152,0.236571,0.282033,0.155768,0.203304,0.500940,0.111778,0.127218,0.049962,0.125183,0.342285,0.143295,0.089113,0.181350,0.379007,0.114961,0.450709,0.177519,0.355811,0.358366,0.296254,0.382618,0.270950,0.424708,0.008603,0.275809,0.277473,0.448098,0.255900,0.540026,0.182318,0.265670,0.077494,0.394379,0.259851,0.354651,0.118740,0.360188,0.041441,0.352926,0.278210,0.366886,0.237715,0.140531,0.172573,0.147153,0.192955,0.199811,0.224157,0.474537,0.312954,0.357620,0.237492,0.424232,0.253468,0.176958,0.151088,0.478417,0.395667,0.169477,0.343744,0.368312,0.308008,0.318938,0.413449,0.434864,0.167720,0.442216,0.422487,0.142963,0.137905,0.251993,0.302861,0.300995,0.421681
269,0.038173,-0.031704,0.458532,-0.029361,0.040553,0.112279,0.111852,0.051919,0.289471,0.234442,0.136587,0.101843,0.077602,0.296445,-0.000896,0.024774,0.089105,0.307933,0.349524,0.230668,0.190284,0.052248,0.139353,0.283731,0.339691,0.043506,-0.038683,0.316874,0.147639,0.291524,0.083590,0.119683,0.392731,0.077636,0.103486,0.266671,-0.006697,0.135741,0.223048,0.226905,0.113899,0.320623,0.015403,0.022494,0.015751,0.087426,0.286757,0.031559,0.123117,-0.075419,0.050947,-0.016653,0.072673,-0.048237,0.039977,0.101287,0.113260,0.024677,0.144617,0.170396,0.240687,0.033162,0.072036,0.151382,0.224620,0.193397,0.478577,-0.006270,0.272662,0.106921,0.010245,0.156241,0.015341,-0.009360,0.058620,0.064893,0.052924,-0.000252,0.181067,0.387119,0.295528,-0.049467,0.238212,0.113653,-0.045473,0.066236,-0.043910,0.132547,-0.072105,0.056590,0.189310,1.000000,0.224921,0.188508,0.168665,0.004726,0.240511,0.364574,-0.049246,0.348731,0.226089,-0.056057,0.195884,0.298385,0.129770,-0.038685,0.053850,0.088966,0.034339,0.054926,0.294043,-0.015880,0.137384,0.373215,-0.052971,0.137437,0.275034,0.146594,0.133924,-0.059113,0.198283,0.168030,0.268415,0.023606,0.148934,0.110193,0.034566,0.176381,0.002676,0.275157,0.086516,0.001413,-0.004783,0.108716,0.180990,0.120849,0.184661,0.227657,0.051294,0.093088,0.123786,0.312984,0.110569,-0.008267,0.254077,0.101601,0.011924,0.187294,0.037404,0.048915,0.159810,0.173275,0.194549,0.202640,0.051074,0.204621,0.136386,0.049529,0.146519,0.119894,-0.090263,0.095124,0.186211,0.035590,0.179421,0.043232,0.084619,0.061937,0.157922,-0.055084,-0.045272,0.079094,0.160142,0.004719,-0.018164,0.167774,0.148306,0.032735,0.046444,0.129509,0.266725,0.229888,0.146911,-0.051757,0.284682,0.230961,0.083105,0.200072,-0.040544,0.060789,0.008233,0.114947,0.342103,-0.064374,0.343307,0.158467,0.280439,0.085982,0.061310,0.006087,0.240741,0.140558,0.096217,0.061360,0.306667,0.068426,0.072342,0.279140,0.016702,0.025618,0.106216,0.161986,0.180201,0.167378,0.069733,0.275434,0.407931,0.222160,0.030715,0.186542,0.179266,0.175733,-0.050187,0.043706,0.319841,0.163278,0.284976,0.174207,0.182154,0.070550,0.226887,0.065901,0.022040,0.132674,0.120298,0.104833,0.044796,0.211581,-0.003357,0.001582
271,0.078386,0.084531,0.363497,-0.021052,0.075197,0.323712,0.313814,0.113897,0.282475,0.308155,0.078860,0.182125,0.095434,0.318765,-0.068986,0.121003,0.086437,0.094949,0.196560,0.234704,0.334784,0.148136,0.147616,0.246611,0.232185,-0.024024,-0.022584,0.219834,0.159132,0.288002,0.055216,-0.012464,0.121385,-0.050462,0.223061,0.273950,-0.007002,0.242944,0.092574,0.111542,0.487657,0.388699,0.069063,0.081207,0.073724,0.131976,0.139636,0.047763,0.059359,-0.014501,0.118857,-0.024575,0.084395,0.041419,0.065121,0.139819,-0.025626,0.015133,0.154384,0.258145,0.093981,0.154274,0.147526,0.117999,0.052880,0.095060,0.322465,0.132215,0.182706,0.148769,0.090310,0.365510,0.260890,-0.003452,-0.110310,0.170818,-0.029400,0.057421,0.181401,0.192933,0.407423,0.066019,0.047027,0.177377,0.119281,0.076387,-0.017318,0.163368,0.027894,0.129350,0.003518,0.224921,1.000000,0.158626,0.199973,0.086109,0.322962,0.156339,0.080894,0.372020,0.179281,0.083024,0.285276,0.090623,0.102466,0.109511,0.118343,0.036948,0.138505,0.013191,0.061684,0.024288,0.154718,0.347528,0.041719,0.057729,0.343120,0.321548,0.174294,0.040591,0.041777,0.071104,0.111938,0.077403,0.269316,0.023534,0.123076,0.363171,0.114788,0.276504,0.154749,-0.007999,0.055212,0.303322,0.277053,0.160977,0.254718,0.115287,-0.063639,0.003949,0.084673,0.055868,0.128705,-0.042106,0.143654,0.128172,-0.016722,0.250637,-0.046948,0.054718,0.116885,0.288091,0.214656,0.079808,0.207521,0.080444,-0.008537,0.106154,0.161530,0.097947,0.075471,-0.019190,0.048154,0.072187,0.470543,0.157553,0.013667,0.158745,0.267784,0.082023,-0.073959,0.199805,0.240400,0.120634,0.133843,0.137522,0.170127,0.210848,0.128061,0.070166,0.088811,0.148098,0.553447,0.005652,0.130968,0.143290,0.155970,0.121226,-0.059206,0.072956,0.123296,0.145038,0.367954,-0.035929,0.094926,0.199113,0.229318,0.155399,0.345776,0.086741,0.249114,0.210974,0.112569,0.277423,0.218604,0.105554,-0.027038,0.259895,0.122583,0.037282,0.097083,0.235643,0.072790,0.187890,0.041395,0.210446,0.298482,0.115339,-0.044518,0.098230,0.087739,0.059440,-0.001040,0.018812,0.237294,0.084334,0.331372,0.481248,0.140302,-0.005822,0.198493,0.182454,0.084745,0.076045,0.304240,0.038056,0.071484,0.160848,-0.013676,0.075806
272,0.013281,0.063901,0.256337,0.109810,0.088378,0.183730,0.497509,0.155326,0.179226,0.171305,0.161264,0.042497,0.038428,0.256061,0.041799,0.166128,0.113049,0.078390,0.249814,0.121033,0.168638,0.044564,0.138302,0.145433,0.088709,0.101893,0.025933,0.384882,0.160624,0.256851,0.106182,0.134164,0.145381,-0.041696,0.227673,0.226325,0.001985,0.138568,0.360697,0.249947,0.451828,0.268732,0.102517,0.089115,0.315766,0.226999,0.065637,-0.044703,0.109217,-0.003698,0.031731,-0.005663,0.173767,0.114701,0.092117,0.126804,0.023576,0.128357,0.277926,0.207413,0.145970,0.073983,0.138840,0.131645,0.257809,0.031146,0.252133,0.179836,0.287860,0.236481,0.003264,0.345093,0.141282,0.037191,0.049895,0.184445,0.044112,0.057096,0.141836,0.204058,0.224079,0.105285,0.019563,0.125021,0.027139,0.042448,0.023651,0.165820,0.135270,0.040632,0.059764,0.188508,0.158626,1.000000,0.253821,0.055086,0.208718,0.181105,0.144038,0.189010,0.129788,0.046862,0.220026,0.029830,0.174968,0.087114,0.093051,0.057462,0.215425,0.043560,0.021659,-0.013042,0.531572,0.177307,0.146908,-0.025830,0.283770,0.543897,-0.008420,0.015023,0.111408,0.118018,0.089692,0.106687,0.338598,0.045834,0.102044,0.180882,0.189019,0.239204,0.062809,0.042938,0.236420,0.227750,0.238236,0.221227,0.410129,0.167174,-0.021295,0.114877,0.104418,0.128653,0.162140,-0.004903,0.106108,0.124112,0.043882,0.214128,0.015719,0.142221,0.198411,0.535326,0.262641,0.042073,0.087864,0.261456,0.172284,0.153561,0.161976,0.056131,0.074847,0.021268,-0.052735,0.279234,0.265440,0.087591,0.155113,0.167995,0.277422,0.024772,0.008555,0.115996,0.270900,0.092440,0.085127,0.169715,0.134149,0.095390,0.150634,0.075718,0.056478,0.111981,0.217254,0.077794,0.124152,0.224478,0.160865,0.145838,0.013027,0.031887,0.182402,0.086319,0.249852,0.068794,0.104678,0.278914,0.239686,0.048441,0.135262,0.098121,0.158009,0.037896,0.090048,0.299642,0.151365,0.129968,0.048098,0.205407,0.157876,0.107907,0.091565,0.318481,0.086898,0.181057,0.085452,0.269829,0.191132,0.260292,0.089220,0.181407,0.011299,0.091516,0.000989,-0.040215,0.141726,0.304487,0.249043,0.294088,0.129635,-0.037255,0.080789,0.163704,0.157410,0.054630,0.187384,0.209506,0.011795,0.139755,-0.043990,-0.022783
274,0.113936,0.281584,0.290350,0.170474,0.196651,0.313437,0.269281,0.386124,0.354672,0.361469,0.230907,0.392489,0.301925,0.313615,0.083452,0.318102,0.203556,0.293968,0.412215,0.323204,0.141551,0.266647,0.288894,0.244670,0.188774,0.050584,0.100971,0.249942,0.268058,0.335801,0.226799,0.231021,0.197909,0.036602,0.367323,0.273195,0.159008,0.516095,0.223892,0.242067,0.280491,0.209192,0.349068,0.486781,0.220802,0.400535,0.262345,0.245896,0.265920,0.016437,0.113385,-0.034171,0.286929,0.195202,0.009378,0.527969,0.148040,0.201343,0.334624,0.360740,0.118803,0.278420,0.228959,0.271287,0.215680,0.476890,0.247586,0.285777,0.389301,0.284188,0.108596,0.200000,0.248047,0.149786,0.104080,0.356786,0.087744,0.227102,0.230609,0.209695,0.218560,0.358386,0.118549,0.239081,0.187847,0.219585,0.108267,0.575507,0.284407,0.396270,0.089055,0.168665,0.199973,0.253821,1.000000,0.284058,0.336536,0.282968,0.293920,0.337570,0.245967,0.109850,0.318944,0.279471,0.164420,0.273287,0.181645,0.243826,0.316779,0.146215,0.282282,0.231041,0.235436,0.222128,0.223379,0.317619,0.194640,0.211308,0.345560,0.053669,0.265818,0.162994,0.335492,0.303559,0.531806,0.322682,0.250145,0.318197,0.286669,0.284034,0.191905,0.266830,0.255029,0.316658,0.363978,0.318093,0.215256,0.177698,0.105774,0.080536,0.184402,0.198992,0.233474,0.015133,0.361112,0.296403,0.151987,0.228298,0.170541,0.247220,0.285149,0.354724,0.295191,0.430432,0.173014,0.123449,0.074705,0.326095,0.435904,0.137027,0.197155,0.111301,0.271567,0.254445,0.290742,0.177372,0.201476,0.202176,0.322587,0.170639,-0.021335,0.166332,0.285680,0.144580,0.161248,0.376615,0.235120,0.360781,0.273088,0.187115,0.178092,0.142585,0.254071,0.138897,0.284557,0.172928,0.219506,0.318466,0.090253,0.286157,0.438699,0.281673,0.321584,0.182398,0.102481,0.294689,0.322086,0.405400,0.209155,0.141750,0.297614,0.353942,0.252031,0.446427,0.326680,0.304729,0.100343,0.347094,0.087638,0.095180,0.378375,0.398261,0.295888,0.353551,0.186028,0.372162,0.265068,0.346798,0.217223,0.185508,0.343558,0.269717,0.141080,0.119143,0.206384,0.274912,0.358620,0.249531,0.218672,0.030221,0.194945,0.465233,0.332747,0.250094,0.208747,0.079032,0.189679,0.234984,-0.081455,0.143442
277,0.116601,0.681647,0.204316,0.403133,0.381068,0.228348,0.208745,0.330429,0.198071,0.282132,0.302924,0.310165,0.447839,0.184906,0.301166,0.322041,0.265785,0.265108,0.296363,0.235005,0.124416,0.557140,0.455192,0.288074,0.182694,0.112559,0.173287,0.087305,0.312280,0.230464,0.475124,0.220768,0.146274,0.267361,0.443353,0.303295,0.259520,0.376679,0.156059,0.205676,0.193576,0.173343,0.484298,0.381612,0.213157,0.336552,0.160764,0.274940,0.211910,0.319133,0.321369,0.216389,0.370301,0.184820,0.196174,0.369442,0.274044,0.216227,0.174870,0.315254,0.094201,0.394718,0.358626,0.201760,0.240490,0.278410,0.224858,0.293197,0.285848,0.180056,0.426726,0.137789,0.174541,0.172473,0.273676,0.456966,0.240017,0.480065,0.475055,0.261618,0.154749,0.336723,0.114155,0.291433,0.379022,0.261305,0.272644,0.422011,0.611343,0.434093,0.189097,0.004726,0.086109,0.055086,0.284058,1.000000,0.191879,0.162449,0.682058,0.135596,0.285723,0.198922,0.212609,0.282737,0.177842,0.477899,0.069298,0.476586,0.324786,0.430472,0.194761,0.333906,0.105614,0.304319,0.285190,0.222452,0.127642,0.130129,0.379143,0.343076,0.249062,0.191833,0.316240,0.412573,0.246838,0.301812,0.457351,0.325943,0.419941,0.158738,0.320695,0.479666,0.313290,0.422889,0.131927,0.286099,0.129521,0.255777,0.207392,0.214742,0.193155,0.178617,0.276402,0.232720,0.215678,0.234355,0.319510,0.266515,0.246040,0.300940,0.346802,0.161659,0.181286,0.267319,0.129480,0.141892,-0.040039,0.412327,0.335927,0.086644,0.401800,0.150737,0.060160,0.293359,0.295266,0.325840,0.223122,0.245199,0.138370,0.245213,0.143410,0.142006,0.095184,0.234131,0.238975,0.334604,0.148892,0.496892,0.259817,0.541645,0.233107,0.160502,0.246005,0.332141,0.210505,0.205337,0.256730,0.254488,0.242075,0.225819,0.465760,0.583050,0.337674,0.437046,0.073727,0.277380,0.206313,0.388653,0.208343,0.314003,0.219270,0.159929,0.480312,0.235386,0.360248,0.514412,0.149442,0.135971,0.180101,0.051043,0.323880,0.173545,0.191964,0.517215,0.283508,0.236231,0.164394,0.199309,0.336605,0.173682,0.284539,0.186683,0.319103,0.239075,0.032361,0.405705,0.260921,0.285590,0.316967,0.249938,0.277707,0.510436,0.459836,0.262314,0.184634,0.080306,0.543119,0.423513,0.263637,0.347311
278,0.189138,0.219980,0.429129,0.171596,0.199142,0.451334,0.337451,0.289426,0.302025,0.351101,0.272500,0.312898,0.191343,0.293595,0.123188,0.251133,0.361153,0.213732,0.333270,0.299117,0.354731,0.294006,0.272990,0.360627,0.355812,0.130488,0.092686,0.315546,0.400432,0.829232,0.241408,0.184313,0.225009,0.100965,0.333495,0.403903,0.089825,0.475495,0.234460,0.190946,0.343814,0.382751,0.184904,0.305245,0.222738,0.426985,0.133506,0.253488,0.251495,0.016796,0.339166,-0.012858,0.412907,0.184942,0.070481,0.288570,0.175322,0.139391,0.490961,0.453963,0.223372,0.279518,0.314449,0.308187,0.306716,0.265046,0.392394,0.297854,0.596132,0.409387,0.158225,0.372395,0.317963,0.179668,0.221612,0.409610,0.164723,0.147683,0.391901,0.374200,0.378965,0.202576,0.197224,0.125811,0.163200,0.145965,0.109324,0.290926,0.164263,0.270519,0.177232,0.240511,0.322962,0.208718,0.336536,0.191879,1.000000,0.298181,0.187110,0.289802,0.316855,0.152427,0.619006,0.271879,0.189149,0.216213,0.165739,0.321779,0.235832,0.112115,0.198127,0.229987,0.329893,0.386286,0.212951,0.239558,0.378953,0.175975,0.309826,0.089301,0.244458,0.135674,0.256092,0.182069,0.463667,0.163420,0.218731,0.405785,0.185924,0.669185,0.243013,0.154521,0.116485,0.404698,0.592701,0.345489,0.328622,0.198921,0.204509,0.181839,0.228942,0.177793,0.177953,0.041849,0.251454,0.226069,0.083484,0.367634,0.219935,0.203655,0.310666,0.317935,0.410079,0.239299,0.426801,0.225494,0.074562,0.279919,0.317294,0.216248,0.175840,0.086300,0.190966,0.197837,0.394632,0.287859,0.209446,0.154016,0.453394,0.243321,0.117035,0.310841,0.411750,0.246329,0.237109,0.280574,0.245955,0.312612,0.303603,0.199020,0.218317,0.195727,0.516685,0.186532,0.228490,0.257997,0.388460,0.214584,0.115311,0.193288,0.296319,0.332611,0.461366,0.101145,0.158288,0.319835,0.371727,0.256198,0.125080,0.173045,0.317910,0.197850,0.299796,0.289856,0.310921,0.270439,0.069745,0.319506,0.213427,0.187947,0.311839,0.543228,0.240058,0.340337,0.242868,0.572182,0.304247,0.265268,0.247294,0.211547,0.140503,0.232500,0.111209,0.131693,0.417806,0.254188,0.353463,0.269748,0.221841,0.099347,0.325459,0.347955,0.272738,0.200210,0.422031,0.252736,0.216207,0.269063,-0.006021,0.239839
281,0.251988,0.297279,0.477736,0.282539,0.148030,0.239616,0.236251,0.504117,0.380598,0.492091,0.353917,0.207032,0.233107,0.233320,0.309489,0.261813,0.270271,0.493353,0.421614,0.170649,0.341289,0.314137,0.315467,0.553390,0.417724,0.240026,0.127577,0.477262,0.413464,0.309345,0.188569,0.439806,0.509991,0.286256,0.347342,0.553282,0.103397,0.374904,0.234480,0.275997,0.251770,0.428735,0.257494,0.256800,0.259701,0.506141,0.540215,0.125082,0.382466,0.238624,0.399393,0.188229,0.447553,0.182337,0.116585,0.354469,0.309864,0.224539,0.248740,0.545365,0.467590,0.118382,0.473200,0.170643,0.494844,0.284405,0.537357,0.375337,0.293198,0.340974,0.176478,0.268090,0.243535,0.325645,0.507884,0.353313,0.396097,0.043308,0.370562,0.515375,0.528231,0.261306,0.483350,0.208381,0.100456,0.387083,0.273860,0.253417,0.260304,0.160348,0.499247,0.364574,0.156339,0.181105,0.282968,0.162449,0.298181,1.000000,0.200978,0.383418,0.484285,0.220489,0.387392,0.453138,0.398236,0.267844,0.118271,0.387449,0.415753,0.231492,0.393578,0.324841,0.160385,0.320959,0.280365,0.449824,0.455444,0.184084,0.305252,0.261376,0.499815,0.145383,0.551483,0.264995,0.271976,0.545153,0.271281,0.265325,0.230842,0.389739,0.257029,0.138555,0.132775,0.436929,0.247710,0.520250,0.250978,0.321302,0.434515,0.345515,0.432505,0.708626,0.496830,0.220360,0.257369,0.379989,0.231055,0.469486,0.323950,0.408013,0.321917,0.320830,0.259167,0.524301,0.231930,0.488139,0.304831,0.348732,0.237686,0.235423,0.197476,0.438457,0.483887,0.356139,0.380041,0.322748,0.227686,0.305047,0.263987,0.233516,0.482057,0.207748,0.176751,0.049934,0.182117,0.477697,0.246504,0.224270,0.335354,0.342272,0.198700,0.327268,0.320052,0.263255,0.509910,0.401608,0.397564,0.458885,0.281421,0.131268,0.284494,0.320994,0.532649,0.198127,0.547042,0.281970,0.435815,0.190058,0.323310,0.192288,0.460438,0.358904,0.430221,0.139513,0.453892,0.424263,0.259957,0.412073,0.063067,0.120499,0.285401,0.323668,0.334878,0.382149,0.446830,0.454863,0.467891,0.324065,0.371322,0.355213,0.161249,0.302982,0.303152,0.385409,0.305031,0.290900,0.422213,0.340066,0.312813,0.384375,0.450819,0.313923,0.505669,0.554836,0.179864,0.207494,0.172009,0.370430,0.095377,0.215718
285,0.027521,0.633312,0.180517,0.319636,0.300972,0.231724,0.173173,0.323448,0.209524,0.336693,0.261402,0.308462,0.576780,0.187221,0.340800,0.259407,0.159823,0.220635,0.216064,0.204570,0.172955,0.578524,0.390424,0.227075,0.164787,0.156068,0.243953,0.102676,0.286291,0.192602,0.285733,0.244299,0.173632,0.234479,0.353126,0.312348,0.228925,0.431166,0.211139,0.198311,0.177951,0.136936,0.588256,0.407854,0.232737,0.352032,0.151019,0.219685,0.205367,0.432899,0.223196,0.288490,0.355586,0.302617,0.159238,0.398984,0.265465,0.130453,0.217965,0.254398,0.107972,0.321043,0.339133,0.216211,0.152743,0.209340,0.225257,0.319172,0.234511,0.213996,0.368434,0.183834,0.200017,0.164075,0.237826,0.356492,0.212212,0.305315,0.339025,0.249105,0.147924,0.435961,0.099165,0.272122,0.303870,0.219934,0.306967,0.462708,0.803887,0.343745,0.249840,-0.049246,0.080894,0.144038,0.293920,0.682058,0.187110,0.200978,1.000000,0.151465,0.255167,0.178794,0.239223,0.103244,0.203711,0.599063,0.152542,0.348209,0.426185,0.624788,0.130589,0.324127,0.162531,0.223387,0.328774,0.152107,0.204419,0.064268,0.362614,0.407265,0.268089,0.204885,0.257771,0.467690,0.284717,0.301285,0.319608,0.194012,0.406572,0.164753,0.282081,0.594290,0.279838,0.449822,0.173417,0.251721,0.253944,0.088268,0.126151,0.257648,0.239116,0.147227,0.358449,0.303289,0.197686,0.198614,0.342401,0.245815,0.221924,0.428790,0.253569,0.149987,0.232264,0.214556,0.194782,0.236937,0.033264,0.454698,0.353483,0.053418,0.341466,0.185472,0.023830,0.354550,0.284629,0.390913,0.227796,0.282726,0.220857,0.184541,0.199602,0.127325,0.139497,0.181137,0.214843,0.289916,0.098304,0.450677,0.271215,0.552837,0.326101,0.157915,0.274443,0.239265,0.163822,0.261663,0.341543,0.213213,0.223968,0.242021,0.454109,0.360638,0.296606,0.336826,0.147339,0.315863,0.228197,0.364725,0.235347,0.298421,0.240359,0.143618,0.308739,0.205492,0.210237,0.430051,0.172856,0.152791,0.165229,0.130835,0.310448,0.227809,0.182856,0.345220,0.155916,0.177612,0.118871,0.181387,0.393532,0.236695,0.178421,0.157059,0.386225,0.140965,0.058883,0.373425,0.260713,0.323255,0.315754,0.177208,0.199919,0.391907,0.467084,0.178070,0.154302,0.118069,0.489289,0.388241,0.229353,0.352437
286,0.045283,0.188957,0.431450,0.097022,0.000972,0.336743,0.278881,0.318124,0.326079,0.446039,0.167767,0.130010,0.176529,0.320468,0.112821,0.307580,0.198657,0.300016,0.489141,0.185528,0.305712,0.208327,0.274404,0.434083,0.367033,0.033524,0.070927,0.547673,0.261477,0.270747,0.097971,0.326160,0.353967,0.029203,0.181213,0.476442,0.013440,0.300137,0.334203,0.392538,0.360964,0.441325,0.194315,0.192754,0.080855,0.336145,0.258609,0.129347,0.200916,0.035907,0.204621,-0.028298,0.264998,0.156343,0.131982,0.268161,0.148936,0.282617,0.316611,0.373242,0.321572,0.159061,0.217640,0.295914,0.391967,0.126694,0.509342,0.127832,0.318853,0.215721,0.064101,0.424619,0.406173,0.139323,0.058536,0.289996,0.200330,0.038621,0.312172,0.368271,0.573332,0.145738,0.231755,0.328057,0.143198,0.179742,0.067355,0.204018,0.146693,0.099225,0.303295,0.348731,0.372020,0.189010,0.337570,0.135596,0.289802,0.383418,0.151465,1.000000,0.354609,0.171550,0.365008,0.138535,0.343443,0.142135,0.148116,0.249685,0.183693,0.164573,0.218822,0.062013,0.264698,0.412448,0.078401,0.136790,0.487109,0.321818,0.166094,0.058246,0.286620,0.111113,0.287818,0.175981,0.379187,0.163299,0.212770,0.376799,0.208203,0.315448,0.219408,0.171023,0.083096,0.297264,0.391258,0.334599,0.213805,0.249403,0.057093,0.207454,0.221781,0.184631,0.412738,-0.013525,0.174984,0.241298,0.075222,0.324259,0.048194,0.238509,0.263969,0.268569,0.217543,0.238149,0.200427,0.351908,0.125786,0.219295,0.136071,0.079707,0.122150,0.224839,0.134218,0.282321,0.385367,0.265365,0.125161,0.326348,0.316454,0.124390,0.091608,0.198471,0.337442,-0.001443,0.121338,0.424674,0.141021,0.233065,0.313123,0.199605,0.258778,0.282051,0.443843,0.139205,0.233945,0.401933,0.329446,0.284040,0.074895,0.111801,0.248009,0.241484,0.570832,0.121372,0.317533,0.352684,0.277825,0.182227,0.277719,0.226808,0.503026,0.065248,0.250454,0.109717,0.345233,0.179782,0.098496,0.399999,0.080544,0.105971,0.228970,0.395898,0.231410,0.372823,0.252867,0.413175,0.502459,0.334662,0.200700,0.339115,0.134309,0.113276,0.097051,0.021891,0.327996,0.235012,0.715705,0.440637,0.187061,0.138840,0.390470,0.230024,0.314657,0.146571,0.316236,0.097929,0.172176,0.290055,-0.078035,0.156408
288,0.327680,0.292691,0.304255,0.308677,0.437792,0.207306,0.272898,0.500789,0.302324,0.513826,0.343632,0.229394,0.164090,0.163316,0.276175,0.442993,0.540493,0.575161,0.398392,0.130465,0.234774,0.322331,0.570011,0.549130,0.261119,0.316770,0.083780,0.311604,0.424046,0.319417,0.176960,0.582961,0.346609,0.171342,0.395019,0.549214,0.139950,0.390358,0.336278,0.442640,0.266522,0.385381,0.335396,0.303539,0.336717,0.525031,0.437925,0.176580,0.458813,0.212086,0.459743,0.105333,0.467325,0.384901,0.077800,0.372924,0.259228,0.490417,0.180386,0.461984,0.413525,0.146169,0.451561,0.169535,0.440898,0.240422,0.456885,0.306913,0.235112,0.298084,0.285881,0.265282,0.415982,0.327502,0.487715,0.352537,0.381607,0.119256,0.404884,0.460837,0.409025,0.287762,0.319598,0.369965,0.413236,0.424467,0.272141,0.347709,0.326152,0.202168,0.347288,0.226089,0.179281,0.129788,0.245967,0.285723,0.316855,0.484285,0.255167,0.354609,1.000000,0.450619,0.430098,0.418762,0.364839,0.265913,0.110664,0.377070,0.258559,0.158270,0.500817,0.352158,0.115702,0.329287,0.269263,0.440841,0.409221,0.206327,0.323312,0.238644,0.643457,0.325131,0.669855,0.247544,0.300954,0.518403,0.338360,0.220818,0.292549,0.336893,0.244751,0.223223,0.131982,0.443584,0.264003,0.478367,0.203895,0.244302,0.471605,0.258602,0.368017,0.461573,0.465712,0.191152,0.330766,0.575478,0.273707,0.462750,0.420299,0.391984,0.400652,0.248130,0.153137,0.393353,0.149100,0.413237,0.252313,0.418241,0.342018,0.252162,0.222653,0.354785,0.332279,0.552741,0.430177,0.372485,0.177451,0.550722,0.359847,0.270138,0.292777,0.156733,0.193343,0.038469,0.150873,0.557126,0.254676,0.353505,0.365157,0.339868,0.258628,0.342530,0.420987,0.275271,0.575158,0.413200,0.402570,0.564575,0.314657,0.108258,0.336430,0.388969,0.464078,0.260043,0.312641,0.520739,0.370947,0.286916,0.314229,0.225946,0.434193,0.265369,0.366029,0.068981,0.490141,0.389211,0.278304,0.373157,0.131171,0.072201,0.286713,0.317446,0.465251,0.377280,0.474735,0.419460,0.292437,0.411505,0.517170,0.382674,0.271809,0.400795,0.256513,0.320441,0.179650,0.491993,0.463822,0.393937,0.225261,0.329319,0.360192,0.314444,0.438896,0.438212,0.134516,0.082621,0.207113,0.301793,0.067390,0.182616
293,0.218680,0.226602,0.133800,0.324410,0.136405,0.109444,0.206903,0.255262,0.146300,0.363980,0.277740,0.113178,0.121290,0.071169,0.158537,0.366026,0.303692,0.360645,0.169553,0.219070,0.097569,0.250629,0.387674,0.287834,0.104959,0.219089,0.096491,0.227239,0.224958,0.160384,0.130788,0.440312,0.168150,0.209240,0.203017,0.218030,0.074042,0.263185,0.347822,0.505978,0.206693,0.127561,0.244232,0.208171,0.177354,0.347313,0.222362,0.146292,0.265865,0.139714,0.213542,0.169283,0.275452,0.289059,0.173672,0.205940,0.173269,0.527309,0.184056,0.364740,0.360313,0.210236,0.370665,0.226785,0.300251,0.101206,0.133654,0.236798,0.157252,0.330938,0.235904,0.102316,0.309278,0.232420,0.342022,0.280305,0.161776,0.194985,0.288916,0.196039,0.105852,0.269125,0.125887,0.530036,0.447739,0.294795,0.149547,0.240829,0.193386,0.219885,0.214941,-0.056057,0.083024,0.046862,0.109850,0.198922,0.152427,0.220489,0.178794,0.171550,0.450619,1.000000,0.230530,0.206607,0.121394,0.281455,0.069483,0.226919,0.167526,0.159727,0.388538,0.155154,0.146872,0.234732,0.198394,0.218409,0.130804,0.238359,0.241564,0.168367,0.463955,0.211400,0.368898,0.204717,0.162197,0.235782,0.328166,0.110758,0.319146,0.152661,0.240109,0.142300,0.119499,0.221086,0.127899,0.324967,0.100573,0.148680,0.275286,0.177457,0.181638,0.230000,0.443807,0.104702,0.139460,0.368627,0.152678,0.266940,0.119679,0.221149,0.292014,0.123164,0.049487,0.186829,0.287476,0.244134,0.102234,0.305427,0.203000,0.231190,0.216341,0.215384,0.115923,0.483612,0.107915,0.338828,0.073499,0.580569,0.277231,0.268262,0.184566,0.131530,0.158146,0.126646,0.318142,0.439921,0.117107,0.361527,0.290964,0.223355,0.068104,0.150168,0.213362,0.191738,0.318147,0.141661,0.245440,0.425648,0.296930,0.038084,0.319056,0.256715,0.219519,0.240952,0.102861,0.385304,0.114591,0.152845,0.080721,0.280188,0.197382,0.210210,0.351968,0.075337,0.293321,0.311884,0.168531,0.160754,0.143577,0.052899,0.245712,0.202105,0.270735,0.318521,0.399754,0.221809,0.107503,0.172482,0.360079,0.134250,0.195639,0.236809,0.180675,0.222632,0.057390,0.363052,0.207464,0.173963,0.084685,0.189300,0.144909,0.193487,0.294827,0.192632,0.170235,0.009005,0.115116,0.147913,0.108687,0.126240
295,0.153936,0.298815,0.351477,0.267441,0.134792,0.473956,0.463689,0.495673,0.286115,0.532179,0.316988,0.295704,0.168071,0.243514,0.238203,0.375931,0.341258,0.304328,0.364455,0.205438,0.444856,0.378785,0.299419,0.353564,0.291294,0.197640,0.133746,0.350474,0.394068,0.623219,0.102848,0.291707,0.243553,0.175126,0.268312,0.498169,0.103709,0.487784,0.275675,0.251461,0.356725,0.398277,0.317602,0.408926,0.270564,0.495974,0.197902,0.149703,0.350806,0.202515,0.359092,0.122898,0.532463,0.296512,0.128645,0.440327,0.239596,0.248803,0.460548,0.631647,0.287511,0.157965,0.462701,0.240987,0.373711,0.231054,0.365574,0.378698,0.428970,0.362402,0.186873,0.465281,0.456812,0.259518,0.301035,0.364712,0.258322,0.137679,0.423133,0.400174,0.495625,0.288085,0.188434,0.203342,0.329504,0.314857,0.275271,0.309399,0.281097,0.179604,0.265059,0.195884,0.285276,0.220026,0.318944,0.212609,0.619006,0.387392,0.239223,0.365008,0.430098,0.230530,1.000000,0.316487,0.257264,0.310837,0.198156,0.263283,0.342908,0.211445,0.258458,0.279381,0.295670,0.322804,0.305563,0.343673,0.341983,0.239488,0.354357,0.211756,0.347683,0.173645,0.415240,0.184049,0.485254,0.360665,0.257949,0.337389,0.293553,0.688778,0.235118,0.168172,0.132228,0.528481,0.621985,0.467935,0.308995,0.188015,0.284726,0.254118,0.305514,0.263125,0.321215,0.182223,0.216926,0.335515,0.175162,0.377618,0.208092,0.319350,0.375185,0.391132,0.277627,0.374634,0.330109,0.296884,0.124969,0.380302,0.367737,0.202977,0.254786,0.221055,0.302988,0.311571,0.438788,0.414578,0.245817,0.275053,0.471305,0.198935,0.212665,0.232640,0.406815,0.081061,0.241311,0.493674,0.234662,0.261368,0.372862,0.214299,0.164534,0.185099,0.624863,0.213523,0.361055,0.332119,0.444772,0.380932,0.212734,0.123576,0.397148,0.380190,0.408101,0.131026,0.182287,0.257407,0.326386,0.316699,0.250562,0.224130,0.350803,0.204863,0.404845,0.230803,0.395354,0.361793,0.158208,0.311105,0.244888,0.117049,0.241154,0.590317,0.312870,0.389778,0.407973,0.616841,0.301281,0.375769,0.283695,0.267002,0.218617,0.284122,0.221356,0.257706,0.274517,0.318509,0.417882,0.377985,0.168633,0.189481,0.358705,0.356617,0.435122,0.282600,0.264503,0.243498,0.210723,0.360152,0.082870,0.225493
296,0.269629,0.299459,0.316118,0.435313,0.294546,0.194431,0.179196,0.311536,0.185760,0.296830,0.481408,0.271645,0.205060,0.174871,0.246578,0.378834,0.325646,0.579738,0.331548,0.212154,0.110194,0.281840,0.425677,0.456553,0.188660,0.144845,0.146957,0.204031,0.416304,0.280772,0.295786,0.294743,0.397387,0.372578,0.366649,0.440464,0.094121,0.310851,0.139702,0.234327,0.122437,0.270443,0.300959,0.233496,0.167538,0.386349,0.469417,0.129074,0.377396,0.191707,0.412832,0.107883,0.382919,0.156003,0.111412,0.334308,0.269629,0.241422,0.131663,0.379296,0.139664,0.255388,0.331870,0.099183,0.377247,0.411174,0.257997,0.290149,0.279588,0.153773,0.305892,0.126915,0.206963,0.313428,0.468021,0.371099,0.325928,0.292748,0.402870,0.289315,0.248201,0.142796,0.343901,0.222907,0.268351,0.295807,0.226705,0.311361,0.167210,0.307621,0.290264,0.298385,0.090623,0.029830,0.279471,0.282737,0.271879,0.453138,0.103244,0.138535,0.418762,0.206607,0.316487,1.000000,0.049612,0.120341,0.141605,0.409964,0.216013,0.063349,0.498650,0.342584,0.034528,0.261089,0.215665,0.499373,0.150407,0.183009,0.358182,0.244961,0.460155,0.301945,0.591576,0.230138,0.205993,0.533743,0.443297,0.260742,0.299054,0.259059,0.324018,0.147280,0.130078,0.314294,0.174696,0.435098,0.110061,0.353954,0.518434,0.256779,0.370432,0.494031,0.194890,0.152847,0.391232,0.456478,0.211794,0.382270,0.298452,0.248832,0.445295,0.154179,0.133310,0.553771,0.067954,0.212167,0.106558,0.331648,0.478021,0.175243,0.310694,0.270477,0.460920,0.219461,0.232691,0.153342,0.283057,0.212225,0.160107,0.114281,0.282952,0.062283,0.102805,0.150860,0.087785,0.424069,0.331577,0.255567,0.250010,0.277035,0.092618,0.317518,0.151117,0.332865,0.527624,0.198935,0.230026,0.480475,0.287513,0.215847,0.269302,0.419573,0.319291,0.215700,0.159866,0.168781,0.264201,0.272383,0.095247,0.210464,0.205578,0.465612,0.373705,0.168640,0.509563,0.309143,0.237246,0.199585,0.117635,0.077139,0.391652,0.169661,0.396477,0.384695,0.443271,0.313457,0.307494,0.134335,0.327199,0.120711,0.292493,0.330029,0.257337,0.544803,0.148580,0.258523,0.208916,0.198710,0.286761,0.386870,0.398232,0.338988,0.350031,0.513494,0.098566,0.052564,0.297482,0.338812,0.086179,0.295722
303,0.131791,0.192757,0.278055,0.110065,0.118531,0.164951,0.192859,0.287221,0.268622,0.378248,0.120440,0.148380,0.154907,0.227095,0.212800,0.192876,0.188292,0.212437,0.362405,0.080330,0.245358,0.150017,0.207175,0.294820,0.183630,0.210070,0.108563,0.188053,0.134651,0.186981,0.085889,0.255757,0.223104,0.035572,0.206697,0.295110,0.133795,0.290372,0.167338,0.236971,0.193281,0.152742,0.168304,0.229345,0.276719,0.316951,0.197573,0.041109,0.140000,0.137896,0.231094,0.135966,0.281094,0.219031,0.113367,0.269214,0.095853,0.158026,0.276199,0.300464,0.388395,0.053446,0.209026,0.162003,0.251093,0.072680,0.309693,0.198420,0.240323,0.188530,0.097791,0.278634,0.299149,0.151888,0.195792,0.217532,0.229606,0.048765,0.234664,0.407487,0.282962,0.236296,0.139444,0.165637,0.082897,0.261594,0.115682,0.220700,0.231490,0.119058,0.280987,0.129770,0.102466,0.174968,0.164420,0.177842,0.189149,0.398236,0.203711,0.343443,0.364839,0.121394,0.257264,0.049612,1.000000,0.129887,0.126357,0.188362,0.273966,0.199015,0.133366,0.217048,0.174442,0.248761,0.186401,0.117475,0.333724,0.133415,0.187300,0.194817,0.236064,0.030460,0.212911,0.236164,0.314009,0.248937,0.138661,0.136266,0.157672,0.245571,0.152896,0.233822,0.192760,0.327711,0.255559,0.291968,0.375370,0.162086,0.150136,0.239098,0.201612,0.304284,0.416842,0.117645,0.162235,0.145401,0.167743,0.316799,0.207859,0.346102,0.111216,0.222269,0.158775,0.149768,0.164868,0.381509,0.267768,0.288410,0.137781,0.176090,0.140597,0.356724,0.143951,0.354607,0.315944,0.259892,0.061704,0.240893,0.206894,0.197204,0.198791,0.179334,0.266016,0.044585,0.104392,0.383061,0.108992,0.245517,0.246333,0.227964,0.332791,0.289573,0.310159,0.191737,0.192426,0.421120,0.222711,0.273677,0.152904,0.051635,0.197983,0.176875,0.343868,0.148956,0.398787,0.279456,0.335745,0.156959,0.348511,0.097377,0.480858,0.041529,0.220126,0.016714,0.221972,0.343481,0.107056,0.317863,0.075914,0.136772,0.136137,0.415422,0.187366,0.234508,0.182717,0.360632,0.148752,0.407655,0.256503,0.544333,0.078390,0.068319,0.200367,0.013630,0.107555,0.188290,0.390978,0.342768,0.262851,0.068678,0.191778,0.216119,0.327874,0.172633,0.136532,0.176065,0.120573,0.208460,0.034189,0.110883
304,0.118392,0.547021,0.185416,0.306675,0.209100,0.246376,0.170867,0.301860,0.230974,0.352423,0.244219,0.219124,0.554297,0.154238,0.307704,0.271103,0.176445,0.203833,0.149090,0.218448,0.218347,0.563427,0.368569,0.287209,0.224540,0.163833,0.228073,0.187600,0.274781,0.270394,0.170965,0.232425,0.234190,0.185276,0.295612,0.312160,0.246387,0.378231,0.148399,0.187398,0.152920,0.202191,0.492702,0.363526,0.206271,0.367720,0.182960,0.230319,0.222171,0.329575,0.322537,0.227652,0.365962,0.222119,0.154260,0.269296,0.306077,0.135769,0.194040,0.363934,0.141495,0.274324,0.380504,0.205560,0.157229,0.159594,0.258425,0.463398,0.187684,0.282559,0.315077,0.119423,0.222081,0.197384,0.293797,0.337970,0.262484,0.246077,0.388274,0.268737,0.195559,0.369536,0.160434,0.283734,0.304832,0.229783,0.282726,0.318081,0.592208,0.304949,0.246197,-0.038685,0.109511,0.087114,0.273287,0.477899,0.216213,0.267844,0.599063,0.142135,0.265913,0.281455,0.310837,0.120341,0.129887,1.000001,0.093784,0.376414,0.467321,0.530961,0.117452,0.272982,0.131142,0.270407,0.297631,0.174076,0.237386,0.096230,0.311861,0.402817,0.262660,0.183885,0.256114,0.421415,0.290606,0.236549,0.345545,0.130175,0.360989,0.297408,0.255290,0.353756,0.309475,0.470630,0.201438,0.219565,0.167714,0.078770,0.192809,0.231866,0.259791,0.204027,0.374997,0.306484,0.129876,0.198905,0.255956,0.230782,0.250054,0.306637,0.217847,0.211118,0.250881,0.211914,0.282295,0.275647,0.069700,0.367670,0.231226,0.172356,0.242212,0.200298,0.113558,0.260274,0.246834,0.344736,0.179580,0.249979,0.231958,0.277368,0.360124,0.156566,0.127034,0.140356,0.270300,0.285003,0.128807,0.389492,0.320428,0.525144,0.252679,0.186838,0.300296,0.208018,0.174971,0.197491,0.343648,0.174764,0.324360,0.147698,0.393001,0.362553,0.312964,0.310591,0.227926,0.254706,0.264881,0.316282,0.169328,0.366753,0.209950,0.145937,0.486502,0.234336,0.236406,0.417140,0.193829,0.181504,0.147435,0.185649,0.260811,0.239699,0.136397,0.328229,0.232864,0.239334,0.140885,0.171371,0.324693,0.155938,0.286541,0.197491,0.314128,0.238958,0.180205,0.383909,0.247156,0.238132,0.236206,0.255606,0.216492,0.265205,0.443841,0.224937,0.173696,0.219569,0.386698,0.377921,0.229136,0.299509
308,0.205708,0.096075,0.161859,0.046409,0.133719,0.098798,0.260239,0.099452,0.064769,0.221592,0.250930,0.167563,0.169989,0.229805,-0.035853,0.118721,0.085978,0.132358,0.092000,0.070541,0.093283,0.137916,0.143640,0.078581,-0.028742,0.106850,0.098502,0.120350,0.166595,0.118174,0.106305,0.051759,0.105335,0.100241,0.182402,0.151062,-0.014865,0.172042,0.034908,0.145858,0.181229,0.045886,0.169989,0.137137,0.075483,0.201473,0.104019,0.072860,0.103246,0.076775,0.097063,-0.027416,0.130688,0.133485,0.047366,0.158349,0.074089,0.081948,0.277032,0.142197,0.059767,0.219841,0.118920,0.341899,0.058896,0.165013,0.107112,0.066968,0.175391,0.164961,0.026595,0.139123,0.238312,0.059329,0.022900,0.177869,0.039707,0.082530,0.148519,0.108044,0.089871,0.134835,0.067849,0.130057,0.109357,0.125779,0.104729,0.178056,0.146687,0.102840,0.072276,0.053850,0.118343,0.093051,0.181645,0.069298,0.165739,0.118271,0.152542,0.148116,0.110664,0.069483,0.198156,0.141605,0.126357,0.093784,1.000000,0.209032,0.148678,0.060622,0.027461,0.024905,0.239741,0.097879,0.024103,0.181133,0.055343,0.204949,0.178492,-0.002216,0.154263,0.050382,0.116576,0.179609,0.154648,0.084486,0.140711,0.194663,0.111394,0.145718,0.254487,0.156783,0.199980,0.148447,0.205645,0.163947,0.146357,0.141671,0.013582,0.167227,0.108912,0.089202,0.193702,0.055680,0.101658,0.111066,0.016814,0.145775,0.066870,0.138220,0.103761,0.120639,0.287750,0.123379,0.268699,0.157195,0.120688,0.187427,0.138565,0.184160,0.063494,0.037568,0.125573,0.016106,0.099960,0.201740,0.214057,0.062437,0.198723,0.137985,0.035137,0.142380,0.166946,0.148750,0.172902,0.154903,0.091242,0.144121,0.190149,0.078038,0.140540,0.135682,0.260106,0.047199,0.071045,0.019364,0.228856,0.064507,0.016502,0.064818,0.137631,0.102179,0.075696,-0.003178,0.085831,0.054408,0.101529,0.110880,0.119430,0.092166,0.067115,0.141777,0.136298,0.078236,0.191813,0.138414,0.105693,0.002671,0.012770,0.272708,0.142918,0.248949,0.181490,0.136340,0.007459,0.153122,0.097944,0.072661,0.098204,0.102014,0.086518,0.015873,0.035495,0.072631,0.141817,0.117005,0.136558,0.181346,0.160390,0.005669,0.127881,0.100683,0.162681,0.079662,0.161513,-0.023689,0.168889,0.146447,-0.017576,0.134687
309,0.292796,0.450909,0.328097,0.496392,0.387082,0.224741,0.199439,0.423971,0.219474,0.329241,0.385300,0.242331,0.338652,0.173729,0.393870,0.358763,0.403203,0.302219,0.357114,0.170772,0.211822,0.365621,0.429178,0.383146,0.209974,0.296758,0.288536,0.252675,0.527443,0.283841,0.475087,0.321304,0.322033,0.315431,0.422427,0.366719,0.295312,0.334847,0.219823,0.229011,0.136966,0.271699,0.310715,0.323933,0.270913,0.501092,0.247144,0.172430,0.449219,0.348275,0.412486,0.138555,0.528342,0.269687,0.079180,0.245112,0.433680,0.196506,0.250206,0.398231,0.176766,0.351518,0.384394,0.308836,0.400708,0.286044,0.345215,0.366407,0.328562,0.351623,0.372879,0.174588,0.254953,0.382959,0.578145,0.467171,0.476190,0.372839,0.458296,0.402933,0.305535,0.351843,0.371842,0.192796,0.206989,0.316127,0.321754,0.305829,0.344699,0.325151,0.381119,0.088966,0.036948,0.057462,0.243826,0.476586,0.321779,0.387449,0.348209,0.249685,0.377070,0.226919,0.263283,0.409964,0.188362,0.376414,0.209032,1.000000,0.359453,0.244806,0.190033,0.398357,0.154094,0.287018,0.315087,0.360418,0.254434,0.184998,0.357381,0.345173,0.339560,0.209217,0.344626,0.352873,0.224666,0.413343,0.484169,0.310126,0.354327,0.302666,0.471245,0.345912,0.259893,0.427508,0.194296,0.510920,0.154871,0.340306,0.517369,0.350061,0.374904,0.251561,0.488582,0.258005,0.238582,0.208879,0.327992,0.361847,0.446311,0.469417,0.433056,0.227961,0.318084,0.350115,0.200321,0.384971,0.179808,0.454803,0.299267,0.240127,0.389994,0.268349,0.213223,0.323065,0.272509,0.341479,0.366027,0.167663,0.204150,0.325769,0.379053,0.219573,0.154720,0.223531,0.176677,0.331097,0.160326,0.363560,0.397332,0.473643,0.107772,0.280844,0.299868,0.502685,0.251224,0.196003,0.462596,0.263705,0.507822,0.108191,0.470560,0.511312,0.469689,0.375355,0.225845,0.235304,0.256108,0.255497,0.178660,0.393647,0.313772,0.135347,0.489951,0.157652,0.341338,0.355295,0.285053,0.223989,0.163366,0.150977,0.311521,0.233021,0.172833,0.498650,0.553116,0.299917,0.311618,0.175093,0.514382,0.201393,0.178713,0.224988,0.359681,0.307147,0.230632,0.316175,0.259878,0.269979,0.377966,0.305287,0.442711,0.466068,0.525277,0.362642,0.215829,0.229159,0.420415,0.387470,0.160668,0.415313
311,0.170266,0.557974,0.222857,0.425734,0.230356,0.322611,0.255338,0.409819,0.225606,0.491412,0.366346,0.338798,0.402446,0.168312,0.371342,0.374813,0.251916,0.256626,0.237702,0.201372,0.309552,0.359779,0.274969,0.266771,0.188114,0.238644,0.299708,0.175455,0.389243,0.270663,0.210215,0.200564,0.203145,0.235139,0.361871,0.377668,0.164927,0.418102,0.228844,0.101707,0.163728,0.211042,0.334110,0.380545,0.321621,0.494985,0.237986,0.128490,0.328659,0.281694,0.365719,0.179291,0.425316,0.355077,0.104897,0.353011,0.252214,0.076113,0.219022,0.522176,0.210692,0.178359,0.406492,0.185050,0.293672,0.177982,0.323944,0.679347,0.249841,0.381627,0.232212,0.340490,0.178623,0.353162,0.285711,0.496688,0.407558,0.209667,0.400240,0.390764,0.301274,0.451858,0.196219,0.159931,0.168885,0.301685,0.452002,0.297374,0.451974,0.237922,0.313135,0.034339,0.138505,0.215425,0.316779,0.324786,0.235832,0.415753,0.426185,0.183693,0.258559,0.167526,0.342908,0.216013,0.273966,0.467321,0.148678,0.359453,1.000001,0.302586,0.083618,0.345094,0.134280,0.231569,0.427016,0.194618,0.261931,0.064161,0.290948,0.480428,0.232850,0.154647,0.250619,0.464186,0.356600,0.334739,0.399528,0.161302,0.345655,0.320593,0.290728,0.314214,0.315030,0.458601,0.249700,0.398291,0.255795,0.067941,0.269802,0.329108,0.362804,0.263343,0.463307,0.208142,0.184164,0.160657,0.330635,0.321132,0.347720,0.496113,0.321099,0.207553,0.159386,0.306938,0.144747,0.433941,0.201097,0.487723,0.408837,0.257783,0.323318,0.285412,0.187285,0.362405,0.381811,0.325695,0.346215,0.150296,0.279423,0.285749,0.450916,0.300148,0.150451,0.192066,0.277205,0.338782,0.163475,0.271892,0.453003,0.350837,0.047280,0.316300,0.350691,0.313234,0.195159,0.205924,0.421749,0.225242,0.363267,0.156577,0.420093,0.473824,0.320443,0.200148,0.245184,0.093417,0.303290,0.368804,0.307709,0.403374,0.261562,0.298769,0.383733,0.162531,0.230541,0.490782,0.214556,0.206057,0.104701,0.126893,0.327311,0.344886,0.180328,0.349346,0.311442,0.258397,0.219012,0.235477,0.374487,0.157530,0.202267,0.183655,0.490099,0.235237,0.035744,0.398147,0.203492,0.373534,0.288315,0.199218,0.255177,0.322714,0.612011,0.312982,0.072507,0.132795,0.184391,0.469488,0.164677,0.199825
313,-0.021402,0.501938,0.184406,0.178173,0.039422,0.092453,0.073835,0.127323,0.060600,0.274531,0.118247,0.140038,0.453376,0.048975,0.292744,0.044510,0.040056,0.177436,0.162716,0.099885,0.084303,0.489111,0.164507,0.168007,0.149920,0.087186,0.172185,0.048930,0.119035,0.223537,-0.001216,0.165786,0.135543,0.191372,0.079244,0.186144,0.227875,0.258736,0.103837,0.128359,0.029713,0.052855,0.395932,0.250891,0.103818,0.200513,0.088896,0.230159,0.143045,0.311953,0.226127,0.271567,0.240349,0.056322,0.180420,0.253480,0.184121,0.067487,0.201989,0.237679,0.096279,0.104077,0.190968,0.127097,0.092029,0.073942,0.191510,0.239173,0.128063,0.045731,0.232142,0.047821,0.139213,0.151377,0.246254,0.153203,0.167807,0.072053,0.307988,0.193298,0.054034,0.214481,0.079150,0.235635,0.154240,0.287584,0.183239,0.239906,0.515407,0.195142,0.250863,0.054926,0.013191,0.043560,0.146215,0.430472,0.112115,0.231492,0.624788,0.164573,0.158270,0.159727,0.211445,0.063349,0.199015,0.530961,0.060622,0.244806,0.302586,1.000000,0.089185,0.230313,0.136536,0.126577,0.171689,0.074529,0.116080,0.094676,0.272206,0.298506,0.158006,0.104435,0.148419,0.435654,0.176219,0.177081,0.148051,0.028365,0.147484,0.173548,0.130021,0.417644,0.130703,0.343412,0.217821,0.142415,0.107903,0.007673,0.141041,0.180040,0.154720,0.195687,0.291322,0.282392,0.077047,0.096240,0.258772,0.104595,0.236879,0.219781,0.128279,0.142191,0.186919,0.084149,0.139054,0.168412,0.009770,0.188972,0.121515,0.062924,0.075747,0.294389,0.073362,0.138006,0.126635,0.327335,0.107375,0.150356,0.141679,0.132166,0.249301,0.102946,0.112313,0.070482,0.149979,0.135873,0.016662,0.200728,0.197982,0.588135,0.244112,0.114177,0.179750,0.150486,0.138905,0.262686,0.217967,0.169542,0.152667,0.127492,0.159786,0.179353,0.115056,0.287004,0.209287,0.183635,0.078612,0.185395,0.104963,0.215955,0.143247,0.026162,0.255477,0.121312,0.124545,0.371327,0.202944,0.061569,0.156776,0.064356,0.195497,0.190051,0.106437,0.165858,0.085416,0.233768,0.049722,0.100072,0.233397,0.198812,0.098164,0.130801,0.314367,0.092475,0.042148,0.240505,0.100465,0.143574,0.211912,0.173398,0.129131,0.096142,0.302980,0.146735,0.018231,0.241657,0.399170,0.394612,0.246247,0.257785
317,0.204496,0.188887,0.284286,0.238853,0.251130,0.183461,0.095604,0.239368,0.218812,0.251129,0.180438,0.207874,0.208924,0.112521,0.138862,0.294136,0.324956,0.588210,0.319140,0.280167,0.170119,0.140092,0.402818,0.410653,0.159796,0.213226,0.127837,0.261229,0.343655,0.234313,0.087973,0.516696,0.333660,0.233482,0.264123,0.366248,-0.018733,0.285079,0.296723,0.430136,0.136531,0.176106,0.255036,0.176925,0.190373,0.228376,0.569594,0.114216,0.324408,0.131771,0.284845,0.158384,0.236437,0.139997,0.093218,0.322348,0.213412,0.483756,0.157108,0.260354,0.305282,0.153880,0.234525,0.144667,0.283636,0.314824,0.250913,0.180047,0.213083,0.197254,0.211087,0.079161,0.276711,0.153822,0.349054,0.186493,0.192095,0.126963,0.304744,0.242519,0.171249,0.116771,0.297141,0.425675,0.337338,0.303373,0.140818,0.262609,0.153578,0.211330,0.338020,0.294043,0.061684,0.021659,0.282282,0.194761,0.198127,0.393578,0.130589,0.218822,0.500817,0.388538,0.258458,0.498650,0.133366,0.117452,0.027461,0.190033,0.083618,0.089185,1.000000,0.273875,0.102244,0.233362,0.136657,0.460775,0.225716,0.089557,0.311037,0.144291,0.634507,0.295895,0.727845,0.176224,0.193008,0.490375,0.200156,0.053790,0.199506,0.201958,0.224523,0.164755,0.073650,0.203486,0.146258,0.281586,0.031794,0.300421,0.335872,0.184411,0.292691,0.546178,0.315077,0.174332,0.322598,0.556205,0.195341,0.261344,0.256494,0.248392,0.178680,0.151112,0.079728,0.511435,0.116628,0.193375,0.090472,0.237441,0.317135,0.186331,0.113517,0.283105,0.421847,0.280330,0.208539,0.256633,0.105929,0.451552,0.233966,0.116700,0.232569,0.029973,0.165956,0.023461,0.148433,0.326857,0.345208,0.199119,0.147034,0.165514,0.180122,0.310930,0.063654,0.183933,0.733017,0.255953,0.149769,0.632672,0.201145,0.091703,0.247940,0.217259,0.263914,0.201188,0.259799,0.350430,0.278994,0.165399,0.118969,0.082098,0.170299,0.372642,0.294979,0.125371,0.425237,0.221193,0.268625,0.212613,0.066076,0.007140,0.310793,0.174198,0.464454,0.243226,0.314032,0.273982,0.253063,0.304108,0.372884,0.163362,0.296252,0.420574,0.177987,0.372622,0.080272,0.331267,0.258037,0.103746,0.177998,0.342458,0.281689,0.231741,0.280917,0.499966,0.175447,-0.034041,0.213439,0.213596,0.077896,0.198773
324,0.352409,0.402878,0.168038,0.321740,0.350208,0.198147,0.140735,0.372732,0.176806,0.273052,0.225894,0.292244,0.280385,0.042864,0.450999,0.213709,0.298944,0.298615,0.188711,0.167455,0.307163,0.298701,0.249606,0.286157,0.163350,0.328831,0.391787,0.152335,0.342170,0.276102,0.120824,0.264358,0.153931,0.313444,0.285091,0.336300,0.237654,0.442922,0.110121,0.052501,0.076410,0.088668,0.347391,0.444073,0.426327,0.419342,0.287058,0.330776,0.294142,0.377759,0.482002,0.314492,0.480658,0.193075,0.094650,0.455981,0.412294,0.163067,0.195340,0.324761,0.146998,0.150074,0.308409,0.074621,0.240871,0.306722,0.166928,0.387528,0.233758,0.227301,0.316722,0.120990,0.178851,0.338382,0.415937,0.263151,0.403851,0.156470,0.289177,0.335350,0.152444,0.447261,0.184319,0.111749,0.162249,0.451915,0.235761,0.266018,0.359922,0.458432,0.325772,-0.015880,0.024288,-0.013042,0.231041,0.333906,0.229987,0.324841,0.324127,0.062013,0.352158,0.155154,0.279381,0.342584,0.217048,0.272982,0.024905,0.398357,0.345094,0.230313,0.273875,1.000000,0.026238,0.115286,0.294869,0.429988,0.148188,0.013383,0.506479,0.469857,0.309512,0.113320,0.352070,0.326334,0.235029,0.517973,0.310525,0.065010,0.172409,0.232654,0.178066,0.345840,0.073676,0.430529,0.181810,0.353135,0.115013,0.131554,0.502862,0.252656,0.431133,0.375978,0.302780,0.401276,0.267371,0.247219,0.402111,0.280107,0.594917,0.460215,0.222878,0.158846,0.080542,0.448230,0.143156,0.280994,0.209801,0.380978,0.301978,0.224633,0.347829,0.334524,0.358899,0.249470,0.214381,0.343342,0.150149,0.165330,0.153633,0.288159,0.383164,0.190067,0.127811,0.172969,0.265451,0.246917,0.147658,0.184296,0.215104,0.443410,0.104358,0.324186,0.232961,0.379519,0.360648,0.150979,0.307132,0.254097,0.356263,0.254246,0.313901,0.396849,0.279492,0.304977,0.197641,0.127564,0.282303,0.492604,0.265088,0.312108,0.207077,0.190936,0.416945,0.113770,0.262260,0.362538,0.348159,0.208276,0.103453,0.192977,0.178996,0.214778,0.188154,0.242570,0.394330,0.262216,0.061018,0.244501,0.485177,0.176327,0.220607,0.162448,0.462239,0.396410,0.113559,0.230077,0.174269,0.172913,0.147139,0.357141,0.238596,0.296061,0.444733,0.430021,0.099906,0.086920,0.266988,0.368691,0.228193,0.326152
326,0.022783,0.097724,0.258108,0.101113,-0.040725,0.173165,0.529744,0.087143,0.160759,0.126929,0.131545,0.093660,0.099656,0.244495,0.075190,0.132597,0.093308,0.103147,0.345039,0.168274,0.144601,0.053100,0.129646,0.172698,0.101614,0.030304,0.124740,0.327806,0.128371,0.385393,0.107123,0.179522,0.039554,0.013127,0.085085,0.173204,-0.026638,0.266867,0.220309,0.324342,0.382858,0.241138,0.115333,0.099318,0.116109,0.283048,0.026141,0.117668,0.130833,0.024904,0.127201,-0.035312,0.229511,0.143003,0.066983,0.148925,0.091939,0.114174,0.497782,0.217988,0.143894,0.133774,0.113838,0.320018,0.180626,0.095546,0.223100,0.179056,0.375192,0.245928,-0.064321,0.361085,0.243432,0.097913,0.064152,0.215830,-0.006116,0.123002,0.158239,0.111506,0.162212,0.131017,-0.031816,0.138882,0.020396,0.153065,-0.058725,0.174123,0.146424,0.130752,0.091361,0.137384,0.154718,0.531572,0.235436,0.105614,0.329893,0.160385,0.162531,0.264698,0.115702,0.146872,0.295670,0.034528,0.174442,0.131142,0.239741,0.154094,0.134280,0.136536,0.102244,0.026238,1.000000,0.180267,0.078520,0.069256,0.235741,0.566448,0.143472,0.008015,0.108035,0.021471,0.083604,0.127021,0.377531,0.044193,0.143958,0.219957,0.101624,0.415702,0.142577,0.061678,0.150581,0.261800,0.428171,0.131781,0.144362,0.145971,0.002644,0.182710,0.051462,0.108283,0.216969,0.002331,0.087092,0.118830,0.007566,0.087286,0.030468,0.102003,0.131651,0.442132,0.341728,0.053734,0.186838,0.151311,0.035021,0.089378,0.121560,0.079635,0.103199,0.085135,0.019454,0.168051,0.129576,0.236856,0.140855,0.111687,0.249500,0.095571,0.004245,0.129185,0.352963,0.043613,0.138174,0.160270,0.121678,0.109746,0.131478,0.056575,0.103254,0.014827,0.252045,0.122259,0.104935,0.333501,0.189066,0.136333,0.057299,0.019096,0.219205,0.067547,0.160848,0.095583,0.113426,0.231094,0.126910,0.150292,0.038736,0.102801,0.181111,-0.015639,0.172661,0.286559,0.176868,0.157313,0.081105,0.199501,0.106020,0.095601,0.206008,0.465829,0.086070,0.190847,0.081610,0.444953,0.109422,0.253905,0.108167,0.288916,0.010388,0.081368,0.035595,-0.094941,0.252805,0.193135,0.263986,0.090962,0.080267,-0.041202,0.026167,0.133233,0.135540,0.000440,0.125627,0.340875,0.058248,0.121013,-0.019938,0.041426
331,0.054387,0.218376,0.584040,0.242909,0.157952,0.291605,0.197382,0.263507,0.441977,0.460030,0.327865,0.203721,0.240485,0.454413,0.096861,0.397237,0.176281,0.286142,0.392078,0.243131,0.288421,0.292456,0.327358,0.465038,0.331988,0.081667,0.083407,0.384610,0.307758,0.370366,0.324548,0.291444,0.325628,0.186538,0.287538,0.476126,0.070891,0.366932,0.191247,0.422407,0.257848,0.404706,0.246590,0.204148,0.150280,0.263651,0.267125,0.110536,0.209901,0.059609,0.288534,-0.020554,0.286775,0.138921,0.104670,0.209393,0.207021,0.179156,0.233077,0.417770,0.293238,0.330127,0.298506,0.155327,0.368764,0.208489,0.503731,0.276763,0.284998,0.268902,0.131341,0.341174,0.230337,0.191504,0.162693,0.390358,0.118891,0.229064,0.334741,0.538392,0.473189,0.181541,0.201895,0.221245,0.228924,0.244139,0.121058,0.281245,0.206543,0.232736,0.317417,0.373215,0.347528,0.177307,0.222128,0.304319,0.386286,0.320959,0.223387,0.412448,0.329287,0.234732,0.322804,0.261089,0.248761,0.270407,0.097879,0.287018,0.231569,0.126577,0.233362,0.115286,0.180267,1.000000,0.079500,0.175479,0.442132,0.281566,0.280662,0.045696,0.289304,0.169158,0.299388,0.241357,0.278045,0.177950,0.340898,0.454252,0.250147,0.311975,0.403711,0.118155,0.194649,0.308128,0.230188,0.367560,0.338810,0.383109,0.166449,0.217849,0.140681,0.263193,0.381903,-0.029127,0.179690,0.265210,0.129596,0.313495,0.083777,0.227830,0.323060,0.259405,0.278157,0.207649,0.203779,0.357788,0.212656,0.365324,0.285813,0.097649,0.157830,0.173935,0.070328,0.260332,0.326788,0.200765,0.166605,0.307825,0.169523,0.113074,0.036372,0.172188,0.209684,0.117884,0.162566,0.375384,0.199954,0.385030,0.263126,0.291282,0.203263,0.367424,0.339378,0.136576,0.257846,0.308460,0.293714,0.243829,0.133147,0.100294,0.374965,0.329131,0.580052,0.138339,0.464233,0.355701,0.488925,0.215413,0.218082,0.222557,0.401264,0.077921,0.374709,0.251315,0.502335,0.324835,0.116090,0.403794,0.081611,0.039452,0.282842,0.334309,0.201265,0.364621,0.289100,0.369729,0.437709,0.282914,0.231064,0.208738,0.159491,0.145384,0.108524,0.159101,0.231360,0.356955,0.484692,0.459382,0.404207,0.111620,0.513514,0.276373,0.345102,0.186764,0.311964,0.154337,0.183091,0.249490,-0.006456,0.148229
333,0.164743,0.368468,0.135974,0.435667,0.262374,0.279196,0.166705,0.400519,0.150455,0.288472,0.315858,0.207571,0.189600,0.100679,0.318646,0.305088,0.240880,0.209755,0.245277,0.097537,0.248857,0.242252,0.368480,0.282351,0.137442,0.130585,0.294791,0.142403,0.281684,0.169883,0.256584,0.284664,0.149892,0.417259,0.337958,0.313028,0.226706,0.309126,0.262975,0.098993,0.159396,0.179098,0.286689,0.221496,0.285539,0.477791,0.153086,0.098185,0.327809,0.209237,0.279406,0.106578,0.401830,0.315354,0.123452,0.267498,0.250825,0.171674,0.098710,0.384099,0.201102,0.172231,0.413916,0.204290,0.316145,0.062337,0.144007,0.437008,0.192454,0.236150,0.223409,0.250066,0.227586,0.291554,0.453658,0.362361,0.358657,0.155162,0.245568,0.288914,0.160215,0.369809,0.186128,-0.007385,0.114289,0.236191,0.382224,0.177176,0.400596,0.110038,0.297079,-0.052971,0.041719,0.146908,0.223379,0.285190,0.212951,0.280365,0.328774,0.078401,0.269263,0.198394,0.305563,0.215665,0.186401,0.297631,0.024103,0.315087,0.427016,0.171689,0.136657,0.294869,0.078520,0.079500,1.000000,0.169714,0.217316,0.024826,0.204365,0.372253,0.326355,0.170808,0.315533,0.325533,0.198180,0.384789,0.366838,0.186683,0.290727,0.285667,0.187136,0.219760,0.317851,0.431754,0.142158,0.373803,0.208988,0.102344,0.384368,0.316884,0.248538,0.190338,0.296150,0.211061,0.235578,0.191161,0.354116,0.331714,0.271670,0.329101,0.314821,0.102472,0.065141,0.273100,0.088419,0.297470,0.217289,0.410214,0.343900,0.164205,0.375215,0.282333,0.181778,0.400071,0.275910,0.212486,0.364273,0.210882,0.213715,0.162405,0.309872,0.150136,0.083576,0.115166,0.161412,0.332145,0.327567,0.123420,0.297258,0.274851,0.139006,0.137427,0.264201,0.309862,0.256817,0.191014,0.345970,0.221096,0.325068,0.074231,0.370890,0.361175,0.286131,0.297523,0.107538,0.199906,0.279267,0.212809,0.196038,0.263413,0.168805,0.213304,0.368699,0.086848,0.257090,0.400296,0.219297,0.158677,0.204986,0.083706,0.225897,0.180850,0.297513,0.330671,0.456565,0.253946,0.150428,0.275045,0.403972,0.154155,0.169978,0.216791,0.348842,0.336488,0.056230,0.310943,0.199298,0.281006,0.235540,0.248106,0.188102,0.319357,0.420641,0.337530,0.086167,0.082025,0.146232,0.252709,0.172202,0.162035
334,0.337329,0.279873,0.255490,0.334263,0.247120,0.144702,0.086009,0.499078,0.183564,0.311870,0.301270,0.283538,0.172355,0.103692,0.292968,0.316551,0.327412,0.501891,0.266778,0.099177,0.234640,0.244941,0.285878,0.438658,0.114759,0.275017,0.168470,0.159215,0.428328,0.258821,0.142747,0.404513,0.298088,0.247459,0.261525,0.352090,0.149851,0.356954,0.089813,0.155696,0.095516,0.196098,0.293578,0.285255,0.351098,0.442127,0.434381,0.184151,0.410764,0.312061,0.354949,0.207878,0.450703,0.311311,0.047607,0.322448,0.467948,0.215073,0.204274,0.370020,0.191610,0.191503,0.315720,0.059586,0.260325,0.365417,0.268791,0.278162,0.232161,0.318531,0.237549,0.132925,0.217098,0.294301,0.438459,0.304412,0.359803,0.158647,0.325232,0.314382,0.207121,0.310049,0.443342,0.105372,0.282441,0.429464,0.269352,0.347179,0.240162,0.245330,0.337042,0.137437,0.057729,-0.025830,0.317619,0.222452,0.239558,0.449824,0.152107,0.136790,0.440841,0.218409,0.343673,0.499373,0.117475,0.174076,0.181133,0.360418,0.194618,0.074529,0.460775,0.429988,0.069256,0.175479,0.169714,1.000000,0.169819,0.105553,0.359022,0.307602,0.485088,0.160909,0.573535,0.270304,0.174893,0.650157,0.313803,0.107080,0.214463,0.219040,0.280625,0.195195,0.085223,0.351794,0.175832,0.412210,0.108501,0.206115,0.467098,0.318796,0.376929,0.465689,0.378250,0.274628,0.269785,0.526463,0.279521,0.317363,0.398374,0.372627,0.317505,0.159136,0.167343,0.630842,0.153070,0.254737,0.189094,0.421356,0.289901,0.241135,0.281327,0.343184,0.634070,0.222040,0.164236,0.309521,0.256326,0.231831,0.217236,0.229447,0.359801,0.064001,0.141261,0.119894,0.213350,0.338393,0.343186,0.181695,0.192724,0.233738,0.095752,0.221415,0.216831,0.271174,0.525598,0.146397,0.307415,0.496034,0.325311,0.060574,0.369373,0.344162,0.269641,0.267360,0.214329,0.119791,0.164769,0.318864,0.211304,0.150332,0.263468,0.348819,0.397046,0.073369,0.309866,0.284992,0.356227,0.205924,0.069910,0.120362,0.300143,0.183178,0.343131,0.193816,0.438482,0.319124,0.238812,0.162538,0.435540,0.171956,0.276807,0.412057,0.336742,0.491873,0.097096,0.256309,0.203098,0.147395,0.255913,0.386189,0.325446,0.264996,0.410645,0.528058,0.083565,0.105241,0.230018,0.267674,0.178581,0.307923
335,0.139533,0.195293,0.437719,0.168689,0.118662,0.218026,0.267852,0.355159,0.395138,0.385033,0.108952,0.159412,0.154721,0.322277,0.258164,0.222947,0.201018,0.235112,0.330685,0.147894,0.273253,0.232755,0.288354,0.509003,0.429276,0.184094,0.144707,0.444998,0.280790,0.401987,0.161153,0.308792,0.312464,0.092638,0.215322,0.569568,0.128915,0.263642,0.283756,0.252796,0.362440,0.499253,0.124617,0.144956,0.220861,0.329039,0.342021,0.101725,0.208779,0.146441,0.334301,0.144305,0.343263,0.176089,0.023790,0.239727,0.168897,0.227166,0.237751,0.406897,0.313109,0.130639,0.317499,0.074683,0.312450,0.035420,0.589868,0.239870,0.227884,0.292279,0.172776,0.326422,0.281280,0.215036,0.243324,0.198102,0.225486,-0.015416,0.253715,0.511285,0.591641,0.170039,0.167857,0.183322,0.137353,0.150551,0.206879,0.174360,0.227742,0.072691,0.414586,0.275034,0.343120,0.283770,0.194640,0.127642,0.378953,0.455444,0.204419,0.487109,0.409221,0.130804,0.341983,0.150407,0.333724,0.237386,0.055343,0.254434,0.261931,0.116080,0.225716,0.148188,0.235741,0.442132,0.217316,0.169819,1.000000,0.254210,0.110617,0.184736,0.301623,0.115811,0.313812,0.184027,0.340111,0.284895,0.166842,0.271805,0.140732,0.396116,0.239242,0.180204,0.152078,0.415036,0.314197,0.352770,0.270970,0.209172,0.166575,0.179600,0.327353,0.325382,0.370018,0.154192,0.097255,0.237601,0.183458,0.312481,0.170181,0.292912,0.204955,0.321919,0.282215,0.236630,0.253931,0.371697,0.217914,0.207997,0.157457,0.173445,0.102875,0.292704,0.195157,0.327333,0.524081,0.365813,0.095304,0.273219,0.317970,0.224337,0.266305,0.183373,0.284764,-0.013639,0.119698,0.324943,0.185322,0.178239,0.246225,0.189932,0.223229,0.299908,0.394348,0.114728,0.298163,0.422298,0.322667,0.267558,0.141785,0.142769,0.223342,0.236290,0.627596,0.127179,0.440739,0.424395,0.472060,0.100847,0.394986,0.151131,0.470521,0.073786,0.348397,0.173784,0.351929,0.184979,0.108417,0.411015,0.109771,0.136177,0.105497,0.327434,0.136416,0.287934,0.284812,0.392438,0.466660,0.380978,0.264707,0.356462,0.076731,0.098460,0.210745,0.093311,0.411964,0.343602,0.525003,0.467608,0.325956,0.174779,0.408697,0.191129,0.374390,0.255477,0.344890,0.148779,0.161847,0.236586,0.064662,0.191747
339,0.139630,0.103367,0.250800,0.124661,-0.024664,0.120805,0.563127,0.158134,0.224194,0.270740,0.228556,0.095762,0.086914,0.212171,0.053289,0.190247,0.060121,0.150881,0.387080,0.225139,0.108202,0.148352,0.209353,0.221344,0.070692,0.016636,0.005582,0.350696,0.132691,0.226287,0.110209,0.186836,0.111794,0.043286,0.236644,0.197249,-0.055337,0.143241,0.173103,0.379951,0.548851,0.218865,0.105758,0.075746,0.102608,0.227366,0.176538,0.039851,0.105147,0.037709,0.171809,0.010965,0.161871,0.034180,0.180230,0.123272,0.131627,0.201319,0.228296,0.289034,0.173619,0.173701,0.209971,0.200940,0.243984,0.106023,0.203662,0.096991,0.232753,0.107088,0.097941,0.233930,0.307602,0.142774,0.039731,0.216284,-0.007663,0.122790,0.214826,0.115543,0.271054,0.064753,0.010949,0.257435,0.107509,0.221745,-0.064466,0.167225,0.018000,0.088090,0.128926,0.146594,0.321548,0.543897,0.211308,0.130129,0.175975,0.184084,0.064268,0.321818,0.206327,0.238359,0.239488,0.183009,0.133415,0.096230,0.204949,0.184998,0.064161,0.094676,0.089557,0.013383,0.566448,0.281566,0.024826,0.105553,0.254210,1.000000,0.105004,0.015285,0.147852,0.021991,0.134373,0.163966,0.224835,0.074827,0.251242,0.340455,0.163782,0.219440,0.123068,0.045832,0.129437,0.231614,0.209112,0.254714,0.212317,0.219622,0.074287,0.105642,0.075892,0.180928,0.178063,0.067177,0.205052,0.248414,-0.006578,0.219835,-0.035075,0.079353,0.267050,0.491986,0.287299,0.136525,0.113289,0.169763,0.085944,0.080311,0.141267,0.124186,0.150822,0.134120,0.062672,0.173113,0.237079,0.183649,0.074885,0.241539,0.139132,0.123070,0.028843,0.146274,0.288710,0.152904,0.154276,0.289323,0.031152,0.184303,0.205441,0.144989,0.057777,0.104964,0.298609,0.048799,0.206320,0.303976,0.141799,0.209272,0.061541,-0.037676,0.160694,0.146393,0.286384,0.099490,0.150824,0.299513,0.124816,0.082097,0.066075,0.179555,0.240553,0.119693,0.235847,0.235011,0.304896,0.162258,0.024617,0.195145,0.172189,0.055748,0.153231,0.266104,0.113076,0.276012,0.170569,0.307497,0.193340,0.189117,0.033294,0.151023,0.077713,0.044180,0.054389,0.051237,0.154413,0.173589,0.369739,0.327961,0.104953,0.039815,0.124544,0.139765,0.146788,0.055061,0.211008,0.114107,0.046074,0.160314,0.060460,-0.002787
340,0.274695,0.370917,0.247579,0.269190,0.237852,0.255133,0.170700,0.330089,0.285469,0.391655,0.264215,0.452617,0.415458,0.143388,0.181430,0.262065,0.270877,0.320472,0.322838,0.396518,0.278992,0.358485,0.340872,0.256268,0.245139,0.282634,0.203459,0.155709,0.400945,0.376895,0.219026,0.256915,0.230350,0.259162,0.303364,0.333971,0.108751,0.540004,0.094588,0.148138,0.091150,0.126653,0.408776,0.618093,0.204848,0.352190,0.212571,0.322439,0.318459,0.276658,0.368334,0.153021,0.348528,0.252334,0.169639,0.556072,0.306398,0.157079,0.213881,0.364795,0.152517,0.319633,0.316758,0.212250,0.251783,0.432458,0.279162,0.379627,0.284117,0.224667,0.285597,0.198922,0.176973,0.134889,0.215530,0.308042,0.211782,0.184903,0.393744,0.310532,0.187648,0.463758,0.182531,0.313393,0.294787,0.301146,0.224508,0.394415,0.318506,0.578134,0.160815,0.133924,0.174294,-0.008420,0.345560,0.379143,0.309826,0.305252,0.362614,0.166094,0.323312,0.241564,0.354357,0.358182,0.187300,0.311861,0.178492,0.357381,0.290948,0.272206,0.311037,0.506479,0.143472,0.280662,0.204365,0.359022,0.110617,0.105004,1.000000,0.265368,0.279372,0.223879,0.366257,0.290891,0.237418,0.375950,0.312153,0.236252,0.312019,0.266540,0.189559,0.349714,0.107301,0.366928,0.267067,0.359282,0.153308,0.200913,0.281125,0.171276,0.289153,0.352960,0.302775,0.178510,0.338031,0.240317,0.261138,0.248873,0.263947,0.275888,0.310648,0.179297,0.155085,0.363242,0.173108,0.152407,0.063694,0.353440,0.454006,0.288376,0.277455,0.160012,0.280139,0.200088,0.209513,0.421715,0.124282,0.184064,0.207327,0.285835,0.213565,0.260010,0.161306,0.233851,0.294392,0.311651,0.212584,0.386115,0.306134,0.397838,0.163070,0.240646,0.282818,0.199355,0.322783,0.213437,0.245044,0.275816,0.181775,0.395153,0.316983,0.417032,0.268701,0.177164,0.241631,0.173378,0.269253,0.529525,0.186676,0.226052,0.244029,0.191914,0.414935,0.152279,0.348341,0.463079,0.138036,0.226672,0.155907,0.105537,0.262080,0.262377,0.255872,0.432107,0.232697,0.313786,0.220419,0.204129,0.299887,0.126586,0.291206,0.273994,0.227693,0.181718,0.076962,0.235559,0.212514,0.188437,0.201478,0.171610,0.228452,0.385726,0.387539,0.267806,0.105102,0.067227,0.315124,0.423203,0.096312,0.269490
341,0.178712,0.535460,0.072797,0.436000,0.168480,0.089697,0.098645,0.322070,0.045068,0.251523,0.204967,0.169144,0.251522,0.021937,0.505758,0.159545,0.187954,0.224357,0.125076,0.029106,0.174240,0.314321,0.229471,0.316012,0.150802,0.345145,0.314950,0.025462,0.262356,0.132241,0.106429,0.196123,0.176795,0.282589,0.207464,0.300298,0.194048,0.280926,0.062101,0.020142,0.035413,0.115699,0.242503,0.211244,0.250171,0.395702,0.255698,0.115865,0.265147,0.613435,0.441783,0.618854,0.447363,0.216408,0.022083,0.182306,0.359312,0.067776,0.100745,0.279063,0.124163,0.077723,0.274270,-0.020098,0.180775,0.038213,0.108973,0.484288,0.100122,0.165033,0.443544,0.137395,0.138270,0.363531,0.412213,0.312204,0.467498,0.153606,0.188710,0.299932,0.121072,0.415415,0.219128,0.087426,0.139115,0.343175,0.420610,0.177610,0.404050,0.142867,0.386483,-0.059113,0.040591,0.015023,0.053669,0.343076,0.089301,0.261376,0.407265,0.058246,0.238644,0.168367,0.211756,0.244961,0.194817,0.402817,-0.002216,0.345173,0.480428,0.298506,0.144291,0.469857,0.008015,0.045696,0.372253,0.307602,0.184736,0.015285,0.265368,1.000000,0.203531,0.085507,0.261209,0.419033,0.174433,0.508639,0.383900,0.053263,0.228278,0.140229,0.185167,0.285188,0.172761,0.437584,0.097204,0.283080,0.085396,0.015279,0.382886,0.332523,0.414964,0.269263,0.310574,0.612708,0.114031,0.167146,0.523297,0.211625,0.366582,0.425230,0.224818,0.075785,0.074522,0.330678,0.046119,0.277977,0.159896,0.383190,0.230495,0.160220,0.432677,0.465813,0.303961,0.233509,0.193199,0.323895,0.206113,0.111284,0.089544,0.272546,0.544072,0.082026,0.065528,0.077556,0.142744,0.247476,0.163632,0.118609,0.204360,0.376783,0.044209,0.209940,0.241275,0.422703,0.199147,0.259809,0.267554,0.172675,0.458230,0.096120,0.257537,0.365307,0.220384,0.399719,0.182737,0.028875,0.117589,0.242923,0.283812,0.245144,0.196313,0.120677,0.385875,0.013943,0.144941,0.328017,0.323409,0.098228,0.118177,0.151960,0.151530,0.147869,0.105890,0.190925,0.365070,0.165875,0.061541,0.069864,0.351109,0.152597,0.160768,0.125503,0.744679,0.382133,0.033391,0.257590,0.070866,0.189182,0.213457,0.369428,0.193148,0.170842,0.519785,0.385910,-0.009716,0.050100,0.244807,0.274104,0.619439,0.360257
343,0.279283,0.298793,0.297953,0.291323,0.313185,0.198846,0.152170,0.480995,0.305345,0.412713,0.313176,0.206917,0.248056,0.211903,0.313201,0.441807,0.452600,0.668599,0.402736,0.214428,0.176806,0.297873,0.624071,0.503174,0.313828,0.213545,0.110099,0.352768,0.400474,0.231533,0.150647,0.743488,0.413435,0.236846,0.321233,0.486546,0.084431,0.374183,0.407449,0.571860,0.243696,0.322863,0.337024,0.289515,0.240046,0.455320,0.575266,0.174573,0.380233,0.230589,0.338461,0.100707,0.384374,0.401301,0.114801,0.445749,0.311283,0.585607,0.221085,0.365458,0.430867,0.208864,0.402256,0.210579,0.381604,0.324448,0.367446,0.251905,0.249447,0.313503,0.216574,0.165900,0.464526,0.305309,0.434427,0.358771,0.254302,0.199737,0.366186,0.367138,0.304350,0.259327,0.364237,0.405314,0.437103,0.346226,0.238926,0.325852,0.296846,0.221752,0.407900,0.198283,0.041777,0.111408,0.265818,0.249062,0.244458,0.499815,0.268089,0.286620,0.643457,0.463955,0.347683,0.460155,0.236064,0.262660,0.154263,0.339560,0.232850,0.158006,0.634507,0.309512,0.108035,0.289304,0.326355,0.485088,0.301623,0.147852,0.279372,0.203531,1.000000,0.384995,0.795044,0.266732,0.235192,0.550440,0.341664,0.112581,0.322582,0.270509,0.267614,0.282645,0.127627,0.373310,0.157177,0.409465,0.138523,0.310995,0.359776,0.272013,0.336029,0.512638,0.464767,0.170891,0.444429,0.708313,0.270692,0.337029,0.268081,0.351053,0.356693,0.199360,0.156189,0.549001,0.213743,0.361886,0.230774,0.424823,0.351165,0.185673,0.204568,0.364214,0.419856,0.550996,0.245197,0.360278,0.202437,0.629769,0.372419,0.199262,0.296953,0.143836,0.181657,0.047321,0.217786,0.426825,0.295151,0.304377,0.310741,0.278428,0.276750,0.311713,0.245548,0.244192,0.692248,0.308881,0.330077,0.683740,0.282869,0.161908,0.352788,0.371125,0.369060,0.296170,0.275623,0.530422,0.358563,0.278011,0.164846,0.146782,0.331400,0.345797,0.396322,0.047080,0.506012,0.378621,0.296841,0.327299,0.042439,0.057479,0.321152,0.208975,0.685788,0.315003,0.390056,0.381884,0.296173,0.356850,0.461194,0.277323,0.300174,0.368445,0.194627,0.396315,0.153779,0.492954,0.450949,0.274903,0.248506,0.342938,0.313801,0.289882,0.405298,0.522163,0.158698,0.046475,0.256457,0.273052,0.037470,0.234611
347,0.102145,0.190560,0.240050,0.168861,0.381584,0.202787,0.100480,0.125312,0.121966,0.191787,0.187818,0.083610,0.213206,0.147075,0.143023,0.288791,0.445221,0.339020,0.208437,0.180132,0.118490,0.269443,0.514389,0.316592,0.221556,0.223053,0.030641,0.146485,0.238601,0.097881,0.124001,0.284912,0.234383,0.075092,0.221419,0.323050,0.123778,0.175316,0.446443,0.300812,0.171678,0.206205,0.224864,0.189778,0.118240,0.171154,0.215610,0.074968,0.130627,0.079620,0.224100,0.080958,0.213992,0.378840,0.084298,0.246345,0.049576,0.290110,0.077535,0.174763,0.181244,0.134767,0.204646,0.221855,0.200144,0.141179,0.238375,0.177320,0.163951,0.149643,0.370716,0.144657,0.132340,0.056775,0.198694,0.195304,0.100403,0.184802,0.333878,0.131073,0.153176,0.097612,0.154174,0.283706,0.298124,0.015216,0.136073,0.138670,0.167095,0.123474,0.119120,0.168030,0.071104,0.118018,0.162994,0.191833,0.135674,0.145383,0.204885,0.111113,0.325131,0.211400,0.173645,0.301945,0.030460,0.183885,0.050382,0.209217,0.154647,0.104435,0.295895,0.113320,0.021471,0.169158,0.170808,0.160909,0.115811,0.021991,0.223879,0.085507,0.384995,1.000000,0.399952,0.148754,0.217727,0.233941,0.152005,0.033877,0.195680,0.149802,0.182651,0.152399,0.107680,0.262904,0.074425,0.121175,0.052556,0.131252,0.126945,0.031992,0.243950,0.156992,0.164868,0.098897,0.209759,0.339452,0.111841,0.219838,0.202640,0.172839,0.202118,0.095391,0.091458,0.192052,0.057767,0.168195,0.027325,0.237872,0.275223,0.152227,0.056176,0.031009,0.069872,0.355068,0.211730,0.146773,0.317266,0.374591,0.355575,0.124148,0.040585,0.108813,0.034909,0.218587,0.136961,0.158510,0.265652,0.194298,0.159689,0.178443,0.139631,0.236350,0.163654,0.087982,0.325342,0.201317,0.171418,0.359315,0.058888,0.149670,0.153027,0.218384,0.194571,0.093356,0.086219,0.311098,0.129780,0.176379,0.094064,0.121582,0.059949,0.137973,0.146189,0.154334,0.250060,0.171822,0.053149,0.156613,0.138485,0.168326,0.266266,0.089673,0.387585,0.223957,0.177724,0.149032,0.216618,0.170548,0.274021,0.161134,0.232460,0.342632,0.008024,0.154616,0.058660,0.411485,0.178815,0.119364,0.242161,0.139631,0.157618,0.104764,0.121683,0.205075,0.037842,-0.088782,0.275209,0.253672,-0.040800,0.185352
348,0.295981,0.295217,0.325616,0.350912,0.309873,0.279785,0.161863,0.522381,0.292028,0.448393,0.331064,0.274066,0.236831,0.176691,0.282636,0.465657,0.496916,0.726491,0.402067,0.230827,0.235380,0.304218,0.617475,0.533079,0.316564,0.258929,0.110468,0.305396,0.486938,0.262974,0.188232,0.661993,0.465506,0.267429,0.388773,0.546566,0.119066,0.416484,0.343812,0.409174,0.249142,0.346956,0.390978,0.328411,0.258876,0.504120,0.577978,0.218263,0.484878,0.270705,0.399876,0.131780,0.499119,0.353227,0.082889,0.487458,0.307116,0.535978,0.179090,0.426766,0.366179,0.200304,0.455870,0.181466,0.423716,0.370980,0.395769,0.295677,0.230932,0.266499,0.285493,0.213732,0.481803,0.329512,0.491900,0.359856,0.361228,0.156866,0.432066,0.402026,0.367625,0.286431,0.439520,0.353739,0.426855,0.392110,0.282707,0.407565,0.316315,0.271923,0.358816,0.268415,0.111938,0.089692,0.335492,0.316240,0.256092,0.551483,0.257771,0.287818,0.669855,0.368898,0.415240,0.591576,0.212911,0.256114,0.116576,0.344626,0.250619,0.148419,0.727845,0.352070,0.083604,0.299388,0.315533,0.573535,0.313812,0.134373,0.366257,0.261209,0.795044,0.399952,1.000000,0.261909,0.282450,0.653061,0.405918,0.183828,0.347034,0.322200,0.288737,0.226817,0.096085,0.400750,0.228064,0.468656,0.148642,0.320702,0.451084,0.292563,0.433006,0.596495,0.406912,0.201817,0.469949,0.772237,0.290213,0.423402,0.309260,0.371332,0.411304,0.198840,0.101376,0.620881,0.098096,0.346569,0.128367,0.442932,0.413514,0.254308,0.272568,0.405472,0.528029,0.450454,0.343527,0.364014,0.250977,0.543225,0.327933,0.218188,0.343098,0.133763,0.129695,0.103454,0.189683,0.487356,0.399976,0.306543,0.331239,0.343431,0.209554,0.322632,0.294760,0.282445,0.805198,0.333682,0.352904,0.701411,0.347072,0.199516,0.398913,0.399928,0.402524,0.278500,0.282055,0.430877,0.343568,0.332888,0.266845,0.195120,0.334040,0.422248,0.433990,0.087751,0.553963,0.371431,0.270809,0.319242,0.135607,0.075208,0.404207,0.256260,0.655660,0.379701,0.453734,0.406233,0.357982,0.342645,0.497348,0.247624,0.365856,0.473648,0.272562,0.482374,0.125960,0.485127,0.394196,0.312574,0.281145,0.432678,0.407194,0.327303,0.470525,0.594322,0.143495,0.010571,0.252914,0.365060,0.089790,0.243247
351,0.140942,0.499249,0.254417,0.328794,0.227391,0.200754,0.219707,0.249874,0.229540,0.363165,0.233012,0.275795,0.549883,0.158663,0.360213,0.309740,0.148869,0.327976,0.246895,0.147661,0.170220,0.406528,0.429749,0.290015,0.108367,0.150897,0.245419,0.146570,0.297884,0.182023,0.215443,0.285417,0.206662,0.259638,0.253504,0.295663,0.418153,0.427550,0.135944,0.139547,0.164121,0.126105,0.391721,0.344195,0.245144,0.343354,0.186397,0.367933,0.213183,0.325765,0.263168,0.215157,0.302720,0.261854,0.107229,0.355494,0.236941,0.160064,0.257939,0.278124,0.165245,0.249867,0.231175,0.248575,0.184125,0.250757,0.200935,0.394228,0.279683,0.243127,0.179205,0.194500,0.178107,0.275258,0.271371,0.403868,0.313128,0.220232,0.318872,0.293315,0.157870,0.409435,0.172754,0.205265,0.167678,0.348019,0.307555,0.351534,0.460194,0.300710,0.307245,0.023606,0.077403,0.106687,0.303559,0.412573,0.182069,0.264995,0.467690,0.175981,0.247544,0.204717,0.184049,0.230138,0.236164,0.421415,0.179609,0.352873,0.464186,0.435654,0.176224,0.326334,0.127021,0.241357,0.325533,0.270304,0.184027,0.163966,0.290891,0.419033,0.266732,0.148754,0.261909,1.000000,0.294753,0.326598,0.400208,0.188914,0.258348,0.213348,0.283873,0.392775,0.228635,0.398355,0.228793,0.278469,0.169261,0.124339,0.167613,0.295138,0.298359,0.319429,0.412467,0.286328,0.249909,0.199484,0.432856,0.220646,0.281016,0.402287,0.259371,0.186158,0.137201,0.257974,0.144593,0.314777,0.185010,0.377579,0.381729,0.189302,0.302174,0.363204,0.135901,0.290165,0.213313,0.367461,0.154503,0.210446,0.178931,0.269269,0.352642,0.154006,0.150944,0.125058,0.226079,0.305432,0.149986,0.320663,0.397304,0.458016,0.138710,0.186728,0.274635,0.302392,0.193716,0.201771,0.335977,0.221073,0.293725,0.196277,0.370045,0.354632,0.275045,0.422714,0.233455,0.211359,0.147253,0.327025,0.193842,0.299982,0.212135,0.225188,0.365271,0.176468,0.302615,0.480703,0.256292,0.106854,0.127322,0.119825,0.305788,0.281761,0.213929,0.328440,0.202792,0.251723,0.143303,0.157233,0.385727,0.185274,0.234765,0.200833,0.415750,0.190409,0.072883,0.335672,0.248498,0.321542,0.303842,0.180689,0.203674,0.297873,0.493227,0.319300,0.075254,0.000382,0.339631,0.323653,0.227006,0.245398
352,0.076088,0.280884,0.373414,0.170551,0.143052,0.434429,0.467556,0.330312,0.295397,0.366561,0.173241,0.245561,0.213260,0.344784,0.183923,0.350522,0.249031,0.240775,0.440970,0.205688,0.342518,0.296276,0.293721,0.293939,0.282118,0.118585,0.124843,0.314892,0.277860,0.463888,0.096143,0.177504,0.233475,0.079150,0.254090,0.439031,0.202783,0.421745,0.408695,0.275939,0.394604,0.342409,0.357836,0.330581,0.216740,0.465366,0.196731,0.145170,0.222532,0.116567,0.226017,0.062705,0.442231,0.329536,0.051080,0.408292,0.102429,0.209817,0.554708,0.389270,0.164184,0.188701,0.319074,0.319757,0.283550,0.187153,0.309167,0.338186,0.600028,0.413908,0.111619,0.423506,0.433542,0.195591,0.147532,0.347559,0.116532,0.186323,0.295424,0.370005,0.353250,0.320394,0.047976,0.228143,0.189020,0.193562,0.158067,0.460672,0.332981,0.226153,0.181393,0.148934,0.269316,0.338598,0.531806,0.246838,0.463667,0.271976,0.284717,0.379187,0.300954,0.162197,0.485254,0.205993,0.314009,0.290606,0.154648,0.224666,0.356600,0.176219,0.193008,0.235029,0.377531,0.278045,0.198180,0.174893,0.340111,0.224835,0.237418,0.174433,0.235192,0.217727,0.282450,0.294753,1.000000,0.255399,0.240681,0.339669,0.288523,0.542228,0.247251,0.209092,0.200422,0.479082,0.649559,0.300254,0.357269,0.203005,0.086730,0.161148,0.265219,0.165599,0.338657,0.084814,0.237618,0.236182,0.181486,0.354767,0.141155,0.310701,0.286683,0.386612,0.266202,0.226911,0.336209,0.285406,0.101412,0.308986,0.424667,0.126179,0.235801,0.189766,0.088846,0.356487,0.408068,0.365607,0.196185,0.253219,0.421473,0.281375,0.036310,0.288510,0.588826,0.111266,0.177639,0.378481,0.195222,0.355325,0.318555,0.182034,0.115503,0.222586,0.450665,0.263680,0.211586,0.317140,0.343114,0.340312,0.202092,0.207696,0.406460,0.316414,0.349264,0.188697,0.115344,0.295178,0.353708,0.276429,0.289193,0.158204,0.317755,0.201524,0.285142,0.381590,0.372670,0.264638,0.080758,0.286108,0.191956,0.184821,0.368154,0.735877,0.211842,0.319468,0.212144,0.630882,0.260086,0.349116,0.298380,0.483979,0.227103,0.204836,0.235440,0.050867,0.349290,0.388074,0.388850,0.391166,0.228518,0.004899,0.231509,0.334267,0.396939,0.223374,0.225579,0.173532,0.186811,0.250029,0.005499,0.180929
361,0.319330,0.396135,0.296811,0.411169,0.292205,0.179329,0.129073,0.546513,0.239621,0.328082,0.288259,0.261276,0.248245,0.115626,0.514256,0.369922,0.352677,0.561828,0.325465,0.113527,0.229230,0.299416,0.411614,0.486500,0.178887,0.382143,0.232814,0.176558,0.372358,0.202236,0.187850,0.499276,0.375703,0.314674,0.309146,0.500995,0.210799,0.410864,0.199737,0.200033,0.098263,0.236445,0.367988,0.293331,0.355146,0.537436,0.502754,0.156571,0.437571,0.527203,0.447339,0.404430,0.574171,0.328519,0.032491,0.419410,0.456702,0.280404,0.183289,0.408979,0.242685,0.115855,0.454591,0.077219,0.331482,0.243943,0.281206,0.373760,0.177419,0.284414,0.351634,0.209177,0.303136,0.425450,0.603110,0.321942,0.457000,0.180108,0.335022,0.413444,0.314952,0.409670,0.410307,0.158663,0.276446,0.480519,0.394157,0.350435,0.386618,0.168906,0.466422,0.110193,0.023534,0.045834,0.322682,0.301812,0.163420,0.545153,0.301285,0.163299,0.518403,0.235782,0.360665,0.533743,0.248937,0.236549,0.084486,0.413343,0.334739,0.177081,0.490375,0.517973,0.044193,0.177950,0.384789,0.650157,0.284895,0.074827,0.375950,0.508639,0.550440,0.233941,0.653061,0.326598,0.255399,1.000000,0.359044,0.170057,0.250210,0.242107,0.305390,0.284477,0.124267,0.498136,0.159067,0.510539,0.162922,0.212245,0.580385,0.383615,0.529296,0.554978,0.463467,0.458318,0.288680,0.512282,0.359633,0.364581,0.487070,0.536014,0.361132,0.202766,0.132433,0.684253,0.104753,0.380489,0.204130,0.483625,0.357978,0.292535,0.364051,0.502927,0.537794,0.378112,0.291109,0.365234,0.265919,0.314058,0.160458,0.238774,0.433406,0.077268,0.156896,0.031645,0.132624,0.416286,0.409554,0.214168,0.267344,0.358398,0.119511,0.325160,0.302366,0.403543,0.589837,0.278789,0.308722,0.539604,0.423563,0.141205,0.396434,0.358239,0.378304,0.343473,0.282600,0.197986,0.239717,0.313988,0.359448,0.186764,0.296326,0.363697,0.458046,0.112343,0.373440,0.360442,0.356019,0.282365,0.090517,0.104956,0.316921,0.217812,0.383827,0.302378,0.559574,0.295670,0.284852,0.285320,0.548118,0.247114,0.295766,0.297475,0.550352,0.585274,0.069565,0.374115,0.255047,0.263568,0.342761,0.505872,0.376080,0.324223,0.554919,0.658662,0.076413,0.123478,0.250299,0.346338,0.302875,0.329156
362,0.316448,0.440355,0.242982,0.542350,0.297857,0.278111,0.216002,0.409674,0.288809,0.416269,0.491718,0.296357,0.299530,0.264116,0.255436,0.507581,0.303236,0.354884,0.278354,0.252905,0.254871,0.352761,0.458284,0.392426,0.161353,0.238937,0.299580,0.245420,0.396776,0.194738,0.448716,0.305557,0.286419,0.352222,0.349028,0.352460,0.165189,0.359628,0.132991,0.254715,0.222697,0.314795,0.386071,0.329156,0.201139,0.515242,0.220036,0.225491,0.355813,0.204637,0.369488,0.089266,0.456107,0.317619,0.131761,0.283943,0.316901,0.253745,0.162598,0.452009,0.200179,0.457980,0.435940,0.217094,0.395967,0.252967,0.248051,0.443058,0.260388,0.295637,0.279734,0.266849,0.295016,0.379609,0.349899,0.549114,0.430067,0.438790,0.341893,0.353570,0.285153,0.325804,0.301645,0.201411,0.271681,0.301869,0.325050,0.312220,0.344278,0.345060,0.275067,0.034566,0.123076,0.102044,0.250145,0.457351,0.218731,0.271281,0.319608,0.212770,0.338360,0.328166,0.257949,0.443297,0.138661,0.345545,0.140711,0.484169,0.399528,0.148051,0.200156,0.310525,0.143958,0.340898,0.366838,0.313803,0.166842,0.251242,0.312153,0.383900,0.341664,0.152005,0.405918,0.400208,0.240681,0.359044,1.000000,0.377400,0.489476,0.202208,0.457426,0.302386,0.320693,0.330979,0.178308,0.494233,0.218288,0.363888,0.327441,0.304844,0.260440,0.256244,0.377062,0.203007,0.300139,0.341722,0.308963,0.369101,0.218235,0.315053,0.524147,0.173990,0.168541,0.350855,0.115293,0.304997,0.099761,0.516681,0.443845,0.183270,0.524290,0.272580,0.205129,0.324391,0.258433,0.289355,0.235914,0.238092,0.185495,0.283252,0.353325,0.213903,0.098011,0.282485,0.213570,0.425515,0.178316,0.317769,0.421270,0.415150,0.103121,0.211473,0.286267,0.300817,0.305026,0.165400,0.340591,0.267226,0.389867,0.085420,0.498081,0.509721,0.378201,0.398036,0.099082,0.197736,0.273707,0.347191,0.081337,0.408052,0.300659,0.315425,0.520239,0.193380,0.432006,0.406049,0.230115,0.221516,0.205163,0.128904,0.364771,0.242760,0.238230,0.496447,0.473157,0.259563,0.221917,0.219649,0.389184,0.099543,0.268571,0.225284,0.371725,0.335663,0.108257,0.345307,0.306293,0.349539,0.324583,0.219158,0.375973,0.417234,0.499189,0.332027,0.115121,0.069321,0.240765,0.302307,0.144282,0.228599
364,0.057452,0.220133,0.420140,0.248638,0.157495,0.366472,0.379462,0.350130,0.342009,0.402144,0.390481,0.217337,0.132244,0.391529,0.029700,0.331857,0.198554,0.118591,0.392069,0.182740,0.262820,0.294539,0.272088,0.295701,0.152453,0.049246,0.038488,0.305211,0.282981,0.306491,0.442063,0.087544,0.280259,0.142383,0.384205,0.366937,0.096223,0.310598,0.131408,0.248228,0.412714,0.351206,0.175588,0.251626,0.039006,0.351760,0.088856,0.177829,0.167674,0.057291,0.165763,-0.030088,0.326008,0.074417,0.065856,0.313700,0.120582,0.148396,0.203542,0.462472,0.127361,0.388852,0.334935,0.224409,0.301636,0.276403,0.354059,0.212201,0.342936,0.100586,0.131260,0.375113,0.320261,0.143177,0.169616,0.431672,0.166452,0.217962,0.242568,0.337310,0.403640,0.156787,0.155285,0.168574,0.093941,0.123816,0.177902,0.243216,0.189102,0.214544,0.131739,0.176381,0.363171,0.180882,0.318197,0.325943,0.405785,0.265325,0.194012,0.376799,0.220818,0.110758,0.337389,0.260742,0.136266,0.130175,0.194663,0.310126,0.161302,0.028365,0.053790,0.065010,0.219957,0.454252,0.186683,0.107080,0.271805,0.340455,0.236252,0.053263,0.112581,0.033877,0.183828,0.188914,0.339669,0.170057,0.377400,1.000000,0.308913,0.332062,0.321332,0.110414,0.210555,0.222947,0.297603,0.452582,0.280437,0.355942,0.144066,0.070019,0.048816,0.109994,0.177422,-0.009791,0.207837,0.158194,0.104536,0.367004,0.008294,0.105542,0.453422,0.295745,0.244865,0.183871,0.067391,0.154804,0.073467,0.296757,0.314281,0.043330,0.313530,0.070158,0.028242,0.185821,0.361719,0.106247,0.216404,0.148903,0.144099,0.092269,0.050586,0.148817,0.213445,0.124880,0.061177,0.460822,0.137971,0.342893,0.367059,0.166302,0.061714,0.097070,0.426428,0.210435,0.142413,0.171606,0.301284,0.136686,0.084001,0.181311,0.370870,0.303312,0.457795,0.111148,0.106762,0.247767,0.370789,0.243455,0.152809,0.139548,0.368821,0.198858,0.269386,0.282857,0.398707,0.209175,0.062377,0.333578,0.182886,0.032627,0.307384,0.382388,0.132296,0.515454,0.332160,0.348281,0.432780,0.194531,0.167944,0.169238,0.099008,0.073780,0.128417,0.104576,0.229502,0.167118,0.425024,0.461454,0.233983,0.037635,0.423879,0.479445,0.292084,0.105665,0.251769,0.065546,0.169428,0.178370,-0.018977,0.043886
372,0.076147,0.409986,0.148972,0.477169,0.235764,0.165300,0.239334,0.382417,0.213339,0.380990,0.387405,0.187274,0.270391,0.182121,0.157881,0.445599,0.210032,0.299533,0.184839,0.152159,0.139217,0.309349,0.351295,0.271304,0.172932,0.158179,0.154258,0.243225,0.370997,0.164545,0.350030,0.236550,0.231216,0.122110,0.285437,0.300645,0.092076,0.350483,0.257463,0.240873,0.166751,0.294542,0.405148,0.314501,0.116982,0.320435,0.158019,0.018464,0.234591,0.237873,0.171898,0.091503,0.363930,0.328053,0.162337,0.321984,0.252478,0.244483,0.112802,0.382100,0.135343,0.463145,0.339506,0.122255,0.402038,0.178803,0.234381,0.353100,0.171580,0.254836,0.242482,0.236903,0.200108,0.240479,0.295749,0.457320,0.229396,0.351227,0.359116,0.260290,0.240694,0.309086,0.152046,0.289952,0.366294,0.179050,0.365507,0.357896,0.458563,0.283557,0.178371,0.002676,0.114788,0.189019,0.286669,0.419941,0.185924,0.230842,0.406572,0.208203,0.292549,0.319146,0.293553,0.299054,0.157672,0.360989,0.111394,0.354327,0.345655,0.147484,0.199506,0.172409,0.101624,0.250147,0.290727,0.214463,0.140732,0.163782,0.312019,0.228278,0.322582,0.195680,0.347034,0.258348,0.288523,0.250210,0.489476,0.308913,1.000000,0.181684,0.342406,0.218146,0.350688,0.265564,0.171918,0.364701,0.132799,0.253001,0.262173,0.215294,0.133159,0.146032,0.350960,0.114514,0.110718,0.326983,0.229560,0.330238,0.115878,0.252239,0.393459,0.187905,0.129569,0.266716,0.138636,0.244946,0.019806,0.442913,0.344692,0.007081,0.413896,0.111802,0.138611,0.323414,0.202498,0.297191,0.149022,0.335767,0.254702,0.142418,0.219500,0.091944,0.057476,0.079725,0.158957,0.393983,0.108645,0.449325,0.302689,0.356559,0.172441,0.071053,0.274620,0.299415,0.207476,0.185458,0.305353,0.282638,0.362953,0.151527,0.480752,0.394107,0.329732,0.353853,0.032879,0.231763,0.164551,0.268026,0.140654,0.386545,0.252078,0.254687,0.330116,0.205127,0.335084,0.321098,0.159100,0.172980,0.129253,0.029524,0.376329,0.242520,0.204374,0.435338,0.393061,0.211682,0.178525,0.226583,0.331531,0.153421,0.186657,0.190238,0.286954,0.301721,0.099722,0.372667,0.371289,0.232200,0.224293,0.146116,0.308994,0.439379,0.440337,0.272570,0.032650,0.070086,0.255239,0.246910,0.065680,0.227380
374,0.144016,0.198319,0.420204,0.212070,0.138818,0.508782,0.408163,0.331982,0.263744,0.408051,0.302233,0.235596,0.170029,0.241326,0.233625,0.265102,0.319258,0.207939,0.364569,0.180179,0.401685,0.331666,0.247065,0.374452,0.412289,0.134814,0.128823,0.427190,0.403575,0.676020,0.115236,0.245447,0.248599,0.156623,0.249586,0.461382,0.148237,0.400423,0.279386,0.194132,0.287942,0.431365,0.208475,0.269060,0.242422,0.534278,0.208875,0.161080,0.311329,0.103300,0.305341,0.028190,0.498889,0.225043,0.147075,0.312621,0.220329,0.141873,0.539097,0.489555,0.293269,0.107609,0.431741,0.347604,0.399857,0.203016,0.462725,0.343362,0.533080,0.386247,0.078542,0.403847,0.409218,0.283151,0.272138,0.301710,0.268954,0.058664,0.389679,0.451487,0.438247,0.160642,0.164551,0.126978,0.132831,0.299483,0.222163,0.243294,0.220381,0.155791,0.307126,0.275157,0.276504,0.239204,0.284034,0.158738,0.669185,0.389739,0.164753,0.315448,0.336893,0.152661,0.688778,0.259059,0.245571,0.297408,0.145718,0.302666,0.320593,0.173548,0.201958,0.232654,0.415702,0.311975,0.285667,0.219040,0.396116,0.219440,0.266540,0.140229,0.270509,0.149802,0.322200,0.213348,0.542228,0.242107,0.202208,0.332062,0.181684,1.000000,0.243384,0.131632,0.134564,0.502697,0.707941,0.339534,0.249474,0.256555,0.231480,0.285099,0.344924,0.244185,0.301730,0.097971,0.254883,0.215890,0.114494,0.316329,0.220412,0.242202,0.323773,0.380756,0.365105,0.196124,0.352288,0.372386,0.214223,0.235188,0.343869,0.240428,0.188094,0.268671,0.238100,0.257129,0.398346,0.373730,0.258111,0.165973,0.409488,0.247426,0.209395,0.334620,0.482948,0.124621,0.250925,0.344680,0.254874,0.176072,0.354295,0.196943,0.189343,0.218657,0.534611,0.215176,0.282655,0.342820,0.514754,0.189062,0.156696,0.107975,0.245259,0.346256,0.367153,0.066953,0.230992,0.229313,0.330234,0.233435,0.250115,0.157792,0.330882,0.130487,0.363703,0.239109,0.362481,0.305839,0.181352,0.311257,0.203024,0.260866,0.238411,0.659736,0.207462,0.320633,0.294407,0.684061,0.312123,0.312228,0.279962,0.362511,0.195010,0.257936,0.156056,0.152300,0.467715,0.309994,0.346336,0.308780,0.206718,0.125702,0.344048,0.243056,0.365286,0.217979,0.275743,0.309418,0.180721,0.325579,0.010851,0.151295
376,0.195659,0.234424,0.553232,0.434908,0.364085,0.258851,0.200694,0.269434,0.266131,0.318134,0.340623,0.147060,0.289105,0.472027,0.235921,0.383716,0.259453,0.188605,0.211348,0.146645,0.175902,0.245540,0.319273,0.476385,0.149712,0.217675,0.261686,0.184436,0.370901,0.225916,0.360226,0.244159,0.258660,0.264183,0.324227,0.423277,0.140778,0.310455,0.233570,0.352871,0.200472,0.281118,0.296605,0.163175,0.233293,0.301297,0.279876,0.091995,0.242174,0.206123,0.210605,0.087720,0.364172,0.266114,0.112392,0.198364,0.303905,0.189523,0.332660,0.349727,0.137479,0.428685,0.290557,0.229986,0.227546,0.196121,0.373084,0.333028,0.290094,0.279014,0.226579,0.248307,0.159166,0.248258,0.286898,0.336307,0.234786,0.314344,0.363054,0.297176,0.263936,0.187854,0.287899,0.100891,0.178475,0.261887,0.242338,0.192389,0.284884,0.240929,0.325304,0.086516,0.154749,0.062809,0.191905,0.320695,0.243013,0.257029,0.282081,0.219408,0.244751,0.240109,0.235118,0.324018,0.152896,0.255290,0.254487,0.471245,0.290728,0.130021,0.224523,0.178066,0.142577,0.403711,0.187136,0.280625,0.239242,0.123068,0.189559,0.185167,0.267614,0.182651,0.288737,0.283873,0.247251,0.305390,0.457426,0.321332,0.342406,0.243384,1.000000,0.265401,0.261462,0.299030,0.232432,0.388618,0.239470,0.366706,0.269367,0.289733,0.274260,0.181940,0.464124,0.069007,0.095155,0.247549,0.272623,0.319293,0.241434,0.391348,0.279470,0.242441,0.416930,0.257282,0.268637,0.388466,0.235031,0.479977,0.370332,0.126760,0.273408,0.219089,0.140898,0.276996,0.240453,0.249269,0.491549,0.256680,0.303603,0.189653,0.262301,0.146627,0.171984,0.216476,0.217370,0.243139,0.147638,0.243394,0.236341,0.304504,0.203297,0.369578,0.225334,0.291759,0.281287,0.118638,0.296516,0.215829,0.242811,0.068969,0.394681,0.257763,0.390658,0.240567,0.159687,0.179065,0.283710,0.167041,0.134930,0.250648,0.220544,0.166805,0.360944,0.372935,0.301677,0.330727,0.321592,0.261713,0.126862,0.212560,0.354646,0.260237,0.091677,0.386643,0.367133,0.265647,0.291662,0.146715,0.409292,0.215944,0.195723,0.200308,0.247015,0.240020,0.202482,0.292984,0.255705,0.286109,0.638300,0.244506,0.432477,0.351741,0.411140,0.260290,0.291867,0.188997,0.329099,0.255909,0.030623,0.317665
377,0.190642,0.474493,0.161692,0.204354,0.286306,0.199076,0.131303,0.265074,0.242289,0.290369,0.177144,0.224460,0.347602,0.160572,0.271738,0.251438,0.230876,0.160201,0.194027,0.179650,0.152253,0.427361,0.283336,0.190526,0.134068,0.136841,0.169881,0.088153,0.278048,0.159556,0.186706,0.197070,0.147526,0.187632,0.258359,0.273786,0.304288,0.349496,0.172382,0.146393,0.067065,0.085898,0.496504,0.403705,0.229433,0.276247,0.175466,0.214623,0.153175,0.218567,0.242385,0.175950,0.328728,0.290396,0.188810,0.395222,0.261685,0.136069,0.166312,0.183770,0.054300,0.248012,0.258137,0.062673,0.101123,0.251686,0.187841,0.213328,0.195935,0.157598,0.291614,0.150595,0.231201,0.131441,0.161061,0.254348,0.219990,0.352734,0.316670,0.235510,0.130987,0.391929,0.089272,0.265138,0.231533,0.148810,0.195210,0.309366,0.597003,0.324383,0.233004,0.001413,-0.007999,0.042938,0.266830,0.479666,0.154521,0.138555,0.594290,0.171023,0.223223,0.142300,0.168172,0.147280,0.233822,0.353756,0.156783,0.345912,0.314214,0.417644,0.164755,0.345840,0.061678,0.118155,0.219760,0.195195,0.180204,0.045832,0.349714,0.285188,0.282645,0.152399,0.226817,0.392775,0.209092,0.284477,0.302386,0.110414,0.218146,0.131632,0.265401,1.000000,0.170832,0.311513,0.129462,0.275438,0.240919,0.067689,0.108580,0.152387,0.271316,0.177558,0.280391,0.184331,0.253970,0.167836,0.327247,0.137490,0.197953,0.362866,0.168302,0.074621,0.141085,0.251458,0.171038,0.170760,0.044813,0.385198,0.311974,0.209688,0.223718,0.194336,0.076770,0.300058,0.209390,0.388845,0.203758,0.200996,0.198314,0.276188,0.199291,0.208879,0.168477,0.254013,0.188039,0.236012,0.147803,0.299784,0.230821,0.448547,0.334525,0.210628,0.219892,0.204369,0.206186,0.118896,0.290596,0.217451,0.146101,0.292480,0.374625,0.285449,0.286719,0.281647,0.174844,0.230719,0.235216,0.328748,0.149398,0.255323,0.316146,0.112158,0.263882,0.147096,0.164490,0.377786,0.095815,0.170547,0.178853,0.199661,0.174040,0.190796,0.173274,0.323571,0.125328,0.150098,0.151186,0.221149,0.385869,0.122928,0.263244,0.098862,0.272873,0.123715,0.094074,0.240343,0.222946,0.291621,0.304987,0.135572,0.169259,0.289029,0.377124,0.197894,0.180847,0.042919,0.440437,0.347872,0.153455,0.326869
382,0.094935,0.300607,0.172569,0.289403,0.259703,0.126086,0.179976,0.211319,0.121213,0.164240,0.281223,0.180673,0.164696,0.148069,0.095113,0.200119,0.121051,0.068658,0.132054,0.091045,0.105580,0.232043,0.171318,0.174057,0.095491,0.110002,0.239717,0.140695,0.196613,0.119620,0.316892,0.041335,0.013484,0.211609,0.309124,0.239837,0.109392,0.198599,0.152127,0.143900,0.152982,0.080335,0.210847,0.160113,0.112692,0.220716,0.086644,0.005831,0.079769,0.100306,0.146466,-0.007451,0.159459,0.134066,0.085024,0.168804,0.210670,0.106926,0.089030,0.271723,0.087468,0.319507,0.169426,0.164507,0.199030,0.107515,0.203049,0.322730,0.132047,0.156451,0.159631,0.173629,0.100247,0.113540,0.187427,0.305083,0.146005,0.212295,0.184998,0.213346,0.157416,0.169636,0.008796,0.120194,0.128939,0.143388,0.311300,0.195374,0.319916,0.129292,0.176866,-0.004783,0.055212,0.236420,0.255029,0.313290,0.116485,0.132775,0.279838,0.083096,0.131982,0.119499,0.132228,0.130078,0.192760,0.309475,0.199980,0.259893,0.315030,0.130703,0.073650,0.073676,0.150581,0.194649,0.317851,0.085223,0.152078,0.129437,0.107301,0.172761,0.127627,0.107680,0.096085,0.228635,0.200422,0.124267,0.320693,0.210555,0.350688,0.134564,0.261462,0.170832,1.000000,0.252907,0.061638,0.228538,0.126645,0.246063,0.119206,0.221939,0.057779,0.080196,0.310323,0.088727,0.087475,0.097150,0.187905,0.176795,0.116112,0.210841,0.161394,0.223594,0.267262,0.173141,0.074875,0.233066,0.087263,0.322451,0.235952,0.045742,0.260498,0.130533,0.050828,0.162053,0.168306,0.126142,0.237739,0.116029,0.120622,0.132600,0.158633,0.060890,0.038274,0.144292,0.074475,0.184025,0.109519,0.143645,0.251791,0.203542,0.105283,0.100832,0.172479,0.242042,0.100231,0.075775,0.237222,0.073933,0.178958,0.129328,0.296896,0.231295,0.206078,0.274596,0.129471,0.134971,0.163548,0.148246,0.090475,0.218090,0.113530,0.154691,0.266018,0.266415,0.135381,0.251448,0.121302,0.092975,0.094967,0.106136,0.161818,0.125808,0.080899,0.232130,0.236910,0.124181,0.108002,0.143317,0.235380,0.032202,0.117153,0.045188,0.192709,0.100643,0.043967,0.325040,0.177226,0.199018,0.212146,0.078308,0.243345,0.318183,0.323901,0.204782,0.051229,0.110014,0.206880,0.181905,0.087161,0.142519
384,0.194729,0.521771,0.355577,0.311534,0.254369,0.420610,0.330183,0.529271,0.282147,0.453049,0.236707,0.339081,0.362900,0.208481,0.490327,0.359601,0.356613,0.326190,0.370636,0.242241,0.410222,0.503227,0.444583,0.471571,0.309761,0.235816,0.179817,0.248520,0.379968,0.435740,0.139318,0.342057,0.329716,0.197387,0.356977,0.535976,0.280800,0.446652,0.293381,0.208809,0.398228,0.330667,0.475739,0.341276,0.401908,0.572020,0.292633,0.242056,0.346465,0.385115,0.483784,0.287979,0.579193,0.342008,0.096948,0.420180,0.363189,0.239581,0.375715,0.512374,0.273131,0.143796,0.484568,0.280805,0.326381,0.160591,0.414272,0.450508,0.387188,0.441129,0.355142,0.371759,0.363756,0.309277,0.372294,0.419207,0.337949,0.177585,0.508307,0.435697,0.406740,0.383465,0.252691,0.257078,0.318934,0.353641,0.310654,0.355870,0.484776,0.193296,0.393560,0.108716,0.303322,0.227750,0.316658,0.422889,0.404698,0.436929,0.449822,0.297264,0.443584,0.221086,0.528481,0.314294,0.327711,0.470630,0.148447,0.427508,0.458601,0.343412,0.203486,0.430529,0.261800,0.308128,0.431754,0.351794,0.415036,0.231614,0.366928,0.437584,0.373310,0.262904,0.400750,0.398355,0.479082,0.498136,0.330979,0.222947,0.265564,0.502697,0.299030,0.311513,0.252907,1.000000,0.431610,0.416440,0.248920,0.092768,0.312754,0.307862,0.457779,0.317090,0.455549,0.344704,0.264421,0.309234,0.339753,0.395622,0.383559,0.550742,0.352603,0.434482,0.313106,0.419364,0.266466,0.371980,0.216237,0.489478,0.381892,0.252830,0.275222,0.344708,0.284840,0.420729,0.522457,0.420789,0.321715,0.316029,0.436545,0.350811,0.288263,0.314235,0.297471,0.194005,0.283305,0.415578,0.322610,0.346407,0.334729,0.425944,0.204612,0.286729,0.558582,0.333137,0.331192,0.432164,0.468504,0.344740,0.271614,0.154817,0.451487,0.513404,0.444246,0.323770,0.327701,0.359919,0.322875,0.355503,0.468624,0.269907,0.313048,0.214417,0.537391,0.276244,0.338343,0.471143,0.267636,0.251180,0.260873,0.197263,0.262297,0.428326,0.253202,0.390507,0.407247,0.520969,0.257898,0.301996,0.437501,0.360839,0.310381,0.285727,0.385192,0.318496,0.209859,0.478051,0.392713,0.384751,0.328093,0.356576,0.364361,0.300877,0.570035,0.433937,0.196219,0.340294,0.363165,0.457335,0.198014,0.383638
389,0.062858,0.180039,0.359267,0.093633,0.077591,0.418290,0.441977,0.246627,0.184774,0.403773,0.182046,0.249312,0.223908,0.248042,0.146828,0.229581,0.212710,0.172931,0.355799,0.168480,0.304965,0.274864,0.161390,0.238691,0.272242,0.121191,0.111100,0.281848,0.241490,0.605892,0.025847,0.163280,0.117249,0.029011,0.109386,0.330616,0.077175,0.452935,0.242349,0.135013,0.261580,0.293973,0.256579,0.291335,0.178258,0.439557,0.100257,0.180381,0.214428,0.129610,0.174588,0.066643,0.424418,0.211637,0.058885,0.351323,0.125397,0.099115,0.660470,0.402079,0.169345,0.108834,0.234065,0.335405,0.288074,0.164235,0.308902,0.248833,0.536760,0.340247,0.047264,0.373650,0.331746,0.231708,0.093880,0.256000,0.118979,0.051653,0.290586,0.324066,0.282866,0.247827,0.035260,0.157246,0.150149,0.221098,0.134792,0.299517,0.193852,0.190774,0.176045,0.180990,0.277053,0.238236,0.363978,0.131927,0.592701,0.247710,0.173417,0.391258,0.264003,0.127899,0.621985,0.174696,0.255559,0.201438,0.205645,0.194296,0.249700,0.217821,0.146258,0.181810,0.428171,0.230188,0.142158,0.175832,0.314197,0.209112,0.267067,0.097204,0.157177,0.074425,0.228064,0.228793,0.649559,0.159067,0.178308,0.297603,0.171918,0.707941,0.232432,0.129462,0.061638,0.431610,1.000000,0.258554,0.273902,0.145195,0.081755,0.150862,0.221630,0.102812,0.277296,0.103245,0.163021,0.181271,0.079933,0.245050,0.110721,0.220013,0.232632,0.353095,0.372419,0.128418,0.361933,0.241294,0.130916,0.229644,0.281544,0.117139,0.172409,0.178256,0.161765,0.189805,0.332783,0.345837,0.150838,0.130039,0.439988,0.203025,0.038349,0.267217,0.554093,0.055025,0.201528,0.322626,0.130774,0.232876,0.280453,0.171882,0.114089,0.170170,0.469934,0.122867,0.159586,0.273956,0.376198,0.184424,0.159659,0.143051,0.274931,0.219429,0.251035,0.070785,0.133646,0.158270,0.242648,0.228732,0.225119,0.155266,0.262842,0.124321,0.232586,0.253868,0.301019,0.212937,0.095520,0.227463,0.164300,0.215214,0.206576,0.760115,0.157153,0.249532,0.134537,0.660449,0.176458,0.281726,0.215662,0.331925,0.138024,0.236951,0.125811,0.013884,0.330558,0.221027,0.311091,0.266720,0.143046,0.010857,0.223509,0.246508,0.268690,0.111687,0.196820,0.294784,0.155561,0.274875,-0.045908,0.155735
394,0.344655,0.327119,0.395517,0.497465,0.367416,0.338373,0.286640,0.632240,0.306260,0.605745,0.536531,0.241548,0.226923,0.263339,0.312440,0.558293,0.396696,0.370194,0.341024,0.161173,0.307355,0.385010,0.394605,0.411825,0.206989,0.346623,0.218269,0.335062,0.573361,0.326677,0.459861,0.353042,0.390139,0.322620,0.504796,0.514731,0.161257,0.430621,0.300835,0.268011,0.265492,0.380103,0.320369,0.409884,0.347169,0.608308,0.288696,0.154524,0.579996,0.251641,0.417315,0.128180,0.547954,0.305534,0.124281,0.405291,0.413885,0.357491,0.273657,0.674994,0.298444,0.276763,0.512371,0.189809,0.537078,0.266686,0.370891,0.456356,0.318441,0.362633,0.257145,0.327790,0.383133,0.378280,0.507255,0.470576,0.518540,0.251138,0.461653,0.572101,0.397274,0.371790,0.444179,0.272236,0.309164,0.376430,0.415367,0.370583,0.331635,0.301555,0.419666,0.120849,0.160977,0.221227,0.318093,0.286099,0.345489,0.520250,0.251721,0.334599,0.478367,0.324967,0.467935,0.435098,0.291968,0.219565,0.163947,0.510920,0.398291,0.142415,0.281586,0.353135,0.131781,0.367560,0.373803,0.412210,0.352770,0.254714,0.359282,0.283080,0.409465,0.121175,0.468656,0.278469,0.300254,0.510539,0.494233,0.452582,0.364701,0.339534,0.388618,0.275438,0.228538,0.416440,0.258554,1.000000,0.410457,0.389997,0.525435,0.403784,0.395528,0.390696,0.544896,0.158879,0.253158,0.379640,0.342438,0.535538,0.364300,0.527238,0.607267,0.298867,0.226034,0.422663,0.212506,0.474479,0.299692,0.562564,0.420939,0.290269,0.391988,0.364334,0.288267,0.472523,0.374359,0.337721,0.394674,0.326029,0.262063,0.245112,0.406729,0.243758,0.206166,0.195710,0.213937,0.597448,0.252314,0.393543,0.500883,0.424860,0.040218,0.328207,0.393361,0.369992,0.390326,0.217269,0.476016,0.418793,0.393626,0.182183,0.472542,0.432844,0.467514,0.317161,0.316138,0.246621,0.408743,0.275168,0.365639,0.368326,0.430859,0.262988,0.501323,0.195950,0.421469,0.395985,0.282973,0.372218,0.214484,0.155282,0.308070,0.349136,0.248412,0.555220,0.619247,0.384406,0.403597,0.329226,0.500472,0.168665,0.169448,0.271181,0.391310,0.357099,0.159552,0.412613,0.360287,0.496779,0.342438,0.296276,0.519102,0.517232,0.616906,0.411204,0.242388,0.103741,0.242333,0.387459,0.103922,0.272845
396,0.139655,0.125928,0.368223,0.101301,0.200425,0.424392,0.276144,0.230954,0.317826,0.388684,0.306106,0.147938,0.138261,0.392544,0.087076,0.226955,0.196742,0.072624,0.280125,0.199005,0.368467,0.221597,0.210107,0.212724,0.106471,0.147340,0.033096,0.220720,0.295575,0.233293,0.196884,0.074376,0.194436,0.097502,0.340336,0.313948,0.132095,0.274849,0.286539,0.217028,0.241894,0.192351,0.186661,0.287460,0.344010,0.354611,0.104465,0.031036,0.217637,0.040229,0.084873,0.044117,0.258977,0.234765,0.175560,0.193563,0.067616,0.134962,0.318292,0.261706,0.209079,0.188977,0.247360,0.239089,0.233751,0.145798,0.312663,0.182525,0.378469,0.276795,0.114548,0.368292,0.278075,0.113112,0.122590,0.229106,0.185742,0.150464,0.221501,0.389987,0.255130,0.193091,0.221319,0.149928,0.130631,0.139782,0.095342,0.320320,0.225568,0.161749,0.119132,0.184661,0.254718,0.410129,0.215256,0.129521,0.328622,0.250978,0.253944,0.213805,0.203895,0.100573,0.308995,0.110061,0.375370,0.167714,0.146357,0.154871,0.255795,0.107903,0.031794,0.115013,0.144362,0.338810,0.208988,0.108501,0.270970,0.212317,0.153308,0.085396,0.138523,0.052556,0.148642,0.169261,0.357269,0.162922,0.218288,0.280437,0.132799,0.249474,0.239470,0.240919,0.126645,0.248920,0.273902,0.410457,1.000000,0.264126,0.116582,0.140266,0.197006,0.173830,0.249896,0.042344,0.240204,0.108883,0.093920,0.351248,0.069910,0.265708,0.287256,0.205759,0.225621,0.102234,0.242390,0.282238,0.207965,0.297885,0.286790,0.197883,0.163285,0.057787,0.000988,0.312088,0.324369,0.137665,0.332717,0.154223,0.243791,0.123348,0.051376,0.203385,0.376176,0.233542,0.190411,0.319406,0.182810,0.300172,0.283250,0.201338,0.227048,0.289706,0.332624,0.092303,0.161021,0.126747,0.227065,0.164622,0.064449,0.104863,0.253924,0.183485,0.326617,0.080370,0.194514,0.246900,0.487350,0.153061,0.151373,0.145682,0.293725,0.178568,0.164905,0.180329,0.247722,0.267812,0.054567,0.310653,0.159171,0.165384,0.187451,0.438315,0.095961,0.261559,0.129560,0.308565,0.258828,0.235296,0.218281,0.187914,0.108474,0.107743,0.063534,0.084685,0.161917,0.209884,0.235824,0.473390,0.312319,0.022950,0.133707,0.224966,0.270413,0.097381,0.454923,0.072958,0.076096,0.205280,-0.071140,0.059298
397,0.072259,0.088437,0.368356,0.218775,0.384755,0.156063,0.194057,0.227494,0.223106,0.246994,0.350534,0.150931,0.094193,0.342616,0.108171,0.302076,0.206304,0.189495,0.346276,0.157193,0.179155,0.142889,0.304496,0.354621,0.165066,0.080750,0.152060,0.307938,0.276765,0.192684,0.324289,0.220791,0.240539,0.263000,0.307885,0.347679,0.012102,0.179851,0.164679,0.312635,0.154702,0.262398,0.136930,0.145164,0.157728,0.252363,0.287591,0.113366,0.190300,0.077399,0.154785,-0.052413,0.205182,0.117836,0.096319,0.154970,0.252297,0.220593,0.244487,0.320187,0.175643,0.384712,0.295903,0.151122,0.329834,0.256831,0.361463,0.153028,0.271780,0.112624,0.108574,0.162254,0.203606,0.174831,0.258686,0.279413,0.165705,0.261238,0.220522,0.399316,0.233843,0.081857,0.258055,0.139861,0.137609,0.230034,0.127894,0.191035,0.055254,0.262269,0.346906,0.227657,0.115287,0.167174,0.177698,0.255777,0.198921,0.321302,0.088268,0.249403,0.244302,0.148680,0.188015,0.353954,0.162086,0.078770,0.141671,0.340306,0.067941,0.007673,0.300421,0.131554,0.145971,0.383109,0.102344,0.206115,0.209172,0.219622,0.200913,0.015279,0.310995,0.131252,0.320702,0.124339,0.203005,0.212245,0.363888,0.355942,0.253001,0.256555,0.366706,0.067689,0.246063,0.092768,0.145195,0.389997,0.264126,1.000000,0.246628,0.244981,0.153267,0.250094,0.352242,0.035728,0.191146,0.206764,0.089432,0.325543,0.159489,0.155261,0.284696,0.229934,0.158772,0.238173,0.125325,0.280111,0.298614,0.296699,0.258223,0.033694,0.120627,0.194389,0.095348,0.192365,0.179243,0.112074,0.236788,0.204812,0.062694,0.048231,0.164921,0.042023,0.170737,0.145432,0.101703,0.310388,0.085581,0.207146,0.320625,0.183787,0.057251,0.288189,0.085978,0.208258,0.352177,0.169533,0.246696,0.209976,0.085696,0.088654,0.249608,0.258470,0.373454,0.146187,0.228024,0.175090,0.338235,0.125667,0.135816,0.125031,0.269788,0.170532,0.298739,0.153173,0.503843,0.169840,0.268548,0.252868,0.054202,0.077271,0.189295,0.218854,0.146997,0.324396,0.278135,0.229720,0.364387,0.192055,0.251722,0.108641,0.070060,0.119817,0.075621,0.174098,0.136251,0.200254,0.275566,0.272398,0.334637,0.230294,0.411078,0.353913,0.349710,0.257700,0.227094,0.018350,0.239461,0.217586,-0.048630,0.175177
399,0.337176,0.325828,0.142928,0.522537,0.311102,0.056235,0.097630,0.416660,0.123011,0.298724,0.424961,0.108533,0.082379,-0.022263,0.380757,0.313829,0.430832,0.331050,0.208837,0.002029,0.143498,0.228584,0.238254,0.353242,0.117506,0.391406,0.289528,0.173021,0.388526,0.219519,0.202890,0.295289,0.242378,0.418345,0.308709,0.352950,0.121180,0.263298,0.063627,0.105329,-0.000001,0.187826,0.248193,0.186836,0.294248,0.449304,0.373009,0.063232,0.475215,0.350166,0.455246,0.272298,0.549576,0.248039,0.094608,0.221327,0.412204,0.253733,0.069010,0.408994,0.180904,0.142068,0.405382,-0.004801,0.382499,0.156471,0.198873,0.398393,0.089647,0.221980,0.385300,0.084695,0.212178,0.401397,0.790382,0.292641,0.538605,0.070377,0.335797,0.335800,0.196585,0.258994,0.367953,0.049477,0.198078,0.378607,0.360826,0.224537,0.217625,0.165608,0.449031,0.051294,-0.063639,-0.021295,0.105774,0.207392,0.204509,0.434515,0.126151,0.057093,0.471605,0.275286,0.284726,0.518434,0.150136,0.192809,0.013582,0.517369,0.269802,0.141041,0.335872,0.502862,0.002644,0.166449,0.384368,0.467098,0.166575,0.074287,0.281125,0.382886,0.359776,0.126945,0.451084,0.167613,0.086730,0.580385,0.327441,0.144066,0.262173,0.231480,0.269367,0.108580,0.119206,0.312754,0.081755,0.525435,0.116582,0.246628,1.000000,0.418792,0.397581,0.396874,0.352057,0.324150,0.204774,0.336801,0.345749,0.357768,0.581936,0.396968,0.402839,0.110166,0.066654,0.421924,0.093815,0.316799,0.265884,0.367481,0.249094,0.242456,0.391587,0.378339,0.419434,0.294548,0.195493,0.221230,0.270833,0.195483,0.094981,0.178729,0.453869,0.107962,0.004673,0.136253,0.146090,0.383213,0.228417,0.164786,0.246113,0.352172,-0.000064,0.294659,0.164460,0.496303,0.410987,0.182194,0.367366,0.303798,0.530032,0.039050,0.282443,0.363220,0.252667,0.293609,0.205355,0.112074,0.245989,0.145721,0.198298,0.285081,0.194550,0.237199,0.430300,0.010985,0.322075,0.268051,0.343335,0.201202,0.123253,0.084577,0.265069,0.117677,0.234574,0.233820,0.663724,0.224635,0.185944,0.205018,0.588929,0.141790,0.167311,0.206285,0.464490,0.535395,0.120419,0.261797,0.135077,0.162448,0.222126,0.458893,0.375100,0.257630,0.440077,0.465717,0.042982,0.106821,0.169979,0.280352,0.202772,0.278043
400,0.193383,0.211869,0.226949,0.409050,0.154696,0.183028,0.161035,0.203078,0.168682,0.286228,0.265285,0.210864,0.204495,0.107302,0.396878,0.332109,0.273911,0.293258,0.212726,0.046829,0.240971,0.212867,0.174576,0.295605,0.117894,0.290902,0.255837,0.209233,0.312444,0.182255,0.213376,0.316616,0.229890,0.395709,0.185128,0.328921,0.089295,0.268149,0.219936,0.182766,0.047606,0.259236,0.186232,0.098442,0.216384,0.346365,0.174768,0.037772,0.349773,0.355184,0.301991,0.198285,0.429390,0.325790,0.032292,0.094565,0.414696,0.177091,0.230926,0.294978,0.223844,0.138555,0.303916,0.143149,0.379856,0.083844,0.249267,0.266525,0.237916,0.322340,0.113251,0.286632,0.185389,0.366089,0.418027,0.347790,0.467248,0.094002,0.272460,0.356869,0.260710,0.294211,0.298633,0.096699,0.115141,0.304207,0.268884,0.135729,0.288184,0.129797,0.373954,0.093088,0.003949,0.114877,0.080536,0.214742,0.181839,0.345515,0.257648,0.207454,0.258602,0.177457,0.254118,0.256779,0.239098,0.231866,0.167227,0.350061,0.329108,0.180040,0.184411,0.252656,0.182710,0.217849,0.316884,0.318796,0.179600,0.105642,0.171276,0.332523,0.272013,0.031992,0.292563,0.295138,0.161148,0.383615,0.304844,0.070019,0.215294,0.285099,0.289733,0.152387,0.221939,0.307862,0.150862,0.403784,0.140266,0.244981,0.418792,1.000000,0.342407,0.284601,0.471043,0.226721,0.132937,0.240570,0.231339,0.341531,0.316811,0.351302,0.290649,0.104219,0.137965,0.255595,0.165908,0.498625,0.230799,0.373043,0.175731,0.197495,0.233692,0.343340,0.225824,0.285908,0.094135,0.296488,0.287673,0.170825,0.192077,0.148167,0.450315,0.193884,0.189630,0.030558,0.140024,0.320999,0.193342,0.117327,0.260545,0.351598,0.075535,0.226328,0.241374,0.321306,0.228542,0.193933,0.391467,0.221242,0.386588,0.005749,0.296866,0.285342,0.253967,0.287865,0.210598,0.132839,0.153822,0.135390,0.213007,0.404920,0.235910,0.041747,0.391368,0.010532,0.265662,0.297036,0.276131,0.104707,0.028056,0.119353,0.260774,0.199981,0.198026,0.256770,0.408445,0.247007,0.205291,0.191631,0.485989,0.165282,0.112668,0.149022,0.421790,0.243430,0.143481,0.307450,0.210591,0.240941,0.301537,0.259392,0.285329,0.168547,0.393707,0.271531,0.103978,0.134182,0.160195,0.302612,0.217366,0.206566
401,0.477950,0.293882,0.304091,0.273557,0.326172,0.353049,0.136116,0.382995,0.137979,0.260919,0.254777,0.174292,0.237398,0.177980,0.432207,0.233159,0.388387,0.384045,0.180847,0.188175,0.363016,0.383358,0.366430,0.400986,0.372244,0.326673,0.140180,0.196936,0.403139,0.284085,0.144992,0.310320,0.344777,0.238586,0.434204,0.522062,0.162364,0.290756,0.295663,0.083824,0.133111,0.248984,0.256032,0.229107,0.349516,0.433686,0.411703,0.119021,0.364453,0.311813,0.506040,0.301986,0.570448,0.252983,0.207789,0.334589,0.328981,0.189201,0.234797,0.308437,0.237739,0.103883,0.437608,0.147006,0.321679,0.168950,0.360891,0.369663,0.177990,0.264194,0.324190,0.186028,0.290475,0.382963,0.409551,0.185958,0.427941,0.142498,0.423347,0.411747,0.276581,0.279709,0.341367,0.251189,0.276185,0.307866,0.246824,0.238440,0.275717,0.165320,0.456133,0.123786,0.084673,0.104418,0.184402,0.193155,0.228942,0.432505,0.239116,0.221781,0.368017,0.181638,0.305514,0.370432,0.201612,0.259791,0.108912,0.374904,0.362804,0.154720,0.292691,0.431133,0.051462,0.140681,0.248538,0.376929,0.327353,0.075892,0.289153,0.414964,0.336029,0.243950,0.433006,0.298359,0.265219,0.529296,0.260440,0.048816,0.133159,0.344924,0.274260,0.271316,0.057779,0.457779,0.221630,0.395528,0.197006,0.153267,0.397581,0.342407,1.000000,0.475988,0.387638,0.317432,0.216262,0.305600,0.310598,0.370131,0.427216,0.454394,0.214116,0.209752,0.130033,0.394580,0.231925,0.463103,0.216502,0.288455,0.271512,0.473256,0.249315,0.436230,0.381565,0.277892,0.312314,0.396657,0.234283,0.224686,0.309868,0.355745,0.417564,0.349617,0.257136,0.293469,0.249457,0.266751,0.274098,0.174598,0.224092,0.351326,0.105547,0.517619,0.268566,0.313043,0.422503,0.289065,0.395040,0.312882,0.362447,0.188177,0.181155,0.378768,0.330524,0.243869,0.319900,0.196084,0.205406,0.242782,0.308034,0.285252,0.184067,0.194750,0.402827,0.150908,0.264236,0.303322,0.202231,0.214766,0.230902,0.343160,0.210969,0.248570,0.215276,0.254634,0.378072,0.298936,0.319641,0.132010,0.471221,0.161460,0.318338,0.280120,0.398069,0.335546,0.198436,0.390511,0.200498,0.331483,0.291252,0.380446,0.313381,0.177137,0.469249,0.409179,0.224421,0.076739,0.246430,0.430196,0.200326,0.407601
404,0.338456,0.235243,0.363176,0.243111,0.149057,0.156030,0.188372,0.355502,0.339053,0.365461,0.210552,0.224914,0.168262,0.178008,0.236215,0.213110,0.293281,0.587677,0.317552,0.222409,0.227783,0.230136,0.328818,0.472617,0.310589,0.200993,0.085031,0.396003,0.311975,0.255395,0.101221,0.449951,0.438448,0.256626,0.326579,0.465352,0.133253,0.374665,0.185083,0.234022,0.112579,0.273790,0.267660,0.250147,0.231939,0.360257,0.637132,0.185746,0.296401,0.242327,0.418091,0.191137,0.347068,0.110458,0.118236,0.347445,0.273652,0.264114,0.150692,0.433195,0.403327,0.108131,0.344586,0.091593,0.375474,0.287793,0.398634,0.304108,0.216021,0.245736,0.196704,0.160907,0.214905,0.253020,0.475407,0.229300,0.281039,0.054417,0.280261,0.408745,0.347179,0.245509,0.411329,0.217191,0.162565,0.351566,0.182276,0.207049,0.230126,0.169574,0.427372,0.312984,0.055868,0.128653,0.198992,0.178617,0.177793,0.708626,0.147227,0.184631,0.461573,0.230000,0.263125,0.494031,0.304284,0.204027,0.089202,0.251561,0.263343,0.195687,0.546178,0.375978,0.108283,0.263193,0.190338,0.465689,0.325382,0.180928,0.352960,0.269263,0.512638,0.156992,0.596495,0.319429,0.165599,0.554978,0.256244,0.109994,0.146032,0.244185,0.181940,0.177558,0.080196,0.317090,0.102812,0.390696,0.173830,0.250094,0.396874,0.284601,0.475988,1.000001,0.369981,0.246285,0.314975,0.400342,0.284876,0.384747,0.279749,0.281138,0.171903,0.264449,0.115242,0.528582,0.132929,0.362908,0.224406,0.272225,0.248849,0.309725,0.165488,0.429207,0.561252,0.279485,0.235479,0.274586,0.089227,0.306101,0.176150,0.186418,0.441055,0.155441,0.107742,0.054582,0.169383,0.373586,0.306115,0.142347,0.192042,0.301580,0.189625,0.388869,0.121094,0.263654,0.590748,0.379365,0.204001,0.505736,0.280194,0.135693,0.180393,0.227630,0.361390,0.263927,0.505957,0.254879,0.357000,0.253383,0.172453,0.171894,0.246536,0.315582,0.374164,0.084080,0.451676,0.429047,0.242035,0.299935,0.074086,0.040477,0.280286,0.204324,0.414492,0.285469,0.372853,0.368770,0.311540,0.262752,0.344891,0.193428,0.265757,0.386290,0.286375,0.404701,0.165818,0.295324,0.290850,0.210125,0.255314,0.370220,0.331192,0.213140,0.384992,0.549536,0.162180,0.074861,0.202011,0.327353,0.132774,0.223326
405,0.232104,0.350306,0.412503,0.385934,0.267983,0.244128,0.233599,0.474531,0.291913,0.473129,0.288933,0.261435,0.324170,0.264923,0.357371,0.459677,0.296694,0.372217,0.343316,0.142881,0.308663,0.266981,0.399936,0.422815,0.281194,0.302429,0.290844,0.348436,0.437091,0.181485,0.265571,0.466906,0.330023,0.237498,0.309063,0.438081,0.221751,0.416845,0.341889,0.371098,0.213641,0.298026,0.350196,0.299215,0.341980,0.470666,0.375867,0.112707,0.450785,0.374866,0.315709,0.187144,0.463763,0.447759,0.101907,0.315362,0.395251,0.268084,0.309284,0.486503,0.397518,0.251779,0.401559,0.267152,0.390170,0.157070,0.407096,0.436782,0.248870,0.451687,0.167082,0.315675,0.322767,0.368647,0.423797,0.414738,0.412063,0.213221,0.384409,0.505628,0.345547,0.434225,0.350987,0.299471,0.315817,0.408603,0.327874,0.323939,0.395355,0.219711,0.482904,0.110569,0.128705,0.162140,0.233474,0.276402,0.177953,0.496830,0.358449,0.412738,0.465712,0.443807,0.321215,0.194890,0.416842,0.374997,0.193702,0.488582,0.463307,0.291322,0.315077,0.302780,0.216969,0.381903,0.296150,0.378250,0.370018,0.178063,0.302775,0.310574,0.464767,0.164868,0.406912,0.412467,0.338657,0.463467,0.377062,0.177422,0.350960,0.301730,0.464124,0.280391,0.310323,0.455549,0.277296,0.544896,0.249896,0.352242,0.352057,0.471043,0.387638,0.369981,1.000000,0.212929,0.122085,0.308086,0.320019,0.396396,0.371235,0.532371,0.325982,0.279247,0.225849,0.390707,0.280702,0.653820,0.417063,0.547306,0.266503,0.237787,0.277626,0.409140,0.223254,0.482760,0.255970,0.430178,0.284722,0.438138,0.257871,0.266596,0.396858,0.203385,0.245129,0.107092,0.259568,0.446436,0.198464,0.375183,0.429876,0.403510,0.132651,0.297058,0.327634,0.342465,0.354266,0.283854,0.497187,0.363502,0.401011,0.105287,0.494904,0.381534,0.434362,0.335266,0.385489,0.255135,0.269732,0.221754,0.370857,0.318150,0.390236,0.163876,0.463387,0.156141,0.355449,0.405733,0.385089,0.347112,0.115774,0.137893,0.318361,0.403399,0.213140,0.361486,0.413644,0.363247,0.302888,0.293418,0.575618,0.325325,0.158733,0.266131,0.356057,0.149240,0.158281,0.385771,0.374457,0.380646,0.361538,0.276090,0.457696,0.359297,0.637763,0.396037,0.138564,0.149983,0.266961,0.354564,0.118677,0.287793
408,0.161523,0.420162,0.042028,0.242677,0.129969,-0.009270,0.069439,0.210986,-0.020218,0.125337,0.091346,0.135398,0.262601,-0.088584,0.457854,0.012509,0.116718,0.166322,0.046875,-0.012135,0.115127,0.259675,0.109286,0.220878,0.073468,0.537079,0.296013,-0.016214,0.145162,0.084577,0.036987,0.186360,0.111218,0.173330,0.101970,0.149419,0.154993,0.142320,0.056055,-0.013125,0.013276,0.021460,0.203791,0.078421,0.219507,0.267881,0.216351,0.114620,0.234893,0.699473,0.313754,0.784031,0.309045,0.119151,0.079078,0.134246,0.366831,0.078300,0.088147,0.183186,0.210426,0.023440,0.249158,-0.067341,0.099322,0.021704,0.116719,0.183603,0.035120,0.088312,0.600655,0.017819,0.098393,0.295929,0.397637,0.087877,0.320728,0.085851,0.112373,0.212089,0.013552,0.258266,0.170424,0.088752,0.126820,0.319641,0.349689,0.119104,0.303226,0.057999,0.344373,-0.008267,-0.042106,-0.004903,0.015133,0.232720,0.041849,0.220360,0.303289,-0.013525,0.191152,0.104702,0.182223,0.152847,0.117645,0.306484,0.055680,0.258005,0.208142,0.282392,0.174332,0.401276,0.002331,-0.029127,0.211061,0.274628,0.154192,0.067177,0.178510,0.612708,0.170891,0.098897,0.201817,0.286328,0.084814,0.458318,0.203007,-0.009791,0.114514,0.097971,0.069007,0.184331,0.088727,0.344704,0.103245,0.158879,0.042344,0.035728,0.324150,0.226721,0.317432,0.246285,0.212929,1.000000,0.006996,0.115696,0.256332,0.104983,0.386531,0.395436,0.072967,0.156848,0.096839,0.278580,0.088743,0.191442,0.133874,0.206196,0.038421,0.181873,0.181642,0.363111,0.248723,0.153175,0.116852,0.280889,0.052578,0.111719,0.077926,0.193302,0.422315,0.046635,0.052231,-0.019435,0.136557,0.116595,0.095184,0.076173,0.086036,0.305067,-0.023473,0.125667,0.137383,0.223057,0.197561,0.174941,0.233412,0.150604,0.280387,-0.031767,0.179409,0.173218,0.150326,0.286097,0.228482,0.038773,0.014752,0.126995,0.207611,0.144231,0.042238,0.078338,0.290873,-0.011012,0.113325,0.156874,0.339926,-0.025940,0.088400,0.115809,0.067459,0.092424,0.078067,0.072581,0.271142,0.109983,0.025966,0.069314,0.318757,0.149721,0.063975,0.128773,0.513432,0.305626,0.027243,0.176646,0.050018,0.025949,0.091140,0.329386,0.158038,0.023842,0.340558,0.330660,0.021030,0.065064,0.310181,0.267549,0.533458,0.316876
410,0.192079,0.171618,0.177771,0.172072,0.232101,0.288343,0.133343,0.247218,0.388607,0.371915,0.300940,0.366797,0.230853,0.158818,0.077657,0.263043,0.295011,0.363826,0.505332,0.386078,0.158305,0.230326,0.377417,0.221201,0.154313,0.029169,0.019385,0.256408,0.287995,0.258340,0.168776,0.318469,0.251986,0.231648,0.269098,0.255009,0.084312,0.400647,0.171918,0.232321,0.221650,0.218109,0.335850,0.433255,0.114900,0.403984,0.324843,0.220348,0.217454,0.021705,0.185537,-0.091764,0.247099,0.239415,0.108200,0.427638,0.133196,0.254618,0.144810,0.213003,0.196982,0.124403,0.241170,0.279009,0.217058,0.389357,0.236655,0.157795,0.318400,0.127083,0.125479,0.161546,0.315696,0.177550,0.166455,0.278307,0.190052,0.141243,0.268467,0.225041,0.203115,0.193965,0.153994,0.173819,0.109386,0.206202,0.073499,0.375731,0.197341,0.316312,0.126977,0.254077,0.143654,0.106108,0.361112,0.215678,0.251454,0.257369,0.197686,0.174984,0.330766,0.139460,0.216926,0.391232,0.162235,0.129876,0.101658,0.238582,0.184164,0.077047,0.322598,0.267371,0.087092,0.179690,0.235578,0.269785,0.097255,0.205052,0.338031,0.114031,0.444429,0.209759,0.469949,0.249909,0.237618,0.288680,0.300139,0.207837,0.110718,0.254883,0.095155,0.253970,0.087475,0.264421,0.163021,0.253158,0.240204,0.191146,0.204774,0.132937,0.216262,0.314975,0.122085,0.006996,1.000000,0.341462,0.059874,0.261144,0.152580,0.174187,0.377622,0.112304,0.125632,0.316194,0.089075,0.153684,0.068450,0.262242,0.529970,0.168227,0.168319,0.155891,0.289851,0.304346,0.176421,0.183623,0.210361,0.191376,0.192408,0.150989,0.041054,0.226890,0.126712,0.214068,0.152503,0.364160,0.240193,0.211805,0.337322,0.167243,0.215615,0.170052,0.216689,0.108395,0.407996,0.238183,0.168305,0.335915,0.106947,0.246121,0.202912,0.347370,0.246561,0.118809,0.139147,0.335111,0.357974,0.370700,0.101856,0.080647,0.308959,0.393502,0.237021,0.050346,0.427933,0.364064,0.064966,0.278813,0.049504,0.113346,0.298799,0.203020,0.442349,0.312972,0.187469,0.288356,0.210236,0.272886,0.201197,0.155400,0.423642,0.259184,0.084251,0.196857,0.106847,0.267008,0.317771,0.230685,0.144558,0.105715,0.114230,0.294228,0.189349,0.192960,0.116055,-0.005906,0.120119,0.215306,-0.075545,0.010293
414,0.247139,0.226845,0.207235,0.324255,0.241006,0.178892,0.135261,0.395480,0.232971,0.352653,0.288066,0.158577,0.180107,0.134353,0.231491,0.498564,0.413109,0.650547,0.319339,0.210821,0.119457,0.289801,0.542715,0.456864,0.192275,0.174678,0.036853,0.234745,0.386138,0.219798,0.170802,0.654506,0.323310,0.190450,0.339438,0.432249,0.016082,0.299091,0.285638,0.406858,0.323229,0.324751,0.276420,0.208575,0.183455,0.351990,0.474089,0.135828,0.355707,0.177752,0.344500,0.074111,0.422890,0.424314,0.138932,0.391115,0.246234,0.572957,0.195178,0.299208,0.273538,0.196452,0.366031,0.166209,0.312819,0.255654,0.268675,0.245420,0.188565,0.263719,0.175804,0.175841,0.491628,0.296196,0.348169,0.295873,0.254311,0.170838,0.350779,0.254096,0.284577,0.191877,0.301368,0.350955,0.460581,0.296431,0.235085,0.345413,0.261005,0.184065,0.234946,0.101601,0.128172,0.124112,0.296403,0.234355,0.226069,0.379989,0.198614,0.241298,0.575478,0.368627,0.335515,0.456478,0.145401,0.198905,0.111066,0.208879,0.160657,0.096240,0.556205,0.247219,0.118830,0.265210,0.191161,0.526463,0.237601,0.248414,0.240317,0.167146,0.708313,0.339452,0.772237,0.199484,0.236182,0.512282,0.341722,0.158194,0.326983,0.215890,0.247549,0.167836,0.097150,0.309234,0.181271,0.379640,0.108883,0.206764,0.336801,0.240570,0.305600,0.400342,0.308086,0.115696,0.341462,1.000000,0.243080,0.358320,0.173090,0.256167,0.399373,0.169294,0.142311,0.515855,0.153306,0.296744,0.062901,0.334511,0.299455,0.166139,0.225985,0.307749,0.433861,0.395192,0.233278,0.311131,0.201937,0.592964,0.320265,0.217727,0.264415,0.133049,0.155675,0.078374,0.240044,0.356411,0.304256,0.287599,0.288808,0.274806,0.174456,0.222336,0.287083,0.232344,0.749038,0.326600,0.277767,0.641566,0.269209,0.129014,0.347618,0.294902,0.273994,0.272906,0.119584,0.420864,0.201187,0.210957,0.171358,0.169119,0.248577,0.352042,0.346834,0.110417,0.396513,0.245765,0.202013,0.252754,0.085958,0.043124,0.348879,0.203107,0.560245,0.254148,0.330199,0.315448,0.234976,0.259467,0.410862,0.246701,0.270650,0.302551,0.193776,0.382048,0.068186,0.457965,0.348379,0.290172,0.216785,0.331715,0.270070,0.234527,0.343947,0.548179,0.098632,0.004908,0.160050,0.249226,0.026254,0.155230
419,0.218805,0.358379,0.148373,0.468965,0.286762,0.082330,0.052486,0.339270,0.137484,0.264932,0.192161,0.126104,0.195743,0.104258,0.381385,0.238002,0.266690,0.257565,0.139304,0.016822,0.126307,0.247418,0.290562,0.313054,0.123055,0.195763,0.371217,0.059141,0.286847,0.093015,0.179410,0.191404,0.150771,0.234877,0.290519,0.249051,0.272405,0.253873,0.148839,0.048208,0.025771,0.116203,0.315582,0.256490,0.341679,0.288432,0.253588,0.207728,0.207649,0.292948,0.308988,0.204428,0.364828,0.180354,0.123377,0.282846,0.259942,0.163446,0.117188,0.240672,0.144490,0.196009,0.296764,0.060197,0.113078,0.159104,0.138163,0.438303,0.118643,0.151457,0.261506,0.092496,0.162451,0.233229,0.409145,0.238923,0.352450,0.166108,0.155546,0.312445,0.112652,0.315109,0.182367,0.088042,0.137148,0.366778,0.321532,0.231052,0.350382,0.227642,0.368850,0.011924,-0.016722,0.043882,0.151987,0.319510,0.083484,0.231055,0.342401,0.075222,0.273707,0.152678,0.175162,0.211794,0.167743,0.255956,0.016814,0.327992,0.330635,0.258772,0.195341,0.402111,0.007566,0.129596,0.354116,0.279521,0.183458,-0.006578,0.261138,0.523297,0.270692,0.111841,0.290213,0.432856,0.181486,0.359633,0.308963,0.104536,0.229560,0.114494,0.272623,0.327247,0.187905,0.339753,0.079933,0.342438,0.093920,0.089432,0.345749,0.231339,0.310598,0.284876,0.320019,0.256332,0.059874,0.243080,1.000000,0.166435,0.333552,0.444748,0.202448,0.068698,0.051926,0.324901,0.082435,0.302113,0.280951,0.368932,0.226285,0.209779,0.382185,0.436283,0.218598,0.282981,0.170376,0.255837,0.223823,0.188848,0.176005,0.189741,0.419305,0.066075,0.106532,0.092871,0.174184,0.233584,0.154869,0.216463,0.227585,0.359669,0.042874,0.224926,0.158859,0.467915,0.300947,0.104564,0.285205,0.206499,0.382140,0.182840,0.305815,0.235164,0.240628,0.512712,0.206487,0.144537,0.174803,0.208920,0.205009,0.227668,0.145300,0.151112,0.296721,0.088230,0.156906,0.358093,0.391829,0.185961,0.265150,0.066103,0.158205,0.169147,0.126268,0.252010,0.331502,0.210328,0.077654,0.120072,0.430035,0.102577,0.169245,0.207225,0.453324,0.312182,-0.012971,0.291005,0.113193,0.223960,0.252700,0.338085,0.229174,0.286115,0.499227,0.584002,0.003531,-0.036733,0.260468,0.251762,0.317820,0.357379
422,0.223080,0.253262,0.395111,0.312593,0.267723,0.400641,0.293394,0.427808,0.245246,0.487616,0.397947,0.210574,0.170383,0.229012,0.243245,0.472864,0.394222,0.410163,0.380423,0.160471,0.357476,0.357247,0.383581,0.452686,0.185137,0.208221,0.132763,0.392649,0.413815,0.297532,0.280790,0.303913,0.540238,0.273855,0.444351,0.474065,0.094244,0.299122,0.383235,0.225298,0.299799,0.378461,0.225028,0.237758,0.250373,0.435665,0.311989,0.143792,0.400548,0.141271,0.366296,0.065566,0.414176,0.281190,0.080266,0.258970,0.207310,0.254402,0.225482,0.475135,0.233042,0.243542,0.427116,0.233332,0.567077,0.170575,0.401229,0.339649,0.372350,0.336981,0.240830,0.333852,0.306004,0.309997,0.392159,0.422414,0.400691,0.108109,0.441089,0.441246,0.395460,0.290915,0.452487,0.177874,0.158447,0.249268,0.313533,0.262350,0.261895,0.168351,0.321515,0.187294,0.250637,0.214128,0.228298,0.266515,0.367634,0.469486,0.245815,0.324259,0.462750,0.266940,0.377618,0.382270,0.316799,0.230782,0.145775,0.361847,0.321132,0.104595,0.261344,0.280107,0.087286,0.313495,0.331714,0.317363,0.312481,0.219835,0.248873,0.211625,0.337029,0.219838,0.423402,0.220646,0.354767,0.364581,0.369101,0.367004,0.330238,0.316329,0.319293,0.137490,0.176795,0.395622,0.245050,0.535538,0.351248,0.325543,0.357768,0.341531,0.370131,0.384747,0.396396,0.104983,0.261144,0.358320,0.166435,1.000000,0.252010,0.343738,0.410218,0.249040,0.167150,0.299732,0.247812,0.433924,0.267903,0.404137,0.354333,0.202187,0.300388,0.235482,0.245538,0.374096,0.434674,0.193969,0.326185,0.326480,0.274637,0.272569,0.285168,0.275409,0.228224,0.182685,0.166319,0.484645,0.248454,0.318310,0.391363,0.317185,0.213074,0.334599,0.412531,0.263931,0.369748,0.306314,0.362925,0.429944,0.340712,0.109600,0.350301,0.355852,0.472126,0.213488,0.172207,0.240087,0.405430,0.271189,0.340440,0.298626,0.392324,0.301266,0.318485,0.162557,0.443629,0.338842,0.212705,0.361459,0.120039,0.160963,0.380983,0.334938,0.291245,0.377048,0.469293,0.360611,0.470777,0.227192,0.400319,0.306477,0.204701,0.267808,0.238069,0.313828,0.195773,0.366954,0.348613,0.392461,0.241250,0.257964,0.330678,0.380321,0.400586,0.290812,0.201706,0.046372,0.182028,0.320264,0.021012,0.152195
426,0.327527,0.355362,0.173896,0.359558,0.447502,0.117687,0.079374,0.312544,0.067896,0.141548,0.280138,0.206140,0.205008,0.036004,0.485734,0.225553,0.388806,0.231404,0.116530,0.004469,0.154246,0.234093,0.269836,0.311681,0.103980,0.410660,0.400687,0.092886,0.328100,0.251119,0.118483,0.257921,0.217496,0.250338,0.344633,0.319983,0.272188,0.266100,0.130047,0.053638,-0.012165,0.118427,0.264084,0.236516,0.473038,0.346113,0.225001,0.155768,0.382722,0.377360,0.485011,0.346616,0.429056,0.182729,0.082885,0.212581,0.425238,0.145484,0.145460,0.296357,0.223096,0.087658,0.267317,0.072686,0.218072,0.152531,0.240916,0.365214,0.138773,0.254668,0.395564,0.091969,0.121442,0.353605,0.531148,0.253417,0.477197,0.122442,0.381422,0.314702,0.142433,0.308976,0.295218,0.094546,0.127554,0.384687,0.273690,0.163385,0.260227,0.217157,0.421094,0.037404,-0.046948,0.015719,0.170541,0.246040,0.219935,0.323950,0.221924,0.048194,0.420299,0.119679,0.208092,0.298452,0.207859,0.250054,0.066870,0.446311,0.347720,0.236879,0.256494,0.594917,0.030468,0.083777,0.271670,0.398374,0.170181,-0.035075,0.263947,0.366582,0.268081,0.202640,0.309260,0.281016,0.141155,0.487070,0.218235,0.008294,0.115878,0.220412,0.241434,0.197953,0.116112,0.383559,0.110721,0.364300,0.069910,0.159489,0.581936,0.316811,0.427216,0.279749,0.371235,0.386531,0.152580,0.173090,0.333552,0.252010,1.000000,0.509635,0.248727,0.163079,0.123009,0.329950,0.067875,0.292443,0.274528,0.348034,0.194923,0.263530,0.230019,0.317971,0.279687,0.245988,0.192891,0.286392,0.252037,0.154570,0.216074,0.230232,0.407900,0.088474,0.093066,0.181498,0.196278,0.187696,0.143265,0.131156,0.224204,0.391722,0.030533,0.311328,0.173944,0.370677,0.302493,0.075443,0.327713,0.214374,0.318408,0.041800,0.271866,0.363154,0.217883,0.281961,0.234779,0.149984,0.187804,0.219763,0.244099,0.216613,0.124174,0.126831,0.327834,0.048021,0.154355,0.256532,0.466232,0.149735,0.134876,0.281935,0.222241,0.148136,0.145347,0.192573,0.375434,0.207229,0.145380,0.177059,0.557761,0.200171,0.171103,0.184229,0.443447,0.362811,0.080102,0.327197,0.110300,0.130916,0.203855,0.362968,0.307638,0.233144,0.423196,0.371747,0.075847,0.182517,0.304719,0.323636,0.236356,0.434627
427,0.313254,0.477800,0.247644,0.382513,0.335975,0.244576,0.163830,0.540852,0.186746,0.411468,0.268903,0.213006,0.341330,0.181203,0.560389,0.388135,0.329614,0.300339,0.242739,0.088376,0.320341,0.378731,0.344123,0.368732,0.144824,0.444423,0.321117,0.186350,0.425631,0.176156,0.206731,0.366404,0.296185,0.203025,0.406260,0.412187,0.272940,0.404431,0.291896,0.199406,0.167682,0.171398,0.445637,0.273988,0.508578,0.510071,0.285646,0.100330,0.444639,0.477701,0.344393,0.340608,0.505064,0.372328,0.108834,0.332233,0.434070,0.256600,0.248879,0.379957,0.222476,0.126208,0.453917,0.150548,0.297080,0.140888,0.284138,0.436376,0.258179,0.399054,0.373791,0.293587,0.254603,0.382750,0.438578,0.349699,0.478824,0.241480,0.398311,0.470937,0.283598,0.452879,0.330422,0.186822,0.233591,0.422649,0.405005,0.333036,0.491451,0.204549,0.494869,0.048915,0.054718,0.142221,0.247220,0.300940,0.203655,0.408013,0.428790,0.238509,0.391984,0.221149,0.319350,0.248832,0.346102,0.306637,0.138220,0.469417,0.496113,0.219781,0.248392,0.460215,0.102003,0.227830,0.329101,0.372627,0.292912,0.079353,0.275888,0.425230,0.351053,0.172839,0.371332,0.402287,0.310701,0.536014,0.315053,0.105542,0.252239,0.242202,0.391348,0.362866,0.210841,0.550742,0.220013,0.527238,0.265708,0.155261,0.396968,0.351302,0.454394,0.281138,0.532371,0.395436,0.174187,0.256167,0.444748,0.343738,0.509635,1.000000,0.328728,0.228095,0.172141,0.456864,0.216053,0.509919,0.370544,0.560831,0.307689,0.299119,0.310456,0.421518,0.189424,0.468293,0.351445,0.408743,0.363051,0.347301,0.295305,0.352984,0.418397,0.212578,0.214183,0.171527,0.279856,0.353968,0.224202,0.307445,0.326062,0.425258,0.050285,0.366673,0.324511,0.362457,0.314181,0.160260,0.485001,0.352877,0.400486,0.131815,0.492490,0.370094,0.381762,0.385868,0.320508,0.203735,0.253224,0.232741,0.475189,0.346147,0.316522,0.150623,0.385198,0.107967,0.215763,0.322560,0.376742,0.252392,0.181790,0.208658,0.224716,0.260631,0.187241,0.310348,0.441783,0.237785,0.229204,0.283964,0.571821,0.249698,0.166490,0.179876,0.495950,0.313335,0.034661,0.460246,0.294265,0.365651,0.289793,0.313645,0.327113,0.365267,0.592160,0.446753,0.199927,0.153552,0.311369,0.334582,0.199687,0.419916
431,0.185788,0.330595,0.215258,0.544261,0.266970,0.293319,0.239048,0.448015,0.252891,0.495306,0.583273,0.233288,0.194855,0.168228,0.280797,0.566316,0.388114,0.376262,0.442766,0.231486,0.205045,0.364121,0.371866,0.284153,0.143958,0.276392,0.184319,0.323212,0.471528,0.278681,0.465410,0.325112,0.350198,0.247814,0.353591,0.364048,0.155390,0.300556,0.281005,0.264921,0.255720,0.395367,0.275298,0.358252,0.216730,0.569693,0.172611,0.144188,0.507849,0.158282,0.314400,0.027551,0.478600,0.312651,0.148094,0.310086,0.278975,0.344453,0.167765,0.452504,0.185445,0.269433,0.373743,0.267665,0.477565,0.249102,0.279245,0.387542,0.319979,0.320190,0.231022,0.322137,0.332869,0.379296,0.354658,0.491323,0.438257,0.269026,0.435550,0.389594,0.282725,0.272534,0.340081,0.236645,0.259368,0.201788,0.354085,0.420005,0.314559,0.272213,0.196739,0.159810,0.116885,0.198411,0.285149,0.346802,0.310666,0.321917,0.253569,0.263969,0.400652,0.292014,0.375185,0.445295,0.111216,0.217847,0.103761,0.433056,0.321099,0.128279,0.178680,0.222878,0.131651,0.323060,0.314821,0.317505,0.204955,0.267050,0.310648,0.224818,0.356693,0.202118,0.411304,0.259371,0.286683,0.361132,0.524147,0.453422,0.393459,0.323773,0.279470,0.168302,0.161394,0.352603,0.232632,0.607267,0.287256,0.284696,0.402839,0.290649,0.214116,0.171903,0.325982,0.072967,0.377622,0.399373,0.202448,0.410218,0.248727,0.328728,1.000000,0.249548,0.205528,0.272559,0.091101,0.288283,0.128363,0.393202,0.488517,0.157851,0.405060,0.189976,0.106534,0.371785,0.241544,0.257781,0.352603,0.253542,0.247402,0.232484,0.226884,0.204485,0.172666,0.218900,0.190329,0.472183,0.179971,0.390248,0.537068,0.327916,0.095801,0.170773,0.349419,0.301447,0.272340,0.203832,0.381792,0.320332,0.321265,0.191326,0.408505,0.560813,0.318748,0.293101,0.084406,0.234148,0.276371,0.223599,0.149688,0.290339,0.309490,0.210443,0.446168,0.183307,0.443701,0.279693,0.163198,0.317286,0.172351,0.158389,0.358096,0.290391,0.244378,0.482445,0.445518,0.284069,0.325975,0.299795,0.427158,0.225656,0.176464,0.233551,0.242257,0.284821,0.137275,0.455863,0.304426,0.312835,0.195833,0.228230,0.336919,0.407881,0.475900,0.267568,0.073946,0.032130,0.170512,0.341838,0.002030,0.131186
432,0.035560,0.214689,0.403825,0.098481,0.131439,0.230701,0.544865,0.355314,0.291436,0.279941,0.108200,0.221646,0.160690,0.298956,0.167225,0.220024,0.154217,0.159965,0.308829,0.208356,0.211521,0.222485,0.186975,0.283491,0.223059,0.147149,0.129137,0.338458,0.139055,0.407277,0.111497,0.219574,0.235758,-0.008584,0.202088,0.261999,0.113415,0.261571,0.291606,0.273222,0.487603,0.296136,0.239240,0.244602,0.313387,0.309990,0.213555,0.163458,0.144071,0.142935,0.205033,0.095185,0.319381,0.063397,0.138739,0.273717,0.207785,0.165762,0.350434,0.443212,0.248167,0.163638,0.228101,0.171032,0.255396,0.125345,0.304330,0.301066,0.331300,0.349394,0.118088,0.289180,0.168374,0.161009,0.127099,0.204175,0.047472,0.087829,0.249590,0.264187,0.266339,0.190724,0.137563,0.178595,0.156616,0.185734,0.049624,0.207558,0.167107,0.161946,0.206449,0.173275,0.288091,0.535326,0.354724,0.161659,0.317935,0.320830,0.149987,0.268569,0.248130,0.123164,0.391132,0.154179,0.222269,0.211118,0.120639,0.227961,0.207553,0.142191,0.151112,0.158846,0.442132,0.259405,0.102472,0.159136,0.321919,0.491986,0.179297,0.075785,0.199360,0.095391,0.198840,0.186158,0.386612,0.202766,0.173990,0.295745,0.187905,0.380756,0.242441,0.074621,0.223594,0.434482,0.353095,0.298867,0.205759,0.229934,0.110166,0.104219,0.209752,0.264449,0.279247,0.156848,0.112304,0.169294,0.068698,0.249040,0.163079,0.228095,0.249548,1.000000,0.483045,0.205555,0.198528,0.244297,0.188130,0.252910,0.224156,0.020369,0.182515,0.162406,0.100488,0.253865,0.345707,0.196495,0.153673,0.270701,0.407278,0.080355,0.109157,0.155413,0.248208,0.172584,0.156683,0.250547,0.124998,0.179906,0.135822,0.170330,0.153293,0.161546,0.353063,0.205858,0.187685,0.357843,0.201734,0.217981,0.066971,0.072398,0.308627,0.168552,0.347587,0.097830,0.263446,0.324076,0.246669,0.208583,0.218882,0.072939,0.246994,0.107203,0.309186,0.477401,0.305326,0.180688,0.134634,0.320643,0.253577,0.105779,0.239124,0.350424,0.057691,0.309266,0.222882,0.496552,0.250905,0.350484,0.160323,0.241995,0.091197,0.182552,0.113186,0.044173,0.280430,0.248994,0.371946,0.241656,0.188770,0.047039,0.301628,0.272905,0.298302,0.162230,0.211077,0.346249,0.212882,0.178828,0.038770,0.160943
434,0.130920,0.182267,0.450893,0.098541,0.176930,0.200892,0.296111,0.205260,0.273617,0.244775,0.214054,0.193843,0.285295,0.424844,0.116269,0.144563,0.115779,0.071307,0.246785,0.234092,0.090781,0.232654,0.177759,0.271131,0.275561,0.113897,0.094095,0.196712,0.235267,0.420141,0.247827,0.134692,0.232517,0.109156,0.208461,0.280556,0.045070,0.308558,0.184446,0.301494,0.305141,0.252197,0.187129,0.158515,0.113182,0.306515,0.185445,0.128411,0.097403,0.036020,0.144697,0.022137,0.270717,0.053109,0.072851,0.184533,0.192911,0.044409,0.438017,0.273624,0.124833,0.261667,0.197020,0.297102,0.135913,0.153562,0.389660,0.265266,0.371274,0.381337,0.078721,0.253672,0.110326,0.124061,0.064471,0.223450,0.027615,0.130001,0.206585,0.260522,0.248721,0.118080,0.139745,0.064157,0.067519,0.114100,0.048435,0.239236,0.214377,0.153229,0.191487,0.194549,0.214656,0.262641,0.295191,0.181286,0.410079,0.259167,0.232264,0.217543,0.153137,0.049487,0.277627,0.133310,0.158775,0.250881,0.287750,0.318084,0.159386,0.186919,0.079728,0.080542,0.341728,0.278157,0.065141,0.167343,0.282215,0.287299,0.155085,0.074522,0.156189,0.091458,0.101376,0.137201,0.266202,0.132433,0.168541,0.244865,0.129569,0.365105,0.416930,0.141085,0.267262,0.313106,0.372419,0.226034,0.225621,0.158772,0.066654,0.137965,0.130033,0.115242,0.225849,0.096839,0.125632,0.142311,0.051926,0.167150,0.123009,0.172141,0.205528,0.483045,1.000000,0.142381,0.353093,0.224017,0.116878,0.231158,0.216088,0.072694,0.140066,0.100893,0.117145,0.098241,0.240428,0.120175,0.248442,0.079290,0.359359,0.119738,0.067555,0.123873,0.232537,0.218357,0.153329,0.108744,0.093767,0.163123,0.144862,0.258242,0.345384,0.221240,0.340336,0.100133,0.097226,0.200657,0.241747,0.070430,0.022831,0.024362,0.219985,0.140345,0.278355,0.038023,0.245438,0.215917,0.223692,0.144696,0.084089,0.094141,0.229192,0.081360,0.271850,0.413325,0.226563,0.202246,0.128971,0.236173,0.164021,0.290482,0.121737,0.291364,0.070368,0.212981,0.085707,0.381111,0.228183,0.226425,0.122796,0.190171,0.096298,0.106108,0.076140,0.044092,0.357623,0.178896,0.234532,0.158754,0.394968,0.041345,0.288597,0.223004,0.181059,0.143765,0.318193,0.316323,0.231861,0.210947,0.009005,0.236233
439,0.325915,0.393997,0.260261,0.302565,0.216071,0.228465,0.128910,0.562446,0.243871,0.319522,0.217900,0.313131,0.267109,0.172370,0.321443,0.370268,0.286918,0.553227,0.340137,0.184121,0.214234,0.285052,0.409360,0.462785,0.248953,0.149888,0.144950,0.211779,0.399939,0.219989,0.130252,0.449328,0.337962,0.234680,0.383164,0.424374,0.132037,0.404921,0.188283,0.227626,0.182685,0.203789,0.357756,0.293622,0.274324,0.420328,0.574449,0.120342,0.311212,0.297582,0.378937,0.226428,0.461104,0.242807,0.087770,0.450821,0.441716,0.249027,0.190281,0.420334,0.242786,0.184229,0.400123,0.133435,0.258061,0.367162,0.251506,0.331725,0.238474,0.312546,0.283032,0.161758,0.264368,0.271768,0.400852,0.382871,0.294439,0.226194,0.284609,0.314305,0.327702,0.362556,0.397318,0.201351,0.291971,0.388469,0.212683,0.315053,0.253388,0.266930,0.432693,0.202640,0.079808,0.042073,0.430432,0.267319,0.239299,0.524301,0.214556,0.238149,0.393353,0.186829,0.374634,0.553771,0.149768,0.211914,0.123379,0.350115,0.306938,0.084149,0.511435,0.448230,0.053734,0.207649,0.273100,0.630842,0.236630,0.136525,0.363242,0.330678,0.549001,0.192052,0.620881,0.257974,0.226911,0.684253,0.350855,0.183871,0.266716,0.196124,0.257282,0.251458,0.173141,0.419364,0.128418,0.422663,0.102234,0.238173,0.421924,0.255595,0.394580,0.528582,0.390707,0.278580,0.316194,0.515855,0.324901,0.299732,0.329950,0.456864,0.272559,0.205555,0.142381,1.000000,0.138536,0.265958,0.168537,0.462412,0.325063,0.246384,0.291772,0.405049,0.619367,0.280307,0.298697,0.296225,0.212346,0.289153,0.223843,0.229327,0.362226,0.106151,0.131031,0.144440,0.237980,0.373917,0.372955,0.215097,0.220780,0.247396,0.112163,0.243363,0.208144,0.301826,0.575825,0.158777,0.255087,0.493462,0.312831,0.198924,0.430259,0.431843,0.429535,0.272877,0.269805,0.187628,0.259710,0.319642,0.281976,0.197047,0.292895,0.430594,0.421133,0.135352,0.394270,0.330289,0.297959,0.284059,0.119383,0.012176,0.326499,0.206839,0.445830,0.319268,0.434513,0.324387,0.320139,0.242617,0.354664,0.098250,0.286524,0.329410,0.364932,0.482696,0.108192,0.301625,0.323629,0.240657,0.251557,0.399736,0.354898,0.306862,0.456663,0.651453,0.179650,0.074503,0.296492,0.301015,0.171527,0.338749
443,0.304146,0.155539,0.268296,0.058404,0.084705,0.273473,0.252234,0.164787,0.151357,0.278005,0.164684,0.128306,0.236404,0.247776,0.112160,0.204834,0.149191,0.097848,0.166723,0.225673,0.203006,0.294444,0.170924,0.227177,0.301187,0.141540,0.033833,0.308733,0.210327,0.420198,0.130827,0.095579,0.207613,0.068625,0.238947,0.208092,0.036545,0.336469,0.233867,0.190216,0.201177,0.223596,0.134479,0.154864,0.154282,0.310642,0.119838,0.192469,0.070180,-0.015084,0.193077,0.038297,0.240521,0.241763,0.194515,0.200445,0.162715,0.231839,0.491155,0.236782,0.256171,0.217932,0.280272,0.332192,0.200261,0.130726,0.219496,0.221544,0.402776,0.469452,0.109662,0.150263,0.241610,0.088932,0.116706,0.198066,0.028566,0.059325,0.266154,0.271166,0.162921,0.218950,0.116470,0.210105,0.242474,0.128407,0.020112,0.226815,0.202508,0.182721,0.196245,0.051074,0.207521,0.087864,0.173014,0.129480,0.426801,0.231930,0.194782,0.200427,0.149100,0.287476,0.330109,0.067954,0.164868,0.282295,0.268699,0.200321,0.144747,0.139054,0.116628,0.143156,0.186838,0.203779,0.088419,0.153070,0.253931,0.113289,0.173108,0.046119,0.213743,0.057767,0.098096,0.144593,0.336209,0.104753,0.115293,0.067391,0.138636,0.352288,0.268637,0.171038,0.074875,0.266466,0.361933,0.212506,0.242390,0.125325,0.093815,0.165908,0.231925,0.132929,0.280702,0.088743,0.089075,0.153306,0.082435,0.247812,0.067875,0.216053,0.091101,0.198528,0.353093,0.138536,1.000000,0.325417,0.132509,0.151185,0.121238,0.294693,0.070276,0.093542,0.047204,0.176818,0.203519,0.331362,0.116771,0.210787,0.370103,0.411399,0.128391,0.437342,0.351175,0.235445,0.462044,0.160384,0.046864,0.336160,0.139192,0.153483,0.214160,0.229273,0.297783,0.075704,0.150388,0.135111,0.244202,0.128890,0.107578,0.117503,0.252787,0.206446,0.250498,0.068417,0.105418,0.175321,0.188760,0.136548,0.168032,0.225329,0.137259,0.103146,0.282142,0.201946,0.223022,0.212431,0.082634,0.141966,0.173962,0.378038,0.141201,0.348128,0.011086,0.176301,0.164899,0.364767,0.195356,0.180313,0.188390,0.155951,0.112391,0.100979,0.059005,0.080758,0.473912,0.193413,0.207401,0.140617,0.231591,0.108094,0.102624,0.184398,0.206079,0.152334,0.386091,0.119436,0.196814,0.247912,-0.051850,0.209000
444,0.288582,0.228450,0.369785,0.352350,0.195018,0.251512,0.217266,0.337086,0.240225,0.455057,0.318417,0.142712,0.229163,0.282728,0.394735,0.390283,0.304024,0.349417,0.263852,0.084211,0.355967,0.304146,0.295633,0.474217,0.331706,0.283242,0.253751,0.444811,0.450156,0.158502,0.179744,0.420628,0.347947,0.227425,0.324953,0.503316,0.211073,0.317185,0.375030,0.231058,0.179502,0.378323,0.148104,0.163658,0.408718,0.480671,0.340387,0.048942,0.338046,0.280628,0.281701,0.168782,0.479281,0.335761,0.182619,0.187824,0.316209,0.257451,0.313008,0.336152,0.406513,0.117263,0.470386,0.317765,0.503613,0.102928,0.438820,0.391912,0.330324,0.412040,0.095909,0.372476,0.303470,0.376486,0.399450,0.329602,0.453546,0.022347,0.309077,0.522511,0.420720,0.309349,0.335926,0.180846,0.153742,0.344026,0.346381,0.172427,0.315033,0.080696,0.475289,0.204621,0.080444,0.261456,0.123449,0.141892,0.225494,0.488139,0.236937,0.351908,0.413237,0.244134,0.296884,0.212167,0.381509,0.275647,0.157195,0.384971,0.433941,0.168412,0.193375,0.280994,0.151311,0.357788,0.297470,0.254737,0.371697,0.169763,0.152407,0.277977,0.361886,0.168195,0.346569,0.314777,0.285406,0.380489,0.304997,0.154804,0.244946,0.372386,0.388466,0.170760,0.233066,0.371980,0.241294,0.474479,0.282238,0.280111,0.316799,0.498625,0.463103,0.362908,0.653820,0.191442,0.153684,0.296744,0.302113,0.433924,0.292443,0.509919,0.288283,0.244297,0.224017,0.265958,0.325417,1.000000,0.562453,0.382059,0.229362,0.325643,0.182093,0.422905,0.183996,0.382833,0.290673,0.303122,0.332192,0.354196,0.236073,0.344082,0.388351,0.312577,0.247813,0.124651,0.281451,0.354356,0.152389,0.216622,0.394195,0.380890,0.150693,0.355628,0.367130,0.284896,0.308017,0.320525,0.538979,0.265961,0.344110,0.055092,0.284427,0.289694,0.405364,0.195325,0.337836,0.199918,0.323998,0.135534,0.389513,0.302433,0.335320,0.112725,0.335507,0.018620,0.316078,0.377190,0.367668,0.390450,0.169931,0.214515,0.238220,0.378549,0.224418,0.237989,0.395209,0.355188,0.326708,0.325840,0.475904,0.314298,0.123924,0.171896,0.331790,0.197624,0.266568,0.356390,0.373859,0.374827,0.380303,0.206852,0.399639,0.202026,0.458899,0.331378,0.162832,0.095032,0.132120,0.342585,0.086231,0.176408
453,0.195379,0.073856,0.209004,0.122554,0.149776,0.047012,0.121654,0.228323,0.062112,0.226414,0.205499,0.047194,0.076609,0.180507,0.276905,0.122149,0.183915,0.102608,0.168285,-0.061307,0.176352,0.127561,0.059199,0.255641,0.157869,0.183531,0.238779,0.268268,0.207260,0.047742,-0.022574,0.218709,0.175710,0.138639,0.195744,0.265485,0.078390,0.073571,0.161756,0.146060,0.014714,0.096105,0.054632,0.068611,0.421833,0.268990,0.296947,0.020536,0.151701,0.188342,0.094970,0.141968,0.196989,0.105803,0.106127,0.053310,0.259269,0.109074,0.175864,0.163178,0.302483,0.037730,0.244856,0.122299,0.237943,0.004043,0.232543,0.207329,0.111646,0.244324,0.015291,0.152993,0.058841,0.172242,0.259823,0.121530,0.226171,-0.048150,0.082029,0.368004,0.121549,0.174193,0.244694,0.004343,0.001408,0.304006,0.172943,0.019536,0.074459,-0.026799,0.461379,0.136386,-0.008537,0.172284,0.074705,-0.040039,0.074562,0.304831,0.033264,0.125786,0.252313,0.102234,0.124969,0.106558,0.267768,0.069700,0.120688,0.179808,0.201097,0.009770,0.090472,0.209801,0.035021,0.212656,0.217289,0.189094,0.217914,0.085944,0.063694,0.159896,0.230774,0.027325,0.128367,0.185010,0.101412,0.204130,0.099761,0.073467,0.019806,0.214223,0.235031,0.044813,0.087263,0.216237,0.130916,0.299692,0.207965,0.298614,0.265884,0.230799,0.216502,0.224406,0.417063,0.133874,0.068450,0.062901,0.280951,0.267903,0.274528,0.370544,0.128363,0.188130,0.116878,0.168537,0.132509,0.562453,1.000000,0.269703,0.104119,0.207198,0.044374,0.368071,0.101215,0.172194,0.148949,0.119022,0.241117,0.212038,0.041199,0.119564,0.229356,0.096776,0.085720,0.052186,0.206474,0.182054,0.036941,0.020669,0.156559,0.150674,0.080102,0.279407,0.073881,0.101452,0.187587,0.128373,0.288095,0.080991,0.146181,-0.021711,0.102504,0.132327,0.198478,0.065774,0.364715,0.062530,0.293805,0.062990,0.373187,0.081123,0.179733,0.062332,0.101338,-0.038072,0.215184,0.190751,0.433671,0.277801,0.047556,0.215892,0.029273,0.211047,0.087236,0.053221,0.217496,0.191689,0.173683,0.145275,0.286190,0.191090,-0.004907,0.088212,0.199847,0.151024,0.114418,0.098491,0.189028,0.195858,0.196104,0.133137,0.243035,0.104519,0.227306,0.184223,0.144102,0.028367,0.035637,0.137273,0.077840,0.118704
455,0.217112,0.475877,0.355753,0.514440,0.401200,0.305845,0.230782,0.608671,0.298727,0.488954,0.376977,0.381881,0.340736,0.256851,0.358319,0.554193,0.360944,0.323517,0.272593,0.163512,0.286398,0.334175,0.466577,0.379521,0.134162,0.206817,0.292216,0.247480,0.421907,0.211874,0.361939,0.412756,0.300002,0.265166,0.397450,0.399124,0.213118,0.532999,0.302895,0.287007,0.234455,0.257862,0.533429,0.424352,0.405331,0.505810,0.263898,0.239037,0.342900,0.375475,0.271835,0.149806,0.492793,0.407128,0.105868,0.397368,0.450711,0.270486,0.232446,0.548291,0.260527,0.347597,0.437301,0.162819,0.370081,0.290422,0.357614,0.507177,0.330907,0.420393,0.296541,0.335604,0.246757,0.315268,0.400388,0.589111,0.352904,0.381021,0.389551,0.451917,0.298518,0.497353,0.330329,0.135974,0.308651,0.372422,0.399658,0.377030,0.493253,0.328046,0.345089,0.049529,0.106154,0.153561,0.326095,0.412327,0.279919,0.348732,0.454698,0.219295,0.418241,0.305427,0.380302,0.331648,0.288410,0.367670,0.187427,0.454803,0.487723,0.188972,0.237441,0.380978,0.089378,0.365324,0.410214,0.421356,0.207997,0.080311,0.353440,0.383190,0.424823,0.237872,0.442932,0.377579,0.308986,0.483625,0.516681,0.296757,0.442913,0.235188,0.479977,0.385198,0.322451,0.489478,0.229644,0.562564,0.297885,0.296699,0.367481,0.373043,0.288455,0.272225,0.547306,0.206196,0.262242,0.334511,0.368932,0.404137,0.348034,0.560831,0.393202,0.252910,0.231158,0.462412,0.151185,0.382059,0.269703,1.000000,0.470751,0.173387,0.472075,0.328423,0.228241,0.470852,0.333960,0.333823,0.398577,0.365574,0.304540,0.205348,0.291029,0.118821,0.112872,0.222753,0.266409,0.525444,0.265996,0.433572,0.369257,0.361262,0.115057,0.254070,0.371817,0.362165,0.363022,0.141590,0.413512,0.374025,0.394686,0.164938,0.642583,0.453709,0.433230,0.423791,0.256655,0.281415,0.320960,0.413079,0.285607,0.310834,0.382943,0.293131,0.389623,0.211833,0.353789,0.472803,0.324727,0.282182,0.149494,0.118051,0.355863,0.298956,0.331836,0.450535,0.517323,0.339313,0.232533,0.296586,0.525107,0.206979,0.286733,0.313162,0.404559,0.331662,0.072697,0.412275,0.374512,0.400507,0.368702,0.298741,0.446890,0.490139,0.569222,0.404320,0.197361,0.186413,0.340763,0.315117,0.167640,0.382256
460,0.152269,0.346854,0.283758,0.402485,0.351759,0.431418,0.236317,0.340662,0.349287,0.418573,0.455571,0.404858,0.273450,0.274013,0.148341,0.466145,0.337629,0.320192,0.438447,0.340469,0.246435,0.321344,0.424752,0.254301,0.171943,0.128190,0.189998,0.181141,0.414745,0.285610,0.314599,0.235803,0.209284,0.272657,0.358143,0.360330,0.193832,0.525495,0.225080,0.217857,0.201809,0.220037,0.432566,0.450982,0.173764,0.439399,0.282796,0.184568,0.302985,0.151403,0.147672,-0.027790,0.323411,0.323436,0.081877,0.456185,0.146245,0.226661,0.236769,0.405089,0.146416,0.308093,0.325377,0.246894,0.312316,0.369077,0.307215,0.513232,0.433724,0.331156,0.174789,0.258356,0.267831,0.206228,0.235307,0.453138,0.228988,0.313260,0.307149,0.301666,0.225723,0.355562,0.147524,0.159058,0.260355,0.225936,0.316569,0.475901,0.399924,0.359244,0.148369,0.146519,0.161530,0.161976,0.435904,0.335927,0.317294,0.237686,0.353483,0.136071,0.342018,0.203000,0.367737,0.478021,0.137781,0.231226,0.138565,0.299267,0.408837,0.121515,0.317135,0.301978,0.121560,0.285813,0.343900,0.289901,0.157457,0.141267,0.454006,0.230495,0.351165,0.275223,0.413514,0.381729,0.424667,0.357978,0.443845,0.314281,0.344692,0.343869,0.370332,0.311974,0.235952,0.381892,0.281544,0.420939,0.286790,0.258223,0.249094,0.175731,0.271512,0.248849,0.266503,0.038421,0.529970,0.299455,0.226285,0.354333,0.194923,0.307689,0.488517,0.224156,0.216088,0.325063,0.121238,0.229362,0.104119,0.470751,1.000000,0.174072,0.411032,0.137827,0.165182,0.328165,0.295502,0.226678,0.337381,0.187040,0.306955,0.249899,0.121573,0.213282,0.175814,0.249859,0.182337,0.418851,0.261646,0.341294,0.460964,0.204874,0.200878,0.249032,0.283762,0.236907,0.391008,0.161863,0.276836,0.293579,0.170164,0.300885,0.404216,0.449206,0.283446,0.244497,0.104569,0.224905,0.380814,0.437046,0.181462,0.149917,0.283223,0.401734,0.333512,0.254201,0.448152,0.431247,0.097505,0.297426,0.150099,0.102885,0.444317,0.304827,0.283848,0.423269,0.290488,0.353386,0.199988,0.259331,0.361447,0.160519,0.380574,0.257599,0.227854,0.227570,0.097746,0.306925,0.235471,0.309984,0.271375,0.077282,0.280653,0.485888,0.380480,0.271221,0.094833,0.086495,0.226801,0.297735,-0.074659,0.140923
468,0.694874,0.099061,0.208645,0.130027,0.231981,0.203420,0.083213,0.182000,0.117773,0.141807,0.184573,0.173205,0.118043,0.073821,0.140997,0.130976,0.364728,0.212125,0.122859,0.240540,0.278512,0.156121,0.291934,0.190258,0.220522,0.377077,0.039403,0.193134,0.293469,0.212582,0.176994,0.166577,0.206321,0.156024,0.518506,0.288074,0.096381,0.173501,0.177500,0.039632,0.017138,0.062010,0.051901,0.178233,0.240484,0.300147,0.233919,0.102975,0.361334,0.106347,0.331977,0.136192,0.292592,0.231262,0.302791,0.164819,0.142028,0.201770,0.187064,0.203432,0.219991,0.076152,0.353411,0.235094,0.147097,0.146053,0.223193,0.218121,0.148094,0.264042,0.255304,0.150122,0.282334,0.165726,0.229422,0.165093,0.351467,0.095618,0.297843,0.308531,0.131793,0.232067,0.207085,0.193954,0.119793,0.223955,0.158766,0.156155,0.097883,0.145898,0.152305,0.119894,0.097947,0.056131,0.137027,0.086644,0.216248,0.235423,0.053418,0.079707,0.252162,0.231190,0.202977,0.175243,0.176090,0.172356,0.184160,0.240127,0.257783,0.062924,0.186331,0.224633,0.079635,0.097649,0.164205,0.241135,0.173445,0.124186,0.288376,0.160220,0.185673,0.152227,0.254308,0.189302,0.126179,0.292535,0.183270,0.043330,0.007081,0.240428,0.126760,0.209688,0.045742,0.252830,0.117139,0.290269,0.197883,0.033694,0.242456,0.197495,0.473256,0.309725,0.237787,0.181873,0.168227,0.166139,0.209779,0.202187,0.263530,0.299119,0.157851,0.020369,0.072694,0.246384,0.294693,0.325643,0.207198,0.173387,0.174072,1.000000,0.091711,0.217344,0.276737,0.158347,0.169093,0.341664,0.105139,0.131845,0.168376,0.533972,0.256907,0.453256,0.192121,0.424047,0.472454,0.111765,0.133196,0.147877,0.256521,0.133725,0.036645,0.364273,0.213566,0.090215,0.292753,0.034830,0.222274,0.174041,0.140272,0.029645,0.084886,0.204159,0.200820,0.080335,0.184598,0.162072,0.143539,0.194746,0.198608,0.182843,0.119101,0.150747,0.241153,0.051172,0.092977,0.300541,0.107373,0.180081,0.264866,0.277635,0.113636,0.174927,0.230317,0.179759,0.241691,0.209116,0.185900,0.135340,0.297927,0.003294,0.236002,0.190343,0.169865,0.142479,0.096650,0.199419,0.059984,0.227027,0.166097,0.144381,0.112548,0.116009,0.248214,0.208597,0.241419,-0.038528,0.112435,0.322845,0.099798,0.166909
472,0.173396,0.418046,0.115888,0.470839,0.198145,0.236655,0.188442,0.400073,0.195768,0.277162,0.370368,0.241076,0.206447,0.134813,0.278450,0.323659,0.248596,0.235136,0.241785,0.098788,0.160736,0.283216,0.313581,0.213550,0.115261,0.159799,0.386141,0.166143,0.311733,0.150694,0.348782,0.192609,0.113878,0.276993,0.312392,0.196618,0.173494,0.365344,0.112293,0.087155,0.148985,0.152803,0.363848,0.340893,0.237447,0.401092,0.127380,0.161695,0.219779,0.305059,0.256595,0.133398,0.449758,0.273407,0.206511,0.260132,0.240701,0.173704,0.125767,0.384841,0.071277,0.326326,0.340751,0.115558,0.277879,0.171080,0.090896,0.468542,0.228026,0.267775,0.205189,0.212153,0.150537,0.364744,0.375070,0.495458,0.320165,0.311043,0.208571,0.229439,0.177196,0.468617,0.108177,0.090747,0.238782,0.239350,0.312579,0.309675,0.321693,0.222805,0.258031,-0.090263,0.075471,0.074847,0.197155,0.401800,0.175840,0.197476,0.341466,0.122150,0.222653,0.216341,0.254786,0.310694,0.140597,0.242212,0.063494,0.389994,0.323318,0.075747,0.113517,0.347829,0.103199,0.157830,0.375215,0.281327,0.102875,0.150822,0.277455,0.432677,0.204568,0.056176,0.272568,0.302174,0.235801,0.364051,0.524290,0.313530,0.413896,0.188094,0.273408,0.223718,0.260498,0.275222,0.172409,0.391988,0.163285,0.120627,0.391587,0.233692,0.249315,0.165488,0.277626,0.181642,0.168319,0.225985,0.382185,0.300388,0.230019,0.310456,0.405060,0.182515,0.140066,0.291772,0.070276,0.182093,0.044374,0.472075,0.411032,0.091711,1.000000,0.266855,0.164780,0.238408,0.199627,0.277183,0.153328,0.205614,0.138355,0.154605,0.262785,0.047965,0.110536,0.207266,0.191939,0.362350,0.148315,0.304300,0.320826,0.251033,0.088765,0.140240,0.277151,0.440924,0.173198,0.121264,0.225616,0.196253,0.492619,0.122987,0.477339,0.419141,0.251296,0.351773,0.038702,0.040679,0.185781,0.297791,0.113808,0.311986,0.243782,0.198277,0.413331,0.179714,0.253082,0.311475,0.146089,0.143992,0.248877,0.059027,0.301913,0.170164,0.172170,0.404596,0.480172,0.240741,0.104994,0.170310,0.322899,0.148955,0.134610,0.115116,0.419540,0.316061,0.049496,0.252856,0.235593,0.257270,0.153179,0.197413,0.227969,0.468992,0.447419,0.252980,0.070528,0.111661,0.177176,0.177623,0.197999,0.254099
473,0.263912,0.281038,0.269186,0.379394,0.071512,0.101591,0.106834,0.327629,0.124589,0.290997,0.131895,0.109240,0.172760,0.096257,0.388164,0.136526,0.193898,0.316292,0.214098,-0.026851,0.140016,0.277926,0.217775,0.476017,0.238803,0.243981,0.216046,0.222346,0.246810,0.135241,0.024804,0.369430,0.240256,0.318450,0.105388,0.353029,0.068326,0.213123,0.096203,0.187677,0.064435,0.153887,0.254272,0.102137,0.214506,0.401739,0.424899,0.099492,0.214217,0.324666,0.419586,0.292469,0.418095,0.156049,0.115813,0.189871,0.364454,0.159742,0.215640,0.308806,0.317701,0.029893,0.328015,0.084610,0.322182,0.098643,0.231465,0.289923,0.121347,0.113485,0.156086,0.120832,0.252552,0.409544,0.437516,0.204544,0.385987,0.035103,0.156965,0.469239,0.281059,0.262644,0.333990,0.129695,0.088674,0.529780,0.254875,0.181425,0.241340,0.063822,0.570150,0.095124,-0.019190,0.021268,0.111301,0.150737,0.086300,0.438457,0.185472,0.224839,0.354785,0.215384,0.221055,0.270477,0.356724,0.200298,0.037568,0.268349,0.285412,0.294389,0.283105,0.334524,0.085135,0.173935,0.282333,0.343184,0.292704,0.134120,0.160012,0.465813,0.364214,0.031009,0.405472,0.363204,0.189766,0.502927,0.272580,0.070158,0.111802,0.268671,0.219089,0.194336,0.130533,0.344708,0.178256,0.364334,0.057787,0.194389,0.378339,0.343340,0.436230,0.429207,0.409140,0.363111,0.155891,0.307749,0.436283,0.235482,0.317971,0.421518,0.189976,0.162406,0.100893,0.405049,0.093542,0.422905,0.368071,0.328423,0.137827,0.217344,0.266855,1.000000,0.373378,0.267260,0.166702,0.340205,0.162847,0.265880,0.081085,0.261076,0.508834,0.138169,0.157049,0.005513,0.158161,0.333644,0.184504,0.064669,0.310884,0.368142,0.065977,0.341569,0.184777,0.274104,0.360004,0.379380,0.298517,0.272594,0.390901,0.021288,0.159134,0.245730,0.275607,0.285455,0.414094,0.144430,0.167240,0.105193,0.323527,0.162601,0.325400,0.161897,0.357929,0.013459,0.280379,0.352553,0.370029,0.250164,0.168709,0.120593,0.147839,0.260787,0.269501,0.191136,0.401332,0.317937,0.163274,0.231312,0.369964,0.217457,0.155783,0.173087,0.482353,0.342260,0.084902,0.290648,0.303639,0.244976,0.285339,0.349455,0.360793,0.068476,0.435428,0.430693,0.025963,0.111224,0.138341,0.279291,0.362476,0.231135
478,0.343131,0.180984,0.205355,0.217086,0.095516,0.091879,0.032850,0.378997,0.120371,0.241762,0.143280,0.202106,0.063330,0.035791,0.201350,0.124724,0.246359,0.477087,0.160812,0.060830,0.173053,0.118731,0.190292,0.391001,0.189424,0.193598,0.026420,0.169810,0.265869,0.239355,0.006259,0.346416,0.306737,0.191693,0.199991,0.320427,0.065616,0.285154,0.038099,0.065967,0.035695,0.196005,0.197867,0.205032,0.132250,0.300878,0.539721,0.123123,0.299252,0.200372,0.366496,0.183250,0.392636,0.096230,-0.016336,0.344391,0.268900,0.157376,0.149394,0.347565,0.214868,0.046700,0.213479,0.012535,0.210471,0.262901,0.219910,0.191934,0.128492,0.195179,0.203640,0.051870,0.204752,0.320557,0.418673,0.177132,0.290225,0.024591,0.231246,0.238002,0.244319,0.198724,0.421972,0.015227,0.084638,0.367044,0.195087,0.209190,0.102324,0.153579,0.292378,0.186211,0.048154,-0.052735,0.271567,0.060160,0.190966,0.483887,0.023830,0.134218,0.332279,0.115923,0.302988,0.460920,0.143951,0.113558,0.125573,0.213223,0.187285,0.073362,0.421847,0.358899,0.019454,0.070328,0.181778,0.634070,0.195157,0.062672,0.280139,0.303961,0.419856,0.069872,0.528029,0.135901,0.088846,0.537794,0.205129,0.028242,0.138611,0.238100,0.140898,0.076770,0.050828,0.284840,0.161765,0.288267,0.000988,0.095348,0.419434,0.225824,0.381565,0.561252,0.223254,0.248723,0.289851,0.433861,0.218598,0.245538,0.279687,0.189424,0.106534,0.100488,0.117145,0.619367,0.047204,0.183996,0.101215,0.228241,0.165182,0.276737,0.164780,0.373378,1.000000,0.116422,0.127179,0.174586,0.087024,0.132403,0.127780,0.153829,0.401437,0.109739,0.080716,0.015620,0.055115,0.226252,0.355918,-0.000640,0.112303,0.141477,0.088210,0.191619,0.155773,0.204420,0.507906,0.165582,0.173986,0.411828,0.292832,0.115112,0.168667,0.180653,0.212492,0.221728,0.249271,0.054003,0.133229,0.250145,0.146314,0.132375,0.191241,0.425768,0.246871,0.038552,0.237383,0.228329,0.239449,0.158650,-0.002968,0.047885,0.232164,0.162157,0.441720,0.114221,0.376299,0.313656,0.191117,0.086630,0.234263,0.109389,0.283287,0.320929,0.310318,0.484022,0.083934,0.109982,0.139663,0.081192,0.160950,0.365564,0.256065,0.126460,0.294895,0.514348,0.057878,0.123803,0.127857,0.194571,0.180649,0.216891
479,0.130515,0.283208,0.266218,0.366494,0.357960,0.265316,0.232084,0.424550,0.322984,0.461136,0.262798,0.182904,0.192889,0.145495,0.282230,0.529954,0.429156,0.417064,0.330725,0.116372,0.177432,0.253694,0.548790,0.358372,0.160490,0.302611,0.153848,0.317476,0.342261,0.162209,0.282914,0.552643,0.276152,0.158250,0.327006,0.413894,0.207430,0.380450,0.543751,0.480869,0.270704,0.337908,0.369832,0.333898,0.341885,0.485065,0.249179,0.070402,0.447136,0.218639,0.213395,0.127591,0.356797,0.568586,0.076610,0.375181,0.158156,0.433170,0.179541,0.402225,0.405041,0.158083,0.380593,0.187609,0.383181,0.126795,0.299418,0.313334,0.258845,0.356331,0.260326,0.265998,0.305982,0.251161,0.396004,0.353093,0.365362,0.221858,0.340644,0.365842,0.335494,0.348262,0.226269,0.340534,0.373481,0.262841,0.234545,0.360428,0.401856,0.217712,0.269479,0.035590,0.072187,0.279234,0.254445,0.293359,0.197837,0.356139,0.354550,0.282321,0.552741,0.483612,0.311571,0.219461,0.354607,0.260274,0.016106,0.323065,0.362405,0.138006,0.280330,0.249470,0.168051,0.260332,0.400071,0.222040,0.327333,0.173113,0.200088,0.233509,0.550996,0.355068,0.450454,0.290165,0.356487,0.378112,0.324391,0.185821,0.323414,0.257129,0.276996,0.300058,0.162053,0.420729,0.189805,0.472523,0.312088,0.192365,0.294548,0.285908,0.277892,0.279485,0.482760,0.153175,0.304346,0.395192,0.282981,0.374096,0.245988,0.468293,0.371785,0.253865,0.098241,0.280307,0.176818,0.382833,0.172194,0.470852,0.328165,0.158347,0.238408,0.267260,0.116422,1.000000,0.291942,0.326121,0.284521,0.592886,0.408492,0.223729,0.226951,0.215115,0.171688,0.087185,0.162536,0.572800,0.228912,0.374958,0.368647,0.244368,0.149451,0.230309,0.285936,0.272991,0.331062,0.359328,0.360562,0.552248,0.264275,0.087911,0.415576,0.326789,0.399662,0.294420,0.202130,0.553622,0.312692,0.197157,0.255325,0.201812,0.375915,0.188361,0.326402,0.088960,0.335155,0.395281,0.195778,0.336284,0.128235,0.027248,0.320739,0.298771,0.367369,0.442336,0.391344,0.313218,0.259789,0.345183,0.527045,0.340478,0.190462,0.239741,0.213911,0.125402,0.183724,0.557792,0.417310,0.411272,0.285321,0.134519,0.239534,0.350053,0.434987,0.267424,0.134472,0.090771,0.174449,0.243834,0.012871,0.072100
481,0.125657,0.371415,0.369655,0.174556,0.238001,0.448082,0.417896,0.415372,0.325234,0.426141,0.213968,0.279477,0.224144,0.293005,0.203978,0.302671,0.282604,0.210808,0.272702,0.235870,0.348984,0.323167,0.349269,0.402500,0.252910,0.144078,0.038258,0.260998,0.316463,0.361563,0.130190,0.201550,0.257077,0.132063,0.417356,0.467335,0.126419,0.342600,0.283166,0.226452,0.476895,0.306195,0.264440,0.263957,0.317630,0.414766,0.247802,0.128523,0.206969,0.120731,0.277123,0.098970,0.363850,0.212859,0.100522,0.264694,0.113851,0.260807,0.210924,0.446128,0.217606,0.187962,0.413801,0.201107,0.277327,0.137315,0.408633,0.297984,0.293272,0.280248,0.285233,0.426467,0.296527,0.102954,0.220861,0.293511,0.226910,0.137907,0.314618,0.377418,0.469511,0.222533,0.152072,0.243917,0.199395,0.163110,0.170310,0.223803,0.284569,0.185822,0.233673,0.179421,0.470543,0.265440,0.290742,0.295266,0.394632,0.380041,0.284629,0.385367,0.430177,0.107915,0.438788,0.232691,0.315944,0.246834,0.099960,0.272509,0.381811,0.126635,0.208539,0.214381,0.129576,0.326788,0.275910,0.164236,0.524081,0.237079,0.209513,0.193199,0.245197,0.211730,0.343527,0.213313,0.408068,0.291109,0.258433,0.361719,0.202498,0.398346,0.240453,0.209390,0.168306,0.522457,0.332783,0.374359,0.324369,0.179243,0.195493,0.094135,0.312314,0.235479,0.255970,0.116852,0.176421,0.233278,0.170376,0.434674,0.192891,0.351445,0.241544,0.345707,0.240428,0.298697,0.203519,0.290673,0.148949,0.333960,0.295502,0.169093,0.199627,0.166702,0.127179,0.291942,1.000000,0.212964,0.218837,0.277952,0.398944,0.205542,0.122719,0.250229,0.243820,0.120262,0.167152,0.365427,0.250357,0.250033,0.321653,0.246036,0.179774,0.296049,0.547218,0.166400,0.248186,0.316808,0.321703,0.309045,0.118710,0.085897,0.300112,0.381378,0.524681,0.105087,0.282084,0.360163,0.447587,0.222256,0.504324,0.172575,0.379107,0.224547,0.319888,0.214875,0.319831,0.271396,0.116401,0.353708,0.175853,0.095858,0.217920,0.380665,0.214446,0.337959,0.269039,0.356290,0.380377,0.268558,0.218131,0.218922,0.140235,0.137489,0.197545,0.187006,0.195078,0.343739,0.456798,0.551197,0.293576,0.233233,0.324269,0.269885,0.421642,0.261207,0.367098,0.125417,0.238925,0.307288,0.046333,0.198858
484,0.336017,0.375743,0.241808,0.280470,0.184223,0.197882,0.271903,0.372624,0.172111,0.339091,0.152909,0.170615,0.303268,0.161912,0.343643,0.183960,0.301689,0.282095,0.282769,0.134321,0.199220,0.378304,0.349372,0.267353,0.372581,0.355857,0.192654,0.226576,0.349415,0.341282,0.108574,0.374695,0.130030,0.193801,0.273334,0.395014,0.135673,0.297615,0.203032,0.208225,0.184212,0.261523,0.370324,0.305509,0.238222,0.393215,0.222680,0.126463,0.310313,0.402218,0.378025,0.319299,0.444720,0.347143,0.253778,0.357604,0.357932,0.241542,0.308402,0.376171,0.283626,0.136222,0.380172,0.220233,0.254069,0.125065,0.283216,0.246289,0.283189,0.311345,0.251114,0.230080,0.361973,0.273079,0.303034,0.280777,0.301528,0.179434,0.380958,0.399529,0.308540,0.362666,0.074450,0.316689,0.309599,0.320119,0.291929,0.259187,0.388862,0.249393,0.357152,0.043232,0.157553,0.087591,0.177372,0.325840,0.287859,0.322748,0.390913,0.265365,0.372485,0.338828,0.414578,0.153342,0.259892,0.344736,0.201740,0.341479,0.325695,0.327335,0.256633,0.343342,0.236856,0.200765,0.212486,0.309521,0.365813,0.183649,0.421715,0.323895,0.360278,0.146773,0.364014,0.367461,0.365607,0.365234,0.289355,0.106247,0.297191,0.373730,0.249269,0.388845,0.126142,0.420789,0.345837,0.337721,0.137665,0.112074,0.221230,0.296488,0.396657,0.274586,0.430178,0.280889,0.183623,0.311131,0.255837,0.193969,0.286392,0.408743,0.257781,0.196495,0.120175,0.296225,0.331362,0.303122,0.119022,0.333823,0.226678,0.341664,0.277183,0.340205,0.174586,0.326121,0.212964,1.000000,0.054407,0.311890,0.298872,0.458548,0.364856,0.340539,0.328252,0.194049,0.411296,0.304768,0.099943,0.255963,0.307924,0.301288,0.144620,0.208140,0.325553,0.240996,0.309090,0.309489,0.289236,0.333313,0.273498,0.117475,0.265236,0.408227,0.329414,0.221340,0.234805,0.244493,0.194394,0.197349,0.286533,0.237334,0.309728,0.092773,0.434931,0.110854,0.278745,0.350131,0.181050,0.142229,0.173838,0.242311,0.240677,0.340338,0.228716,0.358516,0.309316,0.398201,0.179749,0.289498,0.334072,0.299715,0.140520,0.207972,0.390517,0.118035,0.268615,0.397548,0.333393,0.277108,0.205567,0.173758,0.242339,0.199792,0.454143,0.252748,0.166067,0.129257,0.256460,0.352788,0.250137,0.325784
493,0.131021,0.232583,0.380875,0.369751,0.373093,0.287870,0.154987,0.310111,0.115243,0.262292,0.357099,0.120264,0.165894,0.246224,0.184373,0.336563,0.289441,0.115395,0.217237,0.075158,0.199000,0.265848,0.256382,0.308982,0.082010,0.116215,0.164728,0.128391,0.430328,0.155064,0.238146,0.148070,0.241686,0.250020,0.347255,0.331928,0.062735,0.252596,0.278544,0.210557,0.169615,0.189404,0.217102,0.201234,0.263478,0.365158,0.205943,0.013135,0.297697,0.126584,0.204064,0.005072,0.332598,0.297526,0.103553,0.168913,0.263394,0.118237,0.231571,0.260233,0.139388,0.180078,0.306135,0.279628,0.234420,0.127010,0.231871,0.378862,0.329607,0.266699,0.241275,0.253867,0.141917,0.148347,0.294764,0.318238,0.318205,0.198270,0.286700,0.233757,0.150163,0.144607,0.348411,0.000319,0.060143,0.189139,0.275484,0.111053,0.265816,0.117084,0.236571,0.084619,0.013667,0.155113,0.201476,0.223122,0.209446,0.227686,0.227796,0.125161,0.177451,0.073499,0.245817,0.283057,0.061704,0.179580,0.214057,0.366027,0.346215,0.107375,0.105929,0.150149,0.140855,0.166605,0.364273,0.256326,0.095304,0.074885,0.124282,0.206113,0.202437,0.317266,0.250977,0.154503,0.196185,0.265919,0.235914,0.216404,0.149022,0.258111,0.491549,0.203758,0.237739,0.321715,0.150838,0.394674,0.332717,0.236788,0.270833,0.287673,0.234283,0.089227,0.284722,0.052578,0.210361,0.201937,0.223823,0.326185,0.252037,0.363051,0.352603,0.153673,0.248442,0.212346,0.116771,0.332192,0.241117,0.398577,0.337381,0.105139,0.153328,0.162847,0.087024,0.284521,0.218837,0.054407,1.000000,0.134325,0.264774,0.131205,0.183493,0.145656,0.120192,0.267649,0.204742,0.244375,0.259309,0.130801,0.295489,0.230820,0.148969,0.279012,0.198162,0.303800,0.259846,0.111534,0.341033,0.165406,0.189663,0.110229,0.282731,0.256720,0.181219,0.128774,0.062453,0.115193,0.238000,0.180479,0.155342,0.154062,0.148026,0.197849,0.221554,0.174337,0.210080,0.329629,0.224104,0.216333,0.170848,0.184990,0.267569,0.215102,0.166996,0.231387,0.283746,0.254010,0.287678,0.093536,0.379990,0.094211,0.126644,0.208699,0.195214,0.210490,0.060167,0.296939,0.141375,0.249291,0.412508,0.182125,0.247516,0.268490,0.300570,0.262507,0.269643,0.078375,0.215047,0.315329,-0.001506,0.175485
497,0.151903,0.258381,0.252946,0.185412,0.236463,0.135158,0.229004,0.368302,0.199956,0.359077,0.170718,0.103610,0.251758,0.190727,0.175554,0.412121,0.410360,0.481992,0.246683,0.185489,0.172446,0.281917,0.582608,0.443581,0.168252,0.170079,0.061161,0.304891,0.284222,0.153692,0.105651,0.660452,0.275682,0.099547,0.303772,0.374439,0.071520,0.300791,0.502369,0.569261,0.372416,0.275798,0.349126,0.223052,0.307689,0.304686,0.343028,0.139355,0.226810,0.186280,0.177383,0.091442,0.269770,0.411902,0.200275,0.310542,0.193974,0.613166,0.176225,0.333520,0.416530,0.204111,0.411225,0.182810,0.328857,0.148330,0.290663,0.208743,0.159567,0.289688,0.189986,0.244020,0.423441,0.124094,0.258844,0.222642,0.110268,0.120215,0.309464,0.273684,0.264486,0.251533,0.202651,0.460614,0.460909,0.290235,0.157037,0.244473,0.295177,0.165599,0.282033,0.061937,0.158745,0.167995,0.202176,0.245199,0.154016,0.305047,0.282726,0.326348,0.550722,0.580569,0.275053,0.212225,0.240893,0.249979,0.062437,0.167663,0.150296,0.150356,0.451552,0.165330,0.111687,0.307825,0.210882,0.231831,0.273219,0.241539,0.184064,0.111284,0.629769,0.374591,0.543225,0.210446,0.253219,0.314058,0.238092,0.148903,0.335767,0.165973,0.256680,0.200996,0.116029,0.316029,0.130039,0.326029,0.154223,0.204812,0.195483,0.170825,0.224686,0.306101,0.438138,0.111719,0.191376,0.592964,0.188848,0.326480,0.154570,0.347301,0.253542,0.270701,0.079290,0.289153,0.210787,0.354196,0.212038,0.365574,0.187040,0.131845,0.205614,0.265880,0.132403,0.592886,0.277952,0.311890,0.134325,1.000000,0.371998,0.166876,0.186830,0.119648,0.139079,0.083354,0.242645,0.412770,0.198135,0.376424,0.225216,0.274642,0.207101,0.236996,0.275425,0.195771,0.499633,0.347040,0.304193,0.592960,0.146078,0.058242,0.339020,0.231359,0.312840,0.245651,0.190565,0.529273,0.187165,0.186000,0.262673,0.220655,0.261754,0.191966,0.337759,0.153887,0.346517,0.283178,0.178074,0.250120,0.179058,0.021655,0.265760,0.176906,0.463861,0.285391,0.283760,0.283686,0.208829,0.279207,0.372789,0.292622,0.259006,0.256029,0.122582,0.189415,0.073889,0.504279,0.474373,0.322503,0.186626,0.217571,0.241016,0.250833,0.343944,0.301226,0.200903,0.018123,0.161305,0.216911,0.042162,0.128195
502,0.110130,0.187400,0.335344,0.129755,0.328027,0.396010,0.324068,0.338801,0.237595,0.368791,0.146386,0.225542,0.161345,0.303383,0.187748,0.344236,0.391561,0.258808,0.227863,0.296211,0.251961,0.239677,0.339972,0.350140,0.232068,0.169437,0.117003,0.269058,0.254225,0.439772,0.102533,0.334597,0.234571,0.041154,0.251812,0.294839,0.095817,0.391166,0.553313,0.383468,0.390570,0.362550,0.296946,0.263471,0.323097,0.325868,0.163175,0.144397,0.147071,0.050061,0.207256,0.047960,0.372568,0.344374,0.116417,0.340994,0.196940,0.369238,0.378406,0.361726,0.309170,0.183926,0.304361,0.303248,0.217660,0.173178,0.325337,0.315139,0.391878,0.463042,0.188892,0.308690,0.256866,0.116259,0.147654,0.222423,0.121111,0.103709,0.341195,0.223763,0.229817,0.231031,0.134802,0.267888,0.272269,0.125279,0.027114,0.226048,0.222087,0.265641,0.155768,0.157922,0.267784,0.277422,0.322587,0.138370,0.453394,0.263987,0.220857,0.316454,0.359847,0.277231,0.471305,0.160107,0.206894,0.231958,0.198723,0.204150,0.279423,0.141679,0.233966,0.153633,0.249500,0.169523,0.213715,0.217236,0.317970,0.139132,0.207327,0.089544,0.372419,0.355575,0.327933,0.178931,0.421473,0.160458,0.185495,0.144099,0.254702,0.409488,0.303603,0.198314,0.120622,0.436545,0.439988,0.262063,0.243791,0.062694,0.094981,0.192077,0.309868,0.176150,0.257871,0.077926,0.192408,0.320265,0.176005,0.274637,0.216074,0.295305,0.247402,0.407278,0.359359,0.223843,0.370103,0.236073,0.041199,0.304540,0.306955,0.168376,0.138355,0.081085,0.127780,0.408492,0.398944,0.298872,0.264774,0.371998,1.000000,0.185726,0.094058,0.315204,0.268624,0.202906,0.283156,0.288095,0.236873,0.256065,0.252109,0.152822,0.242825,0.221506,0.365075,0.154108,0.261284,0.223788,0.261029,0.311520,0.046919,0.137146,0.288721,0.216346,0.285543,0.115067,0.154622,0.422760,0.250102,0.200868,0.121523,0.157529,0.189102,0.162054,0.266072,0.312373,0.251987,0.207346,0.087732,0.248579,0.228672,0.169284,0.271536,0.363520,0.262260,0.309686,0.161294,0.438880,0.191997,0.341909,0.302167,0.219715,0.228858,0.349241,0.076754,0.073869,0.290312,0.431872,0.334155,0.252745,0.232686,0.120671,0.126856,0.247414,0.286477,0.191191,0.331024,0.196339,0.351495,0.248545,-0.007249,0.295456
506,0.487912,0.252074,0.179388,0.190229,0.110191,0.246035,0.192996,0.246208,0.110613,0.246767,0.125002,0.118444,0.163869,0.078898,0.220651,0.214442,0.324876,0.204996,0.199027,0.192153,0.226935,0.334045,0.290877,0.232583,0.299503,0.286976,0.061449,0.256982,0.378899,0.228810,0.178946,0.194124,0.202391,0.070409,0.351843,0.323010,0.198178,0.261774,0.139388,0.068476,0.114581,0.206550,0.125169,0.196012,0.281279,0.392129,0.205493,0.122010,0.221256,0.127235,0.376810,0.137837,0.345635,0.357469,0.287418,0.192327,0.172589,0.207707,0.234119,0.245081,0.182730,0.097459,0.339569,0.257508,0.200423,0.105754,0.215021,0.316533,0.290230,0.341271,0.250833,0.159771,0.336240,0.241663,0.225346,0.313197,0.276441,0.096463,0.241927,0.362866,0.259105,0.275643,0.166171,0.226708,0.190358,0.279196,0.219875,0.242707,0.268202,0.186207,0.203304,-0.055084,0.082023,0.024772,0.170639,0.245213,0.243321,0.233516,0.184541,0.124390,0.270138,0.268262,0.198935,0.114281,0.197204,0.277368,0.137985,0.325769,0.285749,0.132166,0.116700,0.288159,0.095571,0.113074,0.162405,0.229447,0.224337,0.123070,0.285835,0.272546,0.199262,0.124148,0.218188,0.269269,0.281375,0.238774,0.283252,0.092269,0.142418,0.247426,0.189653,0.276188,0.132600,0.350811,0.203025,0.245112,0.123348,0.048231,0.178729,0.148167,0.355745,0.186418,0.266596,0.193302,0.150989,0.217727,0.189741,0.272569,0.230232,0.352984,0.232484,0.080355,0.119738,0.229327,0.411399,0.344082,0.119564,0.205348,0.249899,0.533972,0.154605,0.261076,0.153829,0.223729,0.205542,0.458548,0.131205,0.166876,0.185726,1.000000,0.284275,0.523940,0.194177,0.376211,0.549924,0.191562,0.079813,0.225712,0.371050,0.220493,0.057181,0.233702,0.319296,0.162138,0.198218,0.129543,0.314678,0.156703,0.197162,0.122922,0.227632,0.357298,0.256204,0.204519,0.108423,0.137486,0.151430,0.204836,0.227215,0.193976,0.239194,0.148975,0.361398,0.094515,0.185467,0.330124,0.181959,0.167875,0.109651,0.339436,0.188554,0.273418,0.175632,0.220738,0.229990,0.276303,0.190104,0.130766,0.285412,0.122769,0.188669,0.151693,0.222426,0.129105,0.246738,0.290854,0.178404,0.222397,0.156887,0.113771,0.131174,0.149363,0.352632,0.219937,0.170096,0.057571,0.119933,0.286768,0.077724,0.161280
509,0.311150,0.317814,0.127568,0.444968,0.140742,0.117528,0.082761,0.307900,0.067502,0.277548,0.193373,0.057656,0.208851,-0.012057,0.438116,0.168485,0.287534,0.295428,0.077605,-0.022740,0.207623,0.259036,0.204515,0.361681,0.187675,0.422711,0.291470,0.143831,0.348050,0.161136,0.105367,0.278565,0.246538,0.361860,0.171648,0.360166,0.174630,0.197531,0.088169,0.011758,-0.003975,0.164267,0.182475,0.096779,0.216914,0.326779,0.311105,0.064618,0.319169,0.407758,0.454913,0.354408,0.433719,0.244258,0.067671,0.138369,0.365595,0.166080,0.098326,0.346415,0.220683,0.097380,0.311946,-0.018389,0.239348,0.062685,0.204466,0.403487,0.085547,0.244285,0.273993,0.118863,0.205540,0.458777,0.560930,0.265830,0.526292,0.015880,0.261144,0.304447,0.242713,0.261820,0.370650,0.125201,0.102254,0.417170,0.400344,0.039001,0.268216,0.096248,0.500940,-0.045272,-0.073959,0.008555,-0.021335,0.143410,0.117035,0.482057,0.199602,0.091608,0.292777,0.184566,0.212665,0.282952,0.198791,0.360124,0.035137,0.379053,0.450916,0.249301,0.232569,0.383164,0.004245,0.036372,0.309872,0.359801,0.266305,0.028843,0.213565,0.544072,0.296953,0.040585,0.343098,0.352642,0.036310,0.433406,0.353325,0.050586,0.219500,0.209395,0.262301,0.199291,0.158633,0.288263,0.038349,0.406729,0.051376,0.164921,0.453869,0.450315,0.417564,0.441055,0.396858,0.422315,0.041054,0.264415,0.419305,0.285168,0.407900,0.418397,0.226884,0.109157,0.067555,0.362226,0.128391,0.388351,0.229356,0.291029,0.121573,0.256907,0.262785,0.508834,0.401437,0.226951,0.122719,0.364856,0.183493,0.186830,0.094058,0.284275,1.000000,0.150799,0.055529,0.034343,0.172156,0.228390,0.180295,0.062884,0.284909,0.357355,0.019768,0.281492,0.141143,0.389925,0.343001,0.202535,0.302645,0.232215,0.447839,0.058029,0.205997,0.244821,0.246978,0.323827,0.296104,0.040298,0.128429,0.123103,0.214545,0.345647,0.170118,0.147951,0.415448,-0.007144,0.168468,0.296106,0.362519,0.095131,0.051755,0.124801,0.157716,0.103103,0.138997,0.225899,0.467248,0.184169,0.154364,0.066290,0.424138,0.095947,0.075210,0.171637,0.518531,0.392572,0.078488,0.217285,0.098866,0.146870,0.239340,0.444346,0.292468,0.138420,0.530235,0.486691,0.011577,0.115001,0.130006,0.315837,0.354231,0.264714
512,0.339450,0.157464,0.271241,0.061572,0.109240,0.360602,0.242702,0.175919,0.141444,0.260350,0.149048,0.149316,0.160140,0.189689,0.085303,0.174177,0.287437,0.162820,0.206491,0.321677,0.302514,0.227354,0.208254,0.158114,0.311118,0.207043,-0.015703,0.232495,0.340006,0.315525,0.142018,0.117822,0.215338,0.060815,0.363980,0.277683,0.065721,0.259453,0.179659,0.045977,0.196162,0.233817,0.111471,0.225720,0.141506,0.295200,0.138744,0.138076,0.194837,0.005089,0.262374,0.028487,0.266325,0.340063,0.272090,0.234868,0.055264,0.194767,0.293935,0.235434,0.195582,0.065077,0.312555,0.300577,0.276092,0.153036,0.250896,0.249543,0.327467,0.364855,0.134964,0.171063,0.273676,0.129390,0.087278,0.179550,0.204629,0.045376,0.280158,0.314900,0.258862,0.201051,0.195548,0.205851,0.141195,0.106375,0.111520,0.230155,0.139112,0.263914,0.111778,0.079094,0.199805,0.115996,0.166332,0.142006,0.310841,0.207748,0.127325,0.198471,0.156733,0.131530,0.232640,0.062283,0.179334,0.156566,0.142380,0.219573,0.300148,0.102946,0.029973,0.190067,0.129185,0.172188,0.150136,0.064001,0.183373,0.146274,0.260010,0.082026,0.143836,0.108813,0.133763,0.154006,0.288510,0.077268,0.213903,0.148817,0.091944,0.334620,0.146627,0.208879,0.060890,0.314235,0.267217,0.243758,0.203385,0.042023,0.107962,0.193884,0.349617,0.155441,0.203385,0.046635,0.226890,0.133049,0.066075,0.275409,0.088474,0.212578,0.204485,0.155413,0.123873,0.106151,0.437342,0.312577,0.096776,0.118821,0.213282,0.453256,0.047965,0.138169,0.109739,0.215115,0.250229,0.340539,0.145656,0.119648,0.315204,0.523940,0.150799,1.000000,0.267576,0.462128,0.491025,0.125263,0.071361,0.205438,0.260086,0.142688,0.068991,0.226055,0.252457,0.101042,0.118805,0.213089,0.267152,0.146006,0.107051,0.110017,0.153479,0.293859,0.248421,-0.007486,0.115722,0.273014,0.229156,0.174049,0.198345,0.206961,0.167349,0.154585,0.245394,0.169908,0.173200,0.255066,0.005809,0.190307,0.229965,0.294187,0.144899,0.291917,0.175718,0.223375,0.127804,0.272485,0.319873,0.176126,0.146516,0.068455,0.166530,0.183381,0.042113,-0.017085,0.302355,0.211086,0.184014,0.264199,0.143866,0.000599,0.117753,0.128684,0.219002,0.064314,0.264119,0.070993,0.068305,0.314007,-0.030941,0.055912
514,0.144090,0.093400,0.299742,0.093410,0.077526,0.378386,0.449402,0.140386,0.172016,0.238592,0.091475,0.140089,0.095250,0.294923,0.147350,0.192251,0.175390,0.125425,0.366913,0.152973,0.299946,0.194274,0.166917,0.201474,0.246176,0.080612,0.025534,0.272045,0.192213,0.401204,0.018635,0.133819,0.166884,0.088653,0.180957,0.323952,0.083595,0.265012,0.292679,0.184310,0.283502,0.185041,0.131325,0.177709,0.214972,0.313969,0.126353,0.070666,0.142903,0.074906,0.151761,0.049175,0.318211,0.162441,0.098409,0.243197,0.125027,0.135071,0.623202,0.229171,0.172448,0.148832,0.233077,0.311390,0.227246,0.077846,0.181297,0.116330,0.602978,0.317362,0.037786,0.366794,0.454136,0.208416,0.060206,0.168894,0.072018,0.075032,0.208541,0.309897,0.258961,0.214678,0.017934,0.219276,0.076202,0.184272,0.026471,0.179893,0.115156,0.105226,0.127218,0.160142,0.240400,0.270900,0.285680,0.095184,0.411750,0.176751,0.139497,0.337442,0.193343,0.158146,0.406815,0.102805,0.266016,0.127034,0.166946,0.154720,0.150451,0.112313,0.165956,0.127811,0.352963,0.209684,0.083576,0.141261,0.284764,0.288710,0.161306,0.065528,0.181657,0.034909,0.129695,0.150944,0.588826,0.156896,0.098011,0.213445,0.057476,0.482948,0.171984,0.168477,0.038274,0.297471,0.554093,0.206166,0.376176,0.170737,0.004673,0.189630,0.257136,0.107742,0.245129,0.052231,0.126712,0.155675,0.106532,0.228224,0.093066,0.214183,0.172666,0.248208,0.232537,0.131031,0.351175,0.247813,0.085720,0.112872,0.175814,0.192121,0.110536,0.157049,0.080716,0.171688,0.243820,0.328252,0.120192,0.139079,0.268624,0.194177,0.055529,0.267576,1.000001,0.066827,0.229422,0.199161,0.091092,0.124540,0.237728,0.103599,0.098862,0.197826,0.367021,0.115550,0.208154,0.160029,0.284544,0.178064,0.085248,0.138688,0.218762,0.204009,0.257999,0.106621,0.105738,0.220739,0.212707,0.111093,0.152357,0.093666,0.234969,0.093234,0.188644,0.146033,0.237407,0.183218,0.092037,0.182157,0.167323,0.175042,0.139844,0.653592,0.163390,0.183310,0.137358,0.497805,0.206192,0.261852,0.192679,0.344297,0.051230,0.163875,0.094054,-0.010721,0.337703,0.162789,0.270340,0.301505,0.128529,-0.009686,0.111939,0.151732,0.237655,0.111766,0.349172,0.143597,0.131335,0.157699,-0.020564,0.148702
518,0.368078,0.142127,0.178921,0.154908,0.356699,0.262102,0.132926,0.145703,0.105920,0.125410,0.246775,0.139664,0.135025,0.294672,0.031628,0.166813,0.322504,0.070020,0.106742,0.360545,0.096725,0.232763,0.281435,0.132526,0.123065,0.137738,0.125801,0.091655,0.295911,0.215113,0.266164,-0.031004,0.169695,0.122514,0.500597,0.183193,0.045752,0.132010,0.112732,0.070932,0.167809,0.086775,0.201624,0.221918,0.187633,0.201029,0.091909,0.090651,0.166803,-0.065584,0.231902,0.000638,0.199603,0.214971,0.347380,0.151829,0.086146,0.093901,0.123428,0.180628,0.088885,0.249072,0.254069,0.297273,0.103173,0.168643,0.113389,0.292514,0.273863,0.298485,0.235587,0.091368,0.124274,0.027135,0.008808,0.227650,0.174429,0.228923,0.301851,0.166909,0.069729,0.161081,0.193214,0.092923,0.151769,0.059545,0.033887,0.247178,0.140884,0.249287,0.049962,0.004719,0.120634,0.092440,0.144580,0.234131,0.246329,0.049934,0.181137,-0.001443,0.038469,0.126646,0.081061,0.150860,0.044585,0.140356,0.148750,0.223531,0.192066,0.070482,0.023461,0.172969,0.043613,0.117884,0.115166,0.119894,-0.013639,0.152904,0.233851,0.077556,0.047321,0.218587,0.103454,0.125058,0.111266,0.031645,0.282485,0.124880,0.079725,0.124621,0.216476,0.254013,0.144292,0.194005,0.055025,0.195710,0.233542,0.145432,0.136253,0.030558,0.293469,0.054582,0.107092,-0.019435,0.214068,0.078374,0.092871,0.182685,0.181498,0.171527,0.218900,0.172584,0.218357,0.144440,0.235445,0.124651,0.052186,0.222753,0.249859,0.424047,0.207266,0.005513,0.015620,0.087185,0.120262,0.194049,0.267649,0.083354,0.202906,0.376211,0.034343,0.462128,0.066827,1.000000,0.509544,0.071877,0.019741,0.246212,0.208135,0.154249,0.158414,0.199110,0.097720,0.110869,0.098235,-0.017805,0.166362,0.028330,0.070390,0.125046,0.139021,0.330427,0.146949,0.014982,-0.027265,0.113132,0.115602,0.175104,0.033073,0.163663,0.047711,0.221607,0.257049,0.263704,0.128418,0.199923,0.032426,0.108396,0.421782,0.279659,0.212162,0.094814,0.072059,0.241347,0.066708,0.174309,0.201587,0.089379,0.193503,-0.080737,0.190046,0.217293,0.019221,0.025022,0.101397,0.188391,0.066800,0.152529,0.165192,0.078907,0.141578,0.192898,0.144771,0.046698,0.293587,-0.006507,0.164474,0.225394,-0.026031,0.164302
520,0.403799,0.226187,0.154712,0.125138,0.176268,0.224064,0.237417,0.205057,0.103226,0.232759,0.197743,0.255309,0.222140,0.204544,0.165514,0.240963,0.273970,0.157785,0.146777,0.409233,0.190090,0.289182,0.299616,0.151161,0.225779,0.192043,0.154555,0.225813,0.390157,0.239007,0.155167,0.184961,0.078933,0.121904,0.421093,0.189964,0.051752,0.292785,0.166824,0.132394,0.188753,0.118816,0.214567,0.287286,0.400994,0.324736,0.170687,0.180241,0.126938,0.119404,0.239368,0.099282,0.239126,0.293584,0.492412,0.196207,0.226061,0.258720,0.305583,0.259969,0.272058,0.194730,0.384625,0.332761,0.105375,0.205714,0.183904,0.307713,0.315950,0.355762,0.194055,0.165172,0.239722,0.155829,0.125569,0.246009,0.161867,0.093031,0.279927,0.231179,0.092795,0.273600,0.145982,0.245725,0.303139,0.287087,0.123900,0.233514,0.225873,0.264652,0.125183,-0.018164,0.133843,0.085127,0.161248,0.238975,0.237109,0.182117,0.214843,0.121338,0.150873,0.318142,0.241311,0.087785,0.104392,0.270300,0.172902,0.176677,0.277205,0.149979,0.148433,0.265451,0.138174,0.162566,0.161412,0.213350,0.119698,0.154276,0.294392,0.142744,0.217786,0.136961,0.189683,0.226079,0.177639,0.132624,0.213570,0.061177,0.158957,0.250925,0.217370,0.188039,0.074475,0.283305,0.201528,0.213937,0.190411,0.101703,0.146090,0.140024,0.249457,0.169383,0.259568,0.136557,0.152503,0.240044,0.174184,0.166319,0.196278,0.279856,0.190329,0.156683,0.153329,0.237980,0.462044,0.281451,0.206474,0.266409,0.182337,0.472454,0.191939,0.158161,0.055115,0.162536,0.167152,0.411296,0.204742,0.242645,0.283156,0.549924,0.172156,0.491025,0.229422,0.509544,1.000000,0.142781,0.013634,0.258848,0.284880,0.160982,0.075955,0.132700,0.199899,0.059224,0.226089,0.036214,0.235740,0.138733,0.090758,0.131970,0.245718,0.348728,0.140203,0.091524,0.092622,0.164692,0.136663,0.260468,0.104338,0.160988,0.112408,0.175664,0.357405,0.128211,0.155365,0.366610,0.291999,0.127761,0.286629,0.287865,0.169082,0.220785,0.187015,0.253683,0.157534,0.262447,0.129030,0.141415,0.205266,0.013131,0.153488,0.337312,0.113311,0.115728,0.175742,0.254786,0.185236,0.195080,0.124016,0.156770,0.075007,0.188913,0.299265,0.144160,0.358705,0.008139,0.147580,0.271177,0.076260,0.198034
521,0.098443,0.327258,0.285885,0.379561,0.180641,0.317627,0.382536,0.560514,0.408184,0.667426,0.420343,0.298207,0.201359,0.230176,0.230576,0.560478,0.330269,0.389755,0.448358,0.167087,0.223820,0.327973,0.405500,0.393489,0.147207,0.138336,0.136584,0.382975,0.357323,0.270642,0.270303,0.424448,0.324242,0.251713,0.319372,0.423643,0.153261,0.480816,0.273638,0.400708,0.318022,0.326481,0.412866,0.439709,0.253109,0.558468,0.265344,0.156170,0.393760,0.188960,0.269437,0.122797,0.451681,0.343965,0.023590,0.422815,0.222842,0.362669,0.230238,0.647900,0.330760,0.189014,0.517940,0.183169,0.477013,0.268272,0.365052,0.355871,0.348255,0.290276,0.161709,0.363064,0.358683,0.320544,0.394353,0.463006,0.367333,0.130494,0.366763,0.441650,0.427923,0.379191,0.256498,0.351637,0.307293,0.387267,0.294644,0.437972,0.332082,0.220779,0.342285,0.167774,0.137522,0.169715,0.376615,0.334604,0.280574,0.477697,0.289916,0.424674,0.557126,0.439921,0.493674,0.424069,0.383061,0.285003,0.154903,0.331097,0.338782,0.135873,0.326857,0.246917,0.160270,0.375384,0.332145,0.338393,0.324943,0.289323,0.311651,0.247476,0.426825,0.158510,0.487356,0.305432,0.378481,0.416286,0.425515,0.460822,0.393983,0.344680,0.243139,0.236012,0.184025,0.415578,0.322626,0.597448,0.319406,0.310388,0.383213,0.320999,0.266751,0.373586,0.446436,0.116595,0.364160,0.356411,0.233584,0.484645,0.187696,0.353968,0.472183,0.250547,0.108744,0.373917,0.160384,0.354356,0.182054,0.525444,0.418851,0.111765,0.362350,0.333644,0.226252,0.572800,0.365427,0.304768,0.244375,0.412770,0.288095,0.191562,0.228390,0.125263,0.199161,0.071877,0.142781,1.000000,0.253782,0.484709,0.447868,0.280936,0.148522,0.205761,0.437388,0.280829,0.329289,0.345589,0.421390,0.482914,0.347858,0.170148,0.500516,0.422224,0.448009,0.276467,0.285347,0.372791,0.390016,0.287290,0.305159,0.266564,0.481557,0.307279,0.455973,0.083527,0.532175,0.455277,0.187623,0.365133,0.119076,0.048606,0.349540,0.437995,0.370161,0.608508,0.522836,0.445035,0.291142,0.400094,0.360037,0.338595,0.350512,0.275804,0.264644,0.282276,0.211529,0.378712,0.540114,0.436269,0.212798,0.231616,0.369755,0.479895,0.502120,0.293585,0.135491,0.091045,0.123841,0.256374,0.063815,0.059664
524,0.145411,0.180578,0.231508,0.194155,0.113836,0.291246,0.109875,0.241127,0.212604,0.261293,0.126523,0.220107,0.146250,0.079878,0.143603,0.273145,0.197280,0.432756,0.187665,0.154195,0.261611,0.150903,0.271035,0.295192,0.157389,0.080456,0.048126,0.160648,0.276420,0.247943,0.044106,0.263269,0.271707,0.127084,0.182525,0.290014,0.116156,0.257598,0.179625,0.166756,0.156001,0.230940,0.279880,0.161365,0.209659,0.264565,0.302179,0.075112,0.244739,0.106195,0.201639,0.034662,0.275527,0.162754,-0.019942,0.226781,0.124299,0.112392,0.093470,0.255870,0.108190,0.017586,0.202674,0.110782,0.161681,0.151415,0.211663,0.216201,0.198138,0.225580,0.147141,0.175025,0.196686,0.129898,0.229847,0.205803,0.203456,0.058341,0.191028,0.150990,0.245846,0.193485,0.230940,0.081919,0.107446,0.171865,0.179682,0.137380,0.190611,0.103520,0.143295,0.148306,0.170127,0.134149,0.235120,0.148892,0.245955,0.246504,0.098304,0.141021,0.254676,0.117107,0.234662,0.331577,0.108992,0.128807,0.091242,0.160326,0.163475,0.016662,0.345208,0.147658,0.121678,0.199954,0.327567,0.343186,0.185322,0.031152,0.212584,0.163632,0.295151,0.265652,0.399976,0.149986,0.195222,0.409554,0.178316,0.137971,0.108645,0.254874,0.147638,0.147803,0.109519,0.322610,0.130774,0.252314,0.182810,0.085581,0.228417,0.193342,0.274098,0.306115,0.198464,0.095184,0.240193,0.304256,0.154869,0.248454,0.143265,0.224202,0.179971,0.124998,0.093767,0.372955,0.046864,0.152389,0.036941,0.265996,0.261646,0.133196,0.148315,0.184504,0.355918,0.228912,0.250357,0.099943,0.259309,0.198135,0.236873,0.079813,0.180295,0.071361,0.091092,0.019741,0.013634,0.253782,1.000000,0.122917,0.103150,0.114831,0.165014,0.163373,0.285955,0.149030,0.340389,0.208962,0.245513,0.425160,0.155352,0.149887,0.256000,0.201519,0.245847,0.174522,0.093884,0.162023,0.225679,0.152267,0.175539,0.145947,0.208360,0.249514,0.228656,0.102660,0.276135,0.171304,0.067133,0.210476,0.033259,0.045072,0.255406,0.185272,0.336311,0.153586,0.273326,0.202413,0.245958,0.130138,0.224198,0.194114,0.269503,0.218128,0.103103,0.341627,0.092507,0.180375,0.169879,0.225518,0.191747,0.240555,0.213417,0.190712,0.196649,0.410126,0.163396,0.073223,0.125541,0.180718,0.054337,0.040845
526,0.089228,0.370155,0.232232,0.299329,0.278970,0.282254,0.236954,0.374431,0.372541,0.487651,0.374893,0.333225,0.442786,0.237119,0.176954,0.471834,0.209726,0.320630,0.272329,0.355786,0.196500,0.428840,0.438484,0.257781,0.154879,0.110552,0.152623,0.204569,0.383395,0.276250,0.448352,0.234136,0.269982,0.047039,0.402943,0.268270,0.169286,0.449404,0.213226,0.239317,0.292466,0.269489,0.400560,0.453647,0.209635,0.362190,0.138150,0.230744,0.242921,0.178283,0.223672,0.056778,0.295917,0.290986,0.133660,0.378991,0.166368,0.240041,0.204394,0.339079,0.213159,0.408338,0.346692,0.243933,0.256615,0.313474,0.266709,0.350090,0.316095,0.317594,0.282748,0.151282,0.242187,0.158977,0.176828,0.409899,0.139816,0.349222,0.449117,0.288362,0.229071,0.324702,0.186344,0.388927,0.451037,0.179236,0.226228,0.585045,0.368396,0.404851,0.089113,0.032735,0.210848,0.095390,0.360781,0.496892,0.312612,0.224270,0.450677,0.233065,0.353505,0.361527,0.261368,0.255567,0.245517,0.389492,0.144121,0.363560,0.271892,0.200728,0.199119,0.184296,0.109746,0.385030,0.123420,0.181695,0.178239,0.184303,0.386115,0.118609,0.304377,0.194298,0.306543,0.320663,0.355325,0.214168,0.317769,0.342893,0.449325,0.176072,0.243394,0.299784,0.143645,0.346407,0.232876,0.393543,0.300172,0.207146,0.164786,0.117327,0.174598,0.142347,0.375183,0.076173,0.211805,0.287599,0.216463,0.318310,0.131156,0.307445,0.390248,0.179906,0.163123,0.215097,0.336160,0.216622,0.020669,0.433572,0.341294,0.147877,0.304300,0.064669,-0.000640,0.374958,0.250033,0.255963,0.130801,0.376424,0.256065,0.225712,0.062884,0.205438,0.124540,0.246212,0.258848,0.484709,0.122917,1.000000,0.363025,0.348778,0.180335,0.131665,0.348923,0.237654,0.152704,0.177841,0.300745,0.313729,0.272169,0.225222,0.477180,0.384340,0.347152,0.284521,0.094404,0.311134,0.300463,0.320889,0.163539,0.349491,0.295927,0.263387,0.317879,0.247045,0.368635,0.404697,0.048404,0.277565,0.148708,0.079216,0.338253,0.300440,0.137387,0.522328,0.179398,0.262709,0.231766,0.227747,0.289235,0.212173,0.209409,0.204935,0.122288,0.134153,0.192539,0.369394,0.357116,0.329163,0.212862,0.141623,0.290150,0.544367,0.411172,0.219897,0.177275,0.021232,0.306313,0.328301,-0.000715,0.226393
528,0.160045,0.268974,0.209959,0.391556,0.266244,0.364669,0.254520,0.396054,0.241505,0.505940,0.409409,0.262777,0.281109,0.175740,0.244745,0.493808,0.367954,0.285411,0.343079,0.219532,0.313898,0.322639,0.366352,0.268769,0.112374,0.216205,0.228793,0.301904,0.446537,0.257038,0.314415,0.306908,0.235192,0.271224,0.310014,0.337833,0.139983,0.340403,0.225664,0.170944,0.216989,0.240004,0.272060,0.400252,0.215171,0.540831,0.166808,0.156169,0.326831,0.168799,0.285182,-0.025750,0.374336,0.354458,0.166211,0.303065,0.213514,0.281589,0.230340,0.431437,0.274455,0.244418,0.405618,0.434986,0.372747,0.213650,0.265681,0.407859,0.337521,0.306114,0.173546,0.313200,0.426048,0.338384,0.300977,0.432768,0.426197,0.146162,0.370586,0.459815,0.325332,0.317224,0.268377,0.194178,0.214602,0.338686,0.302721,0.361574,0.281179,0.239096,0.181350,0.046444,0.128061,0.150634,0.273088,0.259817,0.303603,0.335354,0.271215,0.313123,0.365157,0.290964,0.372862,0.250010,0.246333,0.320428,0.190149,0.397332,0.453003,0.197982,0.147034,0.215104,0.131478,0.263126,0.297258,0.192724,0.246225,0.205441,0.306134,0.204360,0.310741,0.159689,0.331239,0.397304,0.318555,0.267344,0.421270,0.367059,0.302689,0.354295,0.236341,0.230821,0.251791,0.334729,0.280453,0.500883,0.283250,0.320625,0.246113,0.260545,0.224092,0.192042,0.429876,0.086036,0.337322,0.288808,0.227585,0.391363,0.224204,0.326062,0.537068,0.135822,0.144862,0.220780,0.139192,0.394195,0.156559,0.369257,0.460964,0.256521,0.320826,0.310884,0.112303,0.368647,0.321653,0.307924,0.295489,0.225216,0.252109,0.371050,0.284909,0.260086,0.237728,0.208135,0.284880,0.447868,0.103150,0.363025,1.000000,0.293676,0.059178,0.240502,0.402589,0.236757,0.261142,0.166928,0.435176,0.234636,0.239069,0.166132,0.321624,0.451852,0.327167,0.220439,0.215152,0.215103,0.287740,0.257799,0.189447,0.250682,0.369201,0.308748,0.407243,0.075614,0.331509,0.406233,0.257346,0.276470,0.148077,0.139674,0.383003,0.379025,0.237135,0.432447,0.318961,0.282652,0.256677,0.280521,0.377615,0.170228,0.143281,0.206366,0.190140,0.153017,0.074673,0.374947,0.336890,0.418097,0.172218,0.170487,0.298732,0.328444,0.516202,0.245975,0.115796,-0.026162,0.191065,0.320514,-0.026731,0.095569
529,0.269414,0.549391,0.310220,0.370690,0.288667,0.161159,0.135009,0.287913,0.206336,0.428452,0.313272,0.210937,0.512134,0.178060,0.382887,0.255326,0.230886,0.313804,0.184087,0.145327,0.208820,0.603691,0.379149,0.381998,0.231143,0.177742,0.200830,0.123630,0.321336,0.214070,0.307164,0.254931,0.305242,0.339605,0.297991,0.352194,0.263355,0.345638,0.169507,0.191033,0.125707,0.170088,0.436260,0.318543,0.253736,0.397191,0.241505,0.240586,0.263854,0.374274,0.372178,0.257564,0.472199,0.154228,0.144129,0.262431,0.407242,0.171029,0.181542,0.357271,0.139526,0.267560,0.375295,0.179496,0.294304,0.166812,0.295466,0.323671,0.195761,0.189109,0.342849,0.163865,0.192754,0.286119,0.396536,0.260874,0.375174,0.216611,0.422873,0.420500,0.203420,0.282897,0.280760,0.304295,0.191575,0.380171,0.276013,0.322127,0.547539,0.330101,0.379007,0.129509,0.070166,0.075718,0.187115,0.541645,0.199020,0.342272,0.552837,0.199605,0.339868,0.223355,0.214299,0.277035,0.227964,0.525144,0.078038,0.473643,0.350837,0.588135,0.165514,0.443410,0.056575,0.291282,0.274851,0.233738,0.189932,0.144989,0.397838,0.376783,0.278428,0.178443,0.343431,0.458016,0.182034,0.358398,0.415150,0.166302,0.356559,0.196943,0.304504,0.448547,0.203542,0.425944,0.171882,0.424860,0.201338,0.183787,0.352172,0.351598,0.351326,0.301580,0.403510,0.305067,0.167243,0.274806,0.359669,0.317185,0.391722,0.425258,0.327916,0.170330,0.258242,0.247396,0.153483,0.380890,0.150674,0.361262,0.204874,0.133725,0.251033,0.368142,0.141477,0.244368,0.246036,0.301288,0.230820,0.274642,0.152822,0.220493,0.357355,0.142688,0.103599,0.154249,0.160982,0.280936,0.114831,0.348778,0.293676,1.000000,0.258167,0.349162,0.285466,0.308992,0.244710,0.264478,0.398262,0.220852,0.390660,0.177414,0.294484,0.394540,0.346030,0.366028,0.278400,0.236176,0.213743,0.286571,0.221218,0.467355,0.218238,0.097464,0.427219,0.130845,0.261170,0.431904,0.272452,0.184743,0.155546,0.156621,0.265230,0.198270,0.187870,0.342352,0.335195,0.223381,0.197337,0.199311,0.445022,0.191383,0.228643,0.138470,0.410443,0.327066,0.088350,0.412786,0.216358,0.266923,0.367764,0.338187,0.360140,0.248555,0.436870,0.339287,0.142473,0.151402,0.471143,0.530238,0.307485,0.381889
530,0.054754,0.171701,0.287632,0.018044,0.118326,0.155242,0.079774,0.085481,0.377885,0.178826,0.082321,0.129875,0.272289,0.326825,0.073468,0.067825,0.136383,0.283744,0.245167,0.192218,0.076981,0.272047,0.247775,0.356375,0.280260,-0.004783,0.019089,0.254420,0.126249,0.207156,0.066339,0.204645,0.308266,0.019974,0.122552,0.292697,0.025916,0.205782,0.152032,0.305210,0.124290,0.215151,0.205649,0.179503,0.042507,0.137361,0.254491,0.061776,0.028226,-0.040085,0.069284,-0.011494,0.154770,0.102226,0.116556,0.214632,0.050203,0.135952,0.181149,0.108816,0.191406,0.192522,0.084120,0.213027,0.159570,0.129665,0.299978,0.098421,0.244022,0.161618,0.061751,0.090588,0.149329,0.020446,0.022213,0.135061,-0.006871,0.083906,0.175914,0.116588,0.199943,0.066141,0.145525,0.138423,0.162822,0.064444,-0.041817,0.191298,0.289292,0.142264,0.114961,0.266725,0.088811,0.056478,0.178092,0.233107,0.218317,0.198700,0.326101,0.258778,0.258628,0.068104,0.164534,0.092618,0.332791,0.252679,0.140540,0.107772,0.047280,0.244112,0.180122,0.104358,0.103254,0.203263,0.139006,0.095752,0.223229,0.057777,0.163070,0.044209,0.276750,0.139631,0.209554,0.138710,0.115503,0.119511,0.103121,0.061714,0.172441,0.189343,0.203297,0.334525,0.105283,0.204612,0.114089,0.040218,0.227048,0.057251,-0.000064,0.075535,0.105547,0.189625,0.132651,-0.023473,0.215615,0.174456,0.042874,0.213074,0.030533,0.050285,0.095801,0.153293,0.345384,0.112163,0.214160,0.150693,0.080102,0.115057,0.200878,0.036645,0.088765,0.065977,0.088210,0.149451,0.179774,0.144620,0.148969,0.207101,0.242825,0.057181,0.019768,0.068991,0.098862,0.158414,0.075955,0.148522,0.165014,0.180335,0.059178,0.258167,1.000000,0.172797,0.198966,0.030856,0.197190,0.349014,0.126091,0.184396,0.037514,0.111974,0.115020,0.123345,0.274783,0.065260,0.096709,0.331768,0.269053,0.159385,0.072595,0.077524,0.310824,0.096266,0.151588,0.195567,0.243988,0.246786,0.002072,0.364321,0.108553,0.146602,0.206094,0.131705,0.163396,0.173671,0.015672,0.246708,0.186857,0.372903,0.139835,0.314642,0.218758,0.150529,0.013073,0.016866,0.280950,0.163309,0.332898,0.096610,0.277811,0.004953,0.068710,0.137426,0.067665,0.049277,0.276083,0.119698,0.225214,0.171837,-0.045948,0.087549
531,0.390033,0.187722,0.426457,0.214315,0.387382,0.289522,0.106752,0.204067,0.203067,0.277407,0.260509,0.106665,0.272949,0.266730,0.254775,0.160498,0.324488,0.295285,0.227242,0.148999,0.339120,0.240122,0.275341,0.388086,0.229373,0.257161,0.131592,0.229314,0.266407,0.225217,0.141354,0.231242,0.297190,0.258878,0.364030,0.461594,0.023642,0.214004,0.290970,0.233770,0.099320,0.168416,0.148246,0.119235,0.275687,0.252447,0.413898,0.096207,0.191810,0.112106,0.394282,0.115293,0.350631,0.146860,0.186158,0.181505,0.209026,0.225744,0.227876,0.274017,0.204406,0.136443,0.248874,0.165209,0.281896,0.163806,0.358811,0.285468,0.183023,0.205393,0.260074,0.145099,0.193937,0.195372,0.240560,0.166927,0.229453,0.101139,0.273250,0.458610,0.274276,0.147707,0.264866,0.210317,0.176688,0.351127,0.135694,0.157613,0.138794,0.159737,0.450709,0.229888,0.148098,0.111981,0.142585,0.160502,0.195727,0.327268,0.157915,0.282051,0.342530,0.150168,0.185099,0.317518,0.289573,0.186838,0.135682,0.280844,0.316300,0.114177,0.310930,0.324186,0.014827,0.367424,0.137427,0.221415,0.299908,0.104964,0.240646,0.209940,0.311713,0.236350,0.322632,0.186728,0.222586,0.325160,0.211473,0.097070,0.071053,0.218657,0.369578,0.210628,0.100832,0.286729,0.170170,0.328207,0.289706,0.288189,0.294659,0.226328,0.517619,0.388869,0.297058,0.125667,0.170052,0.222336,0.224926,0.334599,0.311328,0.366673,0.170773,0.161546,0.221240,0.243363,0.229273,0.355628,0.279407,0.254070,0.249032,0.364273,0.140240,0.341569,0.191619,0.230309,0.296049,0.208140,0.279012,0.236996,0.221506,0.233702,0.281492,0.226055,0.197826,0.199110,0.132700,0.205761,0.163373,0.131665,0.240502,0.349162,0.172797,1.000000,0.166629,0.224187,0.381642,0.262568,0.196896,0.260271,0.195007,0.075859,0.106530,0.254906,0.357989,0.144796,0.412253,0.214953,0.318418,0.190548,0.265023,0.246114,0.170632,0.126687,0.276451,0.173271,0.275303,0.295760,0.242950,0.249133,0.102390,0.272063,0.209668,0.203412,0.170348,0.170314,0.280771,0.229850,0.367495,0.185622,0.395286,0.134859,0.219453,0.163459,0.234087,0.280422,0.107503,0.384360,0.276907,0.349883,0.389605,0.254240,0.338297,0.088717,0.303276,0.321734,0.355446,0.029307,0.216089,0.358665,0.083894,0.288171
534,0.188311,0.307664,0.334033,0.229043,0.115522,0.380719,0.440277,0.422915,0.371428,0.539074,0.273678,0.234226,0.214534,0.268012,0.233224,0.368678,0.244280,0.244178,0.279429,0.171359,0.480330,0.384489,0.339509,0.363897,0.303922,0.145265,0.078012,0.344095,0.376990,0.469870,0.145130,0.235507,0.267111,0.054932,0.252279,0.484201,0.151204,0.456845,0.246418,0.177636,0.472056,0.440500,0.283395,0.353794,0.260187,0.498273,0.096642,0.162938,0.246728,0.164540,0.308359,0.060735,0.464219,0.297610,0.098698,0.349867,0.135848,0.155832,0.370215,0.505098,0.253040,0.126164,0.441757,0.282199,0.294897,0.096490,0.422062,0.347524,0.364426,0.326438,0.146189,0.565811,0.490088,0.253040,0.180983,0.392883,0.271804,0.058615,0.355754,0.425176,0.586677,0.314272,0.127437,0.202253,0.199305,0.258638,0.337414,0.305056,0.309055,0.135272,0.177519,0.146911,0.553447,0.217254,0.254071,0.246005,0.516685,0.320052,0.274443,0.443843,0.420987,0.213362,0.624863,0.151117,0.310159,0.300296,0.260106,0.299868,0.350691,0.179750,0.063654,0.232961,0.252045,0.339378,0.264201,0.216831,0.394348,0.298609,0.282818,0.241275,0.245548,0.163654,0.294760,0.274635,0.450665,0.302366,0.286267,0.426428,0.274620,0.534611,0.225334,0.219892,0.172479,0.558582,0.469934,0.393361,0.332624,0.085978,0.164460,0.241374,0.268566,0.121094,0.327634,0.137383,0.216689,0.287083,0.158859,0.412531,0.173944,0.324511,0.349419,0.353063,0.340336,0.208144,0.297783,0.367130,0.073881,0.371817,0.283762,0.213566,0.277151,0.184777,0.155773,0.285936,0.547218,0.325553,0.198162,0.275425,0.365075,0.319296,0.141143,0.252457,0.367021,0.097720,0.199899,0.437388,0.285955,0.348923,0.402589,0.285466,0.198966,0.166629,1.000000,0.229196,0.199718,0.259346,0.556316,0.237117,0.191666,0.124846,0.377594,0.345763,0.490606,0.173761,0.178961,0.283358,0.320042,0.330703,0.370785,0.260310,0.440890,0.203673,0.312389,0.152641,0.281693,0.334678,0.101915,0.345438,0.167217,0.185609,0.224648,0.534375,0.225728,0.322920,0.324893,0.462803,0.262598,0.310175,0.252033,0.320540,0.223680,0.098987,0.243980,0.208587,0.305225,0.314684,0.513910,0.509886,0.222314,0.139423,0.381201,0.307098,0.402688,0.211539,0.251052,0.158885,0.128963,0.309178,0.040069,0.118216
543,0.134522,0.413458,0.168216,0.503751,0.239313,0.140276,0.142782,0.346343,0.103790,0.189164,0.232423,0.118854,0.140094,0.068278,0.306712,0.296477,0.317825,0.293189,0.168121,0.033384,0.180953,0.185039,0.229261,0.288458,0.121248,0.175011,0.318393,0.125561,0.314544,0.175200,0.236883,0.252831,0.199874,0.205181,0.261952,0.275834,0.278646,0.269030,0.194586,0.107340,0.087433,0.180624,0.274183,0.207357,0.218654,0.323978,0.235639,0.125206,0.264581,0.296055,0.327622,0.173116,0.509973,0.223181,0.068882,0.207799,0.277502,0.251870,0.182889,0.302409,0.142326,0.185585,0.297328,0.095890,0.259872,0.111217,0.134749,0.455309,0.193554,0.247676,0.270239,0.181643,0.267269,0.320776,0.580734,0.330178,0.324101,0.241896,0.230833,0.268802,0.184227,0.299126,0.212189,0.051934,0.129842,0.289705,0.254994,0.205513,0.305683,0.183789,0.355811,-0.051757,0.005652,0.077794,0.138897,0.332141,0.186532,0.263255,0.239265,0.139205,0.275271,0.191738,0.213523,0.332865,0.191737,0.208018,0.047199,0.502685,0.313234,0.150486,0.183933,0.379519,0.122259,0.136576,0.309862,0.271174,0.114728,0.048799,0.199355,0.422703,0.244192,0.087982,0.282445,0.302392,0.263680,0.403543,0.300817,0.210435,0.299415,0.215176,0.291759,0.204369,0.242042,0.333137,0.122867,0.369992,0.092303,0.208258,0.496303,0.321306,0.313043,0.263654,0.342465,0.223057,0.108395,0.232344,0.467915,0.263931,0.370677,0.362457,0.301447,0.205858,0.100133,0.301826,0.075704,0.284896,0.101452,0.362165,0.236907,0.090215,0.440924,0.274104,0.204420,0.272991,0.166400,0.240996,0.303800,0.195771,0.154108,0.162138,0.389925,0.101042,0.115550,0.110869,0.059224,0.280829,0.149030,0.237654,0.236757,0.308992,0.030856,0.224187,0.229196,1.000000,0.247930,0.151422,0.296308,0.246215,0.495997,0.088324,0.357384,0.259304,0.281950,0.406741,0.102542,0.135497,0.138097,0.131231,0.198669,0.276592,0.164101,0.157304,0.344753,0.189676,0.192765,0.267919,0.213610,0.139427,0.255585,0.022080,0.282806,0.248287,0.147927,0.289459,0.514555,0.271490,0.191486,0.114438,0.487983,0.196008,0.059790,0.120895,0.459396,0.304555,0.084383,0.309316,0.163796,0.199359,0.204483,0.272000,0.301739,0.334692,0.506506,0.450812,0.074365,0.136723,0.178258,0.250676,0.207426,0.309131
544,0.302943,0.215793,0.323188,0.301934,0.314404,0.215850,0.111256,0.403784,0.257940,0.317462,0.320178,0.207850,0.188851,0.184865,0.216565,0.385760,0.437869,0.621576,0.390135,0.226544,0.292882,0.212068,0.490771,0.500989,0.241838,0.249241,0.126953,0.286682,0.382569,0.281392,0.137189,0.596901,0.392602,0.260006,0.399502,0.497586,0.036474,0.331359,0.284528,0.349384,0.252951,0.289728,0.277689,0.226997,0.292157,0.362216,0.608977,0.172090,0.360743,0.174333,0.397537,0.137962,0.386249,0.256686,0.172061,0.420447,0.303706,0.527215,0.198545,0.372543,0.366083,0.191258,0.391359,0.123340,0.350687,0.337038,0.411443,0.287496,0.215864,0.224749,0.241920,0.168990,0.450948,0.261222,0.430322,0.267187,0.261061,0.133293,0.368677,0.357137,0.282428,0.185797,0.375129,0.270961,0.317020,0.380890,0.203220,0.247602,0.226036,0.185761,0.358366,0.284682,0.130968,0.124152,0.284557,0.210505,0.228490,0.509910,0.163822,0.233945,0.575158,0.318147,0.361055,0.527624,0.192426,0.174971,0.071045,0.251224,0.195159,0.138905,0.733017,0.360648,0.104935,0.257846,0.256817,0.525598,0.298163,0.206320,0.322783,0.199147,0.692248,0.325342,0.805198,0.193716,0.211586,0.589837,0.305026,0.142413,0.207476,0.282655,0.281287,0.206186,0.100231,0.331192,0.159586,0.390326,0.161021,0.352177,0.410987,0.228542,0.422503,0.590748,0.354266,0.197561,0.407996,0.749038,0.300947,0.369748,0.302493,0.314181,0.272340,0.187685,0.097226,0.575825,0.150388,0.308017,0.187587,0.363022,0.391008,0.292753,0.173198,0.360004,0.507906,0.331062,0.248186,0.309090,0.259846,0.499633,0.261284,0.198218,0.343001,0.118805,0.208154,0.098235,0.226089,0.329289,0.340389,0.152704,0.261142,0.244710,0.197190,0.381642,0.199718,0.247930,1.000000,0.298441,0.239381,0.629733,0.210362,0.177455,0.291952,0.269507,0.345983,0.285580,0.261749,0.379156,0.290232,0.279777,0.225996,0.125514,0.272224,0.415323,0.379731,0.114841,0.466189,0.333884,0.286340,0.280593,0.128851,0.101817,0.309302,0.187443,0.519647,0.263598,0.395143,0.383973,0.325892,0.298678,0.447880,0.214770,0.332158,0.421084,0.227086,0.459821,0.073166,0.371311,0.314522,0.294096,0.253478,0.411592,0.327627,0.242696,0.364967,0.645127,0.232367,0.030449,0.218759,0.349681,0.065360,0.226709
545,-0.003395,0.244449,0.362150,0.177425,0.037250,0.167721,0.301012,0.236780,0.285729,0.329489,0.160350,0.159508,0.179809,0.152874,0.192214,0.151400,0.190221,0.380438,0.394461,0.203480,0.150908,0.253822,0.339223,0.439935,0.314346,0.129764,0.067596,0.331863,0.164177,0.308263,0.072380,0.384182,0.329357,0.106091,0.149028,0.443457,-0.004308,0.237162,0.207404,0.323810,0.267033,0.398544,0.191817,0.196726,0.090583,0.318719,0.319094,0.086591,0.178712,0.205231,0.327728,0.148841,0.338588,0.184640,0.057289,0.276663,0.150539,0.202019,0.268193,0.334123,0.340482,0.034477,0.247678,0.148980,0.360236,0.058777,0.401957,0.210480,0.223717,0.167714,0.131465,0.193285,0.274952,0.165482,0.228743,0.163241,0.168692,0.001373,0.285580,0.305337,0.359220,0.142356,0.151092,0.203237,0.187620,0.188728,0.143764,0.209507,0.256860,0.067983,0.296254,0.230961,0.143290,0.224478,0.172928,0.205337,0.257997,0.401608,0.261663,0.401933,0.413200,0.141661,0.332119,0.198935,0.421120,0.197491,0.019364,0.196003,0.205924,0.262686,0.255953,0.150979,0.333501,0.308460,0.191014,0.146397,0.422298,0.303976,0.213437,0.259809,0.308881,0.201317,0.333682,0.201771,0.317140,0.278789,0.165400,0.171606,0.185458,0.342820,0.118638,0.118896,0.075775,0.432164,0.273956,0.217269,0.126747,0.169533,0.182194,0.193933,0.289065,0.379365,0.283854,0.174941,0.238183,0.326600,0.104564,0.306314,0.075443,0.160260,0.203832,0.357843,0.200657,0.158777,0.135111,0.320525,0.128373,0.141590,0.161863,0.034830,0.121264,0.379380,0.165582,0.359328,0.316808,0.309489,0.111534,0.347040,0.223788,0.129543,0.202535,0.213089,0.160029,-0.017805,0.036214,0.345589,0.208962,0.177841,0.166928,0.264478,0.349014,0.262568,0.259346,0.151422,0.298441,1.000001,0.204458,0.390120,0.190530,0.105177,0.109370,0.221833,0.339877,0.136140,0.343034,0.372796,0.267002,0.157792,0.215442,0.074268,0.380835,0.050770,0.256168,0.081296,0.346940,0.319655,0.065067,0.289069,0.059366,0.035012,0.203017,0.305806,0.243852,0.220654,0.233720,0.404219,0.312528,0.291745,0.155203,0.475303,0.155424,0.181363,0.204317,0.080711,0.282333,0.302404,0.443732,0.246361,0.347018,0.105363,0.258929,0.110268,0.249429,0.165811,0.061189,0.192526,0.091958,0.248192,0.103459,0.033074
546,0.243251,0.335050,0.309235,0.356861,0.238390,0.267670,0.233951,0.435641,0.241298,0.478274,0.426856,0.186154,0.274284,0.177062,0.342635,0.413428,0.310964,0.288630,0.259021,0.142203,0.360288,0.461949,0.320648,0.400813,0.263386,0.220294,0.200813,0.322141,0.521947,0.328985,0.240655,0.315417,0.318249,0.213203,0.313443,0.446133,0.244385,0.428156,0.254308,0.203632,0.239297,0.372247,0.309490,0.300605,0.315266,0.562727,0.224279,0.154554,0.423737,0.298781,0.299097,0.104865,0.483718,0.339934,0.115945,0.310712,0.298702,0.186891,0.303823,0.450127,0.252770,0.191512,0.570764,0.265977,0.455966,0.212190,0.425512,0.426804,0.315141,0.309446,0.198150,0.398706,0.451004,0.334882,0.381658,0.375517,0.471000,0.065940,0.392295,0.468582,0.449545,0.313036,0.319187,0.170289,0.208517,0.349083,0.478053,0.309801,0.404196,0.162704,0.382618,0.083105,0.155970,0.160865,0.219506,0.256730,0.388460,0.397564,0.341543,0.329446,0.402570,0.245440,0.444772,0.230026,0.222711,0.343648,0.228856,0.462596,0.421749,0.217967,0.149769,0.307132,0.189066,0.293714,0.345970,0.307415,0.322667,0.141799,0.245044,0.267554,0.330077,0.171418,0.352904,0.335977,0.343114,0.308722,0.340591,0.301284,0.305353,0.514754,0.296516,0.290596,0.237222,0.468504,0.376198,0.476016,0.227065,0.246696,0.367366,0.391467,0.395040,0.204001,0.497187,0.233412,0.168305,0.277767,0.285205,0.362925,0.327713,0.485001,0.381792,0.201734,0.241747,0.255087,0.244202,0.538979,0.288095,0.413512,0.276836,0.222274,0.225616,0.298517,0.173986,0.360562,0.321703,0.289236,0.341033,0.304193,0.261029,0.314678,0.302645,0.267152,0.284544,0.166362,0.235740,0.421390,0.245513,0.300745,0.435176,0.398262,0.126091,0.196896,0.556316,0.296308,0.239381,0.204458,1.000000,0.217532,0.356594,0.168196,0.403625,0.389556,0.374498,0.251017,0.254034,0.180244,0.295786,0.254679,0.272450,0.396352,0.322342,0.181025,0.360999,0.120576,0.326650,0.402199,0.291453,0.235979,0.168807,0.232740,0.292849,0.449076,0.241018,0.312926,0.433523,0.341533,0.272088,0.288697,0.515971,0.308932,0.210950,0.182976,0.292885,0.270681,0.285724,0.360928,0.403306,0.384433,0.248559,0.294077,0.500751,0.301649,0.502634,0.321707,0.122158,0.044609,0.258269,0.402923,0.065310,0.210728
547,0.178788,0.272327,0.292611,0.266758,0.186235,0.202450,0.242248,0.411573,0.257802,0.412029,0.205272,0.223344,0.201715,0.159354,0.235558,0.432922,0.409631,0.720433,0.389586,0.237170,0.195607,0.229407,0.480858,0.415715,0.164380,0.218087,0.078444,0.233304,0.381731,0.222461,0.103210,0.627105,0.414489,0.146458,0.329310,0.459846,0.152013,0.370957,0.407162,0.465731,0.263304,0.288197,0.342835,0.293310,0.270391,0.366046,0.497603,0.134867,0.443771,0.192183,0.308982,0.118236,0.341579,0.302086,0.064911,0.423639,0.183174,0.517743,0.197833,0.391757,0.275364,0.109197,0.308078,0.108701,0.358917,0.288814,0.280416,0.227244,0.245901,0.279026,0.226610,0.196948,0.349382,0.206126,0.392267,0.247023,0.266174,0.199802,0.377138,0.280082,0.315675,0.258341,0.359910,0.381323,0.377898,0.310308,0.183370,0.390280,0.264133,0.204087,0.270950,0.200072,0.121226,0.145838,0.318466,0.254488,0.214584,0.458885,0.213213,0.284040,0.564575,0.425648,0.380932,0.480475,0.273677,0.174764,0.064507,0.263705,0.225242,0.169542,0.632672,0.254097,0.136333,0.243829,0.221096,0.496034,0.267558,0.209272,0.275816,0.172675,0.683740,0.359315,0.701411,0.221073,0.340312,0.539604,0.267226,0.136686,0.282638,0.189062,0.215829,0.217451,0.073933,0.344740,0.184424,0.418793,0.164622,0.209976,0.303798,0.221242,0.312882,0.505736,0.363502,0.150604,0.335915,0.641566,0.206499,0.429944,0.214374,0.352877,0.320332,0.217981,0.070430,0.493462,0.128890,0.265961,0.080991,0.374025,0.293579,0.174041,0.196253,0.272594,0.411828,0.552248,0.309045,0.333313,0.165406,0.592960,0.311520,0.156703,0.232215,0.146006,0.178064,0.028330,0.138733,0.482914,0.425160,0.313729,0.234636,0.220852,0.184396,0.260271,0.237117,0.246215,0.629733,0.390120,0.217532,1.000000,0.311634,0.124373,0.356857,0.272202,0.338508,0.263398,0.213470,0.454865,0.281073,0.181993,0.236534,0.159839,0.347040,0.356271,0.279886,0.077844,0.435291,0.294149,0.162901,0.292900,0.079908,-0.024367,0.336119,0.235090,0.550414,0.282016,0.397692,0.342605,0.350178,0.300942,0.384904,0.295938,0.283287,0.418670,0.227985,0.382058,0.077010,0.428947,0.341426,0.335715,0.214036,0.298483,0.240815,0.337015,0.345976,0.470608,0.111522,0.047082,0.167131,0.238625,0.068617,0.167227
555,0.207609,0.377432,0.073897,0.531587,0.129879,0.093477,0.097680,0.349873,0.145485,0.287146,0.286652,0.129792,0.202523,-0.035107,0.380546,0.297017,0.269994,0.359573,0.144480,0.016934,0.120632,0.248046,0.211207,0.268116,0.069458,0.268675,0.245467,0.144604,0.336117,0.115567,0.186935,0.260658,0.200830,0.301705,0.193732,0.254064,0.170741,0.257211,0.096041,0.097260,0.003866,0.150588,0.285761,0.192677,0.142857,0.376814,0.243908,0.085177,0.345329,0.394412,0.306414,0.246630,0.553093,0.243268,-0.040139,0.150383,0.329565,0.196120,0.109549,0.354323,0.101855,0.132232,0.296277,0.035019,0.345201,0.049084,0.108056,0.412542,0.128685,0.277242,0.262124,0.066300,0.172255,0.489756,0.588344,0.328671,0.451446,0.194122,0.256825,0.282802,0.185602,0.390828,0.272399,0.130294,0.160083,0.314447,0.411243,0.251732,0.308321,0.133719,0.424708,-0.040544,-0.059206,0.013027,0.090253,0.242075,0.115311,0.281421,0.223968,0.074895,0.314657,0.296930,0.212734,0.287513,0.152904,0.324360,0.016502,0.507822,0.363267,0.152667,0.201145,0.356263,0.057299,0.133147,0.325068,0.325311,0.141785,0.061541,0.181775,0.458230,0.282869,0.058888,0.347072,0.293725,0.202092,0.423563,0.389867,0.084001,0.362953,0.156696,0.242811,0.146101,0.178958,0.271614,0.159659,0.393626,0.064449,0.085696,0.530032,0.386588,0.362447,0.280194,0.401011,0.280387,0.106947,0.269209,0.382140,0.340712,0.318408,0.400486,0.321265,0.066971,0.022831,0.312831,0.107578,0.344110,0.146181,0.394686,0.170164,0.140272,0.492619,0.390901,0.292832,0.264275,0.118710,0.273498,0.189663,0.146078,0.046919,0.197162,0.447839,0.107051,0.085248,0.070390,0.090758,0.347858,0.155352,0.272169,0.239069,0.390660,0.037514,0.195007,0.191666,0.495997,0.210362,0.190530,0.356594,0.311634,1.000000,0.084183,0.379427,0.313506,0.210358,0.419407,0.107461,0.069831,0.095622,0.157921,0.157310,0.470141,0.168833,0.159568,0.323494,0.016316,0.208506,0.241620,0.197486,0.163544,0.088530,0.013884,0.262535,0.199997,0.164260,0.226346,0.570466,0.167387,0.150077,0.126996,0.488544,0.155164,0.169530,0.178906,0.563069,0.389419,0.054503,0.288840,0.120721,0.156830,0.167503,0.301344,0.263983,0.236318,0.408497,0.334329,-0.041084,0.103042,0.123495,0.272690,0.246687,0.258492
556,0.100555,0.221857,0.087047,0.072730,0.132935,0.169234,0.055586,0.194973,0.088876,0.170006,0.170323,0.331892,0.150679,0.086267,0.106782,0.157342,0.146397,0.176389,0.152295,0.228245,0.088611,0.234984,0.221852,0.097033,0.192277,0.067578,0.121528,0.107618,0.158904,0.175222,0.163267,0.038560,0.132957,0.024804,0.195942,0.197152,0.226292,0.395179,0.164955,0.013950,0.092456,0.137545,0.303518,0.482079,0.088623,0.159667,0.147701,0.319812,0.074815,0.065735,0.155572,-0.045128,0.173763,0.065045,0.025531,0.484197,0.102802,0.065787,0.096143,0.136800,0.032757,0.160575,0.167139,0.102987,0.124422,0.313332,0.192228,0.193767,0.194801,0.085907,0.125570,0.062978,0.168843,0.113957,0.060398,0.180731,0.049782,0.127655,0.230247,0.159277,0.085471,0.338753,0.078760,0.159319,0.169357,0.000721,0.119468,0.255195,0.307835,0.402515,0.008603,0.060789,0.072956,0.031887,0.286157,0.225819,0.193288,0.131268,0.242021,0.111801,0.108258,0.038084,0.123576,0.215847,0.051635,0.147698,0.064818,0.108191,0.156577,0.127492,0.091703,0.254246,0.019096,0.100294,0.074231,0.060574,0.142769,-0.037676,0.395153,0.096120,0.161908,0.149670,0.199516,0.196277,0.207696,0.141205,0.085420,0.181311,0.151527,0.107975,0.068969,0.292480,0.129328,0.154817,0.143051,0.182183,0.104863,0.088654,0.039050,0.005749,0.188177,0.135693,0.105287,-0.031767,0.246121,0.129014,0.182840,0.109600,0.041800,0.131815,0.191326,0.072398,0.024362,0.198924,0.117503,0.055092,-0.021711,0.164938,0.300885,0.029645,0.122987,0.021288,0.115112,0.087911,0.085897,0.117475,0.110229,0.058242,0.137146,0.122922,0.058029,0.110017,0.138688,0.125046,0.131970,0.170148,0.149887,0.225222,0.166132,0.177414,0.111974,0.075859,0.124846,0.088324,0.177455,0.105177,0.168196,0.124373,0.084183,1.000000,0.231475,0.277388,0.160857,0.194755,0.035499,0.131910,0.082557,0.417015,0.103476,0.122054,0.116206,0.172346,0.148176,0.140881,0.183632,0.173053,-0.007686,0.154891,0.054965,0.106690,0.210647,0.140381,0.169209,0.229091,0.068687,0.140131,0.124175,0.017475,0.126257,0.032648,0.191466,0.149534,0.048866,0.139535,0.099989,0.112400,0.127400,0.171412,0.096731,0.090932,0.069762,0.307390,0.226019,0.193393,0.099050,-0.073759,0.218145,0.219897,-0.108381,0.158253
558,0.095022,0.514804,0.272797,0.412732,0.236472,0.328844,0.289723,0.543160,0.352085,0.448799,0.320278,0.357405,0.339814,0.217808,0.296571,0.595805,0.243459,0.298320,0.331951,0.207959,0.263054,0.303538,0.394026,0.315081,0.121764,0.206269,0.248595,0.285101,0.433526,0.267996,0.389687,0.348797,0.241461,0.182740,0.341188,0.310366,0.281252,0.534171,0.298109,0.287815,0.337779,0.269536,0.528750,0.469839,0.295571,0.492024,0.192526,0.283739,0.364207,0.258397,0.267854,0.111035,0.494128,0.406374,0.044781,0.476058,0.303233,0.278250,0.277956,0.500604,0.165259,0.409270,0.430346,0.150714,0.295112,0.316672,0.277894,0.433985,0.342595,0.480823,0.239669,0.317495,0.283465,0.355478,0.336272,0.634177,0.269316,0.438822,0.348238,0.357720,0.278716,0.531498,0.218390,0.233752,0.333385,0.244382,0.298033,0.460556,0.512054,0.353639,0.275809,0.008233,0.123296,0.182402,0.438699,0.465760,0.296319,0.284494,0.454109,0.248009,0.336430,0.319056,0.397148,0.269302,0.197983,0.393001,0.137631,0.470560,0.420093,0.159786,0.247940,0.313901,0.219205,0.374965,0.370890,0.369373,0.223342,0.160694,0.316983,0.257537,0.352788,0.153027,0.398913,0.370045,0.406460,0.396434,0.498081,0.370870,0.480752,0.245259,0.394681,0.374625,0.296896,0.451487,0.274931,0.472542,0.253924,0.249608,0.282443,0.296866,0.181155,0.180393,0.494904,0.179409,0.202912,0.347618,0.305815,0.350301,0.271866,0.492490,0.408505,0.308627,0.219985,0.430259,0.252787,0.284427,0.102504,0.642583,0.404216,0.084886,0.477339,0.159134,0.168667,0.415576,0.300112,0.265236,0.282731,0.339020,0.288721,0.227632,0.205997,0.153479,0.218762,0.139021,0.245718,0.500516,0.256000,0.477180,0.321624,0.294484,0.115020,0.106530,0.377594,0.357384,0.291952,0.109370,0.403625,0.356857,0.379427,0.231475,1.000000,0.415100,0.454415,0.414723,0.140758,0.299429,0.308933,0.376831,0.213094,0.376218,0.339020,0.229597,0.475106,0.306535,0.380393,0.362380,0.227464,0.254963,0.183513,0.068574,0.381964,0.356707,0.261724,0.505525,0.456993,0.352247,0.256607,0.347628,0.457245,0.198793,0.221909,0.267639,0.319997,0.210802,0.130819,0.357677,0.382324,0.358242,0.226863,0.171641,0.323305,0.599583,0.584483,0.336739,0.218898,0.185792,0.264937,0.250264,0.032771,0.261440
562,0.297727,0.600605,0.199258,0.442841,0.304673,0.357096,0.256716,0.431672,0.211271,0.398828,0.417373,0.364533,0.351561,0.223625,0.369719,0.443664,0.384940,0.365042,0.408152,0.269312,0.268007,0.495750,0.504748,0.339045,0.327349,0.203780,0.181256,0.267162,0.468842,0.332663,0.367299,0.289451,0.276287,0.279531,0.471909,0.409919,0.221331,0.368629,0.226271,0.207513,0.235499,0.297960,0.392623,0.389043,0.263335,0.511731,0.264717,0.166303,0.351104,0.273603,0.424267,0.142634,0.455298,0.300152,0.182848,0.372182,0.340483,0.219668,0.194285,0.473392,0.231192,0.299280,0.489443,0.310092,0.473916,0.318812,0.339006,0.427234,0.392118,0.384648,0.362054,0.289625,0.304453,0.289848,0.306374,0.528946,0.387640,0.343149,0.545897,0.398367,0.308823,0.368350,0.287430,0.285022,0.420975,0.255356,0.370177,0.366618,0.403618,0.319139,0.277473,0.114947,0.145038,0.086319,0.281673,0.583050,0.332611,0.320994,0.360638,0.241484,0.388969,0.256715,0.380190,0.419573,0.176875,0.362553,0.102179,0.511312,0.473824,0.179353,0.217259,0.396849,0.067547,0.329131,0.361175,0.344162,0.236290,0.146393,0.417032,0.365307,0.371125,0.218384,0.399928,0.354632,0.316414,0.358239,0.509721,0.303312,0.394107,0.346256,0.257763,0.285449,0.231295,0.513404,0.219429,0.432844,0.183485,0.258470,0.363220,0.285342,0.378768,0.227630,0.381534,0.173218,0.347370,0.294902,0.235164,0.355852,0.363154,0.370094,0.560813,0.168552,0.140345,0.431843,0.206446,0.289694,0.132327,0.453709,0.449206,0.204159,0.419141,0.245730,0.180653,0.326789,0.381378,0.408227,0.256720,0.231359,0.216346,0.357298,0.244821,0.293859,0.204009,0.330427,0.348728,0.422224,0.201519,0.384340,0.451852,0.394540,0.123345,0.254906,0.345763,0.259304,0.269507,0.221833,0.389556,0.272202,0.313506,0.277388,0.415100,1.000000,0.400656,0.335753,0.129614,0.212539,0.312382,0.342399,0.258067,0.352360,0.269283,0.218163,0.575722,0.134716,0.436177,0.440764,0.228959,0.198798,0.177561,0.167952,0.341789,0.281962,0.241197,0.508041,0.390999,0.327320,0.279982,0.285707,0.343833,0.171403,0.338188,0.244841,0.277575,0.309364,0.175156,0.452157,0.344859,0.320979,0.221880,0.312111,0.324336,0.367889,0.523209,0.358141,0.185283,0.064681,0.379540,0.478859,0.155078,0.295797
563,0.223639,0.335510,0.541900,0.307577,0.274252,0.354920,0.291087,0.468903,0.538055,0.495341,0.276283,0.244823,0.261265,0.404767,0.258799,0.387852,0.280760,0.342695,0.445043,0.230234,0.362573,0.333723,0.435266,0.630439,0.521396,0.181294,0.149786,0.509888,0.437052,0.412744,0.327752,0.326022,0.440083,0.165592,0.422169,0.617091,0.149478,0.385039,0.279306,0.318072,0.362518,0.533874,0.271629,0.251754,0.270919,0.402640,0.407219,0.129505,0.284250,0.173711,0.402091,0.101302,0.419375,0.217926,0.122758,0.351020,0.249445,0.188102,0.240947,0.515223,0.308211,0.291692,0.450611,0.176440,0.424676,0.218501,0.589617,0.305408,0.338040,0.307909,0.324087,0.348410,0.274629,0.198484,0.341473,0.453244,0.308815,0.258123,0.371827,0.559779,0.651836,0.253455,0.315271,0.238763,0.180556,0.210376,0.186399,0.257503,0.312970,0.277753,0.448098,0.342103,0.367954,0.249852,0.321584,0.337674,0.461366,0.532649,0.296606,0.570832,0.464078,0.219519,0.408101,0.319291,0.343868,0.312964,0.075696,0.469689,0.320443,0.115056,0.263914,0.279492,0.160848,0.580052,0.286131,0.269641,0.627596,0.286384,0.268701,0.220384,0.369060,0.194571,0.402524,0.275045,0.349264,0.378304,0.378201,0.457795,0.329732,0.367153,0.390658,0.286719,0.206078,0.444246,0.251035,0.467514,0.326617,0.373454,0.252667,0.253967,0.330524,0.361390,0.434362,0.150326,0.246561,0.273994,0.240628,0.472126,0.217883,0.381762,0.318748,0.347587,0.278355,0.429535,0.250498,0.405364,0.198478,0.433230,0.283446,0.200820,0.251296,0.275607,0.212492,0.399662,0.524681,0.329414,0.181219,0.312840,0.285543,0.256204,0.246978,0.248421,0.257999,0.146949,0.140203,0.448009,0.245847,0.347152,0.327167,0.346030,0.274783,0.357989,0.490606,0.281950,0.345983,0.339877,0.374498,0.338508,0.210358,0.160857,0.454415,0.400656,1.000000,0.208805,0.412274,0.432294,0.525991,0.236424,0.356345,0.255720,0.611564,0.201904,0.401113,0.218450,0.474374,0.328106,0.171246,0.549573,0.183194,0.135762,0.330769,0.345517,0.229736,0.519905,0.462369,0.431007,0.578903,0.459382,0.316762,0.280960,0.184839,0.209577,0.249049,0.232302,0.357237,0.359219,0.630457,0.549044,0.411516,0.266290,0.531570,0.429173,0.471199,0.349388,0.383122,0.146887,0.322973,0.334900,0.074116,0.284895
564,0.160968,0.424408,0.070756,0.517358,0.218017,0.117445,0.085441,0.300436,0.142478,0.203153,0.236074,0.164009,0.233971,0.069547,0.369852,0.342503,0.223427,0.285592,0.171613,0.054588,0.133398,0.244662,0.272257,0.253190,0.033061,0.134183,0.231806,0.174576,0.213368,0.104059,0.286901,0.306549,0.187852,0.176280,0.225961,0.204618,0.309968,0.266483,0.156221,0.140831,0.068571,0.168961,0.356545,0.203916,0.197950,0.292508,0.159828,0.187394,0.212526,0.331866,0.182273,0.180491,0.345391,0.155026,-0.010296,0.210292,0.313403,0.268146,0.139038,0.284660,0.125995,0.292644,0.251785,0.076330,0.211170,0.109871,0.144623,0.319209,0.166770,0.235884,0.241877,0.086261,0.226710,0.331506,0.404501,0.339672,0.285242,0.298101,0.224568,0.248269,0.097093,0.323571,0.221787,0.110243,0.196663,0.268444,0.312891,0.247862,0.439228,0.170776,0.255900,-0.064374,-0.035929,0.068794,0.182398,0.437046,0.101145,0.198127,0.336826,0.121372,0.260043,0.240952,0.131026,0.215700,0.148956,0.310591,-0.003178,0.375355,0.200148,0.287004,0.201188,0.304977,0.095583,0.138339,0.297523,0.267360,0.127179,0.099490,0.177164,0.399719,0.296170,0.093356,0.278500,0.422714,0.188697,0.343473,0.398036,0.111148,0.353853,0.066953,0.240567,0.281647,0.274596,0.323770,0.070785,0.317161,0.080370,0.146187,0.293609,0.287865,0.243869,0.263927,0.335266,0.286097,0.118809,0.272906,0.512712,0.213488,0.281961,0.385868,0.293101,0.097830,0.038023,0.272877,0.068417,0.195325,0.065774,0.423791,0.244497,0.080335,0.351773,0.285455,0.221728,0.294420,0.105087,0.221340,0.128774,0.245651,0.115067,0.204519,0.323827,-0.007486,0.106621,0.014982,0.091524,0.276467,0.174522,0.284521,0.220439,0.366028,0.065260,0.144796,0.173761,0.406741,0.285580,0.136140,0.251017,0.263398,0.419407,0.194755,0.414723,0.335753,0.208805,1.000000,0.082670,0.213977,0.072511,0.214348,0.097881,0.361093,0.159757,0.110309,0.321625,0.107229,0.218695,0.283835,0.200451,0.113480,0.099504,0.013121,0.235830,0.144821,0.120146,0.272534,0.402753,0.182732,0.011819,0.109198,0.436341,0.138662,0.236803,0.155445,0.404802,0.384265,0.015465,0.322174,0.209160,0.166617,0.192831,0.345006,0.218153,0.303290,0.449328,0.503515,0.084090,0.084313,0.268998,0.154034,0.221605,0.271380
568,0.140412,0.172176,0.425723,0.073485,0.102059,0.106512,0.079346,0.290493,0.267544,0.346396,0.148683,0.063041,0.209650,0.193018,0.220540,0.088490,0.143055,0.205127,0.246797,0.100094,0.246846,0.221522,0.165624,0.356308,0.368907,0.192547,0.082393,0.284494,0.234496,0.186626,0.066150,0.306924,0.270195,0.182859,0.173913,0.369098,0.075886,0.282838,0.156834,0.224508,0.081300,0.155404,0.218810,0.151251,0.237894,0.248376,0.326782,0.141440,0.145410,0.190268,0.307878,0.182602,0.251931,0.042608,0.139579,0.182817,0.253996,0.070534,0.138893,0.335101,0.371442,0.004243,0.281361,0.080484,0.244896,0.132078,0.441194,0.209624,0.057380,0.165526,0.165216,0.180115,0.077979,0.168257,0.292218,0.105744,0.193226,0.037366,0.205142,0.527488,0.331001,0.199820,0.233794,0.182802,0.054223,0.275245,0.097825,0.119031,0.167814,0.086006,0.540026,0.343307,0.094926,0.104678,0.102481,0.073727,0.158288,0.547042,0.147339,0.317533,0.312641,0.102861,0.182287,0.159866,0.398787,0.227926,0.085831,0.225845,0.245184,0.209287,0.259799,0.197641,0.113426,0.464233,0.107538,0.214329,0.440739,0.150824,0.241631,0.182737,0.275623,0.086219,0.282055,0.233455,0.115344,0.282600,0.099082,0.106762,0.032879,0.230992,0.159687,0.174844,0.129471,0.327701,0.133646,0.316138,0.194514,0.228024,0.205355,0.210598,0.319900,0.505957,0.385489,0.228482,0.139147,0.119584,0.206487,0.172207,0.234779,0.320508,0.084406,0.263446,0.245438,0.269805,0.105418,0.337836,0.364715,0.256655,0.104569,0.184598,0.038702,0.414094,0.249271,0.202130,0.282084,0.234805,0.062453,0.190565,0.154622,0.108423,0.296104,0.115722,0.105738,-0.027265,0.092622,0.285347,0.093884,0.094404,0.215152,0.278400,0.096709,0.412253,0.178961,0.102542,0.261749,0.343034,0.254034,0.213470,0.107461,0.035499,0.140758,0.129614,0.412274,0.082670,1.000000,0.280828,0.365765,0.148974,0.316952,0.086910,0.369931,0.078641,0.252128,0.035368,0.243595,0.264099,0.202369,0.261388,-0.020770,0.104797,0.086890,0.179808,0.172860,0.232746,0.226826,0.257055,0.293068,0.266052,0.213962,0.218769,0.109565,0.147203,0.226103,0.187744,0.149056,0.250885,0.380495,0.340508,0.241742,0.254209,0.417008,0.116264,0.328773,0.265988,0.142075,0.184637,0.185567,0.230096,0.180229,0.234797
574,0.125561,0.209452,0.326733,0.107967,0.258498,0.246542,0.258105,0.284951,0.387036,0.273874,0.134783,0.198970,0.228020,0.283069,0.133920,0.303426,0.371841,0.362355,0.336935,0.260161,0.172980,0.267915,0.545198,0.366673,0.283896,0.096960,0.006882,0.367671,0.215274,0.275514,0.181295,0.493928,0.246242,0.099857,0.326196,0.402505,0.066940,0.278987,0.436883,0.541231,0.447291,0.299158,0.302831,0.290892,0.201908,0.282102,0.263109,0.191006,0.194905,0.056355,0.206667,0.015680,0.242466,0.281582,0.118706,0.337618,0.134326,0.501866,0.235165,0.266972,0.351956,0.234672,0.295668,0.249345,0.244157,0.172498,0.397427,0.102288,0.254050,0.219209,0.199524,0.221494,0.372276,0.101481,0.210645,0.233838,0.050812,0.136895,0.298101,0.284361,0.299464,0.180439,0.065629,0.445102,0.345602,0.127765,-0.030072,0.290522,0.282467,0.234388,0.182318,0.158467,0.199113,0.278914,0.294689,0.277380,0.319835,0.281970,0.315863,0.352684,0.520739,0.385304,0.257407,0.168781,0.279456,0.254706,0.054408,0.235304,0.093417,0.183635,0.350430,0.127564,0.231094,0.355701,0.199906,0.119791,0.424395,0.299513,0.173378,0.028875,0.530422,0.311098,0.430877,0.211359,0.295178,0.197986,0.197736,0.247767,0.231763,0.229313,0.179065,0.230719,0.134971,0.359919,0.158270,0.246621,0.246900,0.175090,0.112074,0.132839,0.196084,0.254879,0.255135,0.038773,0.335111,0.420864,0.144537,0.240087,0.149984,0.203735,0.234148,0.324076,0.215917,0.187628,0.175321,0.199918,0.062530,0.281415,0.224905,0.162072,0.040679,0.144430,0.054003,0.553622,0.360163,0.244493,0.115193,0.529273,0.422760,0.137486,0.040298,0.273014,0.220739,0.113132,0.164692,0.372791,0.162023,0.311134,0.215103,0.236176,0.331768,0.214953,0.283358,0.135497,0.379156,0.372796,0.180244,0.454865,0.069831,0.131910,0.299429,0.212539,0.432294,0.213977,0.280828,1.000000,0.341827,0.223686,0.184927,0.113375,0.348070,0.134337,0.269826,0.202258,0.322462,0.265799,0.037757,0.388707,0.142795,0.071414,0.247092,0.224334,0.375479,0.344331,0.189029,0.336995,0.280788,0.402826,0.284268,0.271148,0.196798,0.220774,0.027032,0.045784,0.237074,0.440734,0.488140,0.382374,0.230445,0.097000,0.254941,0.272645,0.245007,0.164162,0.328536,0.095905,0.252704,0.178034,-0.004740,0.153631
577,0.143312,0.205599,0.505215,0.174174,0.241196,0.326556,0.219757,0.328625,0.593422,0.462282,0.297402,0.222098,0.221994,0.490615,0.119715,0.263776,0.207039,0.218578,0.443498,0.243818,0.364259,0.272637,0.268806,0.409612,0.333000,0.107925,0.122298,0.394471,0.338392,0.308234,0.194770,0.231443,0.372536,0.200263,0.350739,0.497900,0.121797,0.392502,0.231874,0.316656,0.272089,0.361704,0.268307,0.344745,0.244511,0.364316,0.337445,0.116662,0.229551,0.036662,0.230748,0.019517,0.277839,0.185995,0.078695,0.332745,0.119321,0.188355,0.265241,0.414054,0.190247,0.202458,0.318269,0.207523,0.348739,0.272104,0.468309,0.258289,0.323190,0.256224,0.115415,0.308614,0.184075,0.142092,0.207831,0.298567,0.221198,0.145997,0.282569,0.484676,0.414833,0.220407,0.208971,0.170897,0.101691,0.174130,0.163752,0.293706,0.249338,0.245028,0.265670,0.280439,0.229318,0.239686,0.322086,0.206313,0.371727,0.435815,0.228197,0.277825,0.370947,0.114591,0.326386,0.264201,0.335745,0.264881,0.101529,0.256108,0.303290,0.078612,0.278994,0.282303,0.126910,0.488925,0.279267,0.164769,0.472060,0.124816,0.269253,0.117589,0.358563,0.129780,0.343568,0.147253,0.353708,0.239717,0.273707,0.370789,0.164551,0.330234,0.283710,0.235216,0.163548,0.322875,0.242648,0.408743,0.487350,0.338235,0.245989,0.153822,0.205406,0.357000,0.269732,0.014752,0.357974,0.201187,0.174803,0.405430,0.187804,0.253224,0.276371,0.246669,0.223692,0.259710,0.188760,0.323998,0.293805,0.320960,0.380814,0.143539,0.185781,0.167240,0.133229,0.312692,0.447587,0.194394,0.238000,0.187165,0.250102,0.151430,0.128429,0.229156,0.212707,0.115602,0.136663,0.390016,0.225679,0.300463,0.287740,0.213743,0.269053,0.318418,0.320042,0.138097,0.290232,0.267002,0.295786,0.281073,0.095622,0.082557,0.308933,0.312382,0.525991,0.072511,0.365765,0.341827,1.000000,0.229976,0.222640,0.168718,0.468904,0.203594,0.260676,0.173987,0.428405,0.374566,0.119903,0.548736,0.094064,0.130494,0.207846,0.361301,0.194189,0.361243,0.284472,0.387818,0.382971,0.468343,0.257416,0.255034,0.152081,0.129635,0.126913,0.145572,0.310345,0.239416,0.446916,0.397912,0.345897,0.117665,0.354215,0.349420,0.308311,0.204641,0.300174,0.059604,0.144430,0.224206,-0.065601,0.083125
579,0.206192,0.342894,0.204009,0.213984,0.244197,0.285039,0.177190,0.363166,0.252612,0.337565,0.287843,0.437996,0.285119,0.170218,0.234365,0.311082,0.262375,0.239844,0.301592,0.294485,0.271697,0.348625,0.397695,0.215472,0.146774,0.112148,0.173220,0.186007,0.329885,0.279970,0.231057,0.232633,0.189157,0.177946,0.284299,0.262205,0.179523,0.553750,0.179172,0.147451,0.166538,0.159219,0.453029,0.702128,0.210036,0.431565,0.175461,0.521950,0.185936,0.193187,0.255027,0.046893,0.307677,0.237326,0.053055,0.596525,0.303161,0.138727,0.238205,0.360450,0.145914,0.295460,0.310039,0.212135,0.196878,0.383520,0.269212,0.354228,0.275226,0.210816,0.165811,0.220627,0.241760,0.170670,0.143566,0.390307,0.116833,0.206897,0.346785,0.278168,0.101877,0.503091,0.147373,0.180652,0.253092,0.243863,0.231074,0.343983,0.363696,0.557307,0.077494,0.085982,0.155399,0.048441,0.405400,0.388653,0.256198,0.190058,0.364725,0.182227,0.286916,0.152845,0.316699,0.272383,0.156959,0.316282,0.110880,0.255497,0.368804,0.185395,0.165399,0.492604,0.150292,0.215413,0.212809,0.318864,0.100847,0.082097,0.529525,0.242923,0.278011,0.176379,0.332888,0.327025,0.276429,0.313988,0.347191,0.243455,0.268026,0.233435,0.167041,0.328748,0.148246,0.355503,0.228732,0.275168,0.153061,0.125667,0.145721,0.135390,0.242782,0.253383,0.221754,0.126995,0.370700,0.210957,0.208920,0.271189,0.219763,0.232741,0.223599,0.208583,0.144696,0.319642,0.136548,0.135534,0.062990,0.413079,0.437046,0.194746,0.297791,0.105193,0.250145,0.197157,0.222256,0.197349,0.180479,0.186000,0.200868,0.204836,0.123103,0.174049,0.111093,0.175104,0.260468,0.287290,0.152267,0.320889,0.257799,0.286571,0.159385,0.190548,0.330703,0.131231,0.279777,0.157792,0.254679,0.181993,0.157921,0.417015,0.376831,0.342399,0.236424,0.214348,0.148974,0.223686,0.229976,1.000000,0.171257,0.245016,0.266420,0.311685,0.284770,0.144391,0.306559,0.436538,0.109246,0.211427,0.110194,0.167099,0.269700,0.239740,0.248430,0.355524,0.249397,0.315808,0.118762,0.182038,0.264615,0.091645,0.281786,0.202504,0.233038,0.234813,0.094670,0.213554,0.322223,0.247139,0.156094,0.198577,0.166751,0.406875,0.339664,0.194597,0.111871,0.097429,0.295780,0.370509,0.042797,0.206096
583,0.108719,0.276455,0.185398,0.147892,0.148866,0.225624,0.207724,0.369543,0.096757,0.279714,0.119236,0.152114,0.175867,0.157305,0.235734,0.183358,0.223013,0.175565,0.197511,-0.044569,0.277776,0.257441,0.153501,0.347636,0.233771,0.261919,0.075368,0.163790,0.220815,0.165167,0.026815,0.164615,0.196710,0.090893,0.262586,0.412335,0.113152,0.249131,0.137494,0.029811,0.228997,0.205604,0.203222,0.170828,0.271654,0.309638,0.196590,0.037816,0.245294,0.264340,0.222967,0.265053,0.301410,0.201202,0.015390,0.241685,0.153867,0.148782,0.202809,0.280534,0.153036,0.007934,0.287115,0.066771,0.243757,0.005073,0.283146,0.240111,0.106552,0.255725,0.203088,0.281658,0.250459,0.153142,0.231770,0.190727,0.268942,0.019968,0.202226,0.397630,0.322047,0.270914,0.161085,0.148204,0.148030,0.235599,0.252896,0.178644,0.289428,0.068950,0.394379,0.061310,0.345776,0.135262,0.209155,0.208343,0.125080,0.323310,0.235347,0.277719,0.314229,0.080721,0.250562,0.095247,0.348511,0.169328,0.119430,0.178660,0.307709,0.104963,0.118969,0.265088,0.038736,0.218082,0.196038,0.211304,0.394986,0.066075,0.186676,0.283812,0.164846,0.094064,0.266845,0.193842,0.289193,0.359448,0.081337,0.152809,0.140654,0.250115,0.134930,0.149398,0.090475,0.468624,0.225119,0.365639,0.151373,0.135816,0.198298,0.213007,0.308034,0.172453,0.370857,0.207611,0.101856,0.171358,0.205009,0.340440,0.244099,0.475189,0.149688,0.218882,0.084089,0.281976,0.168032,0.389513,0.373187,0.285607,0.181462,0.198608,0.113808,0.323527,0.146314,0.255325,0.504324,0.286533,0.155342,0.262673,0.121523,0.227215,0.214545,0.198345,0.152357,0.033073,0.104338,0.305159,0.175539,0.163539,0.189447,0.221218,0.072595,0.265023,0.370785,0.198669,0.225996,0.215442,0.272450,0.236534,0.157310,0.103476,0.213094,0.258067,0.356345,0.097881,0.316952,0.184927,0.222640,0.171257,1.000000,0.114465,0.336195,0.084569,0.268242,0.084506,0.202212,0.195077,0.179711,0.303551,0.069325,0.173978,0.080539,0.247866,0.102427,0.164177,0.222237,0.217705,0.288679,0.198126,0.249549,0.265234,0.108344,0.059757,0.334773,0.174294,0.044152,0.273248,0.302312,0.436750,0.164520,0.161627,0.287575,0.161350,0.368252,0.262647,0.133721,0.076030,0.123001,0.240923,0.171649,0.197786
584,0.207802,0.352096,0.124080,0.384433,0.165675,0.209374,0.154620,0.210452,0.172406,0.355477,0.356186,0.186176,0.372278,0.122327,0.286223,0.349064,0.208480,0.247501,0.133114,0.173283,0.277317,0.364406,0.216754,0.239440,0.051103,0.200496,0.254673,0.191102,0.283649,0.170590,0.291689,0.159970,0.128301,0.272906,0.263637,0.263874,0.127890,0.281880,0.216858,0.135950,0.145272,0.167031,0.323975,0.224309,0.165047,0.303580,0.078437,0.153527,0.240140,0.221215,0.280448,0.090269,0.346003,0.234424,0.015402,0.144435,0.299399,0.186991,0.146128,0.322098,0.086254,0.314485,0.309919,0.168265,0.346359,0.147546,0.224901,0.314984,0.178939,0.298727,0.193044,0.235453,0.192666,0.335147,0.224834,0.359954,0.317784,0.234878,0.400127,0.258119,0.231218,0.347994,0.201887,0.277634,0.186413,0.227061,0.312698,0.241545,0.343562,0.161093,0.259851,0.006087,0.086741,0.098121,0.141750,0.314003,0.173045,0.192288,0.298421,0.226808,0.225946,0.280188,0.224130,0.210464,0.097377,0.366753,0.092166,0.393647,0.403374,0.215955,0.082098,0.312108,0.102801,0.222557,0.263413,0.150332,0.151131,0.179555,0.226052,0.245144,0.146782,0.121582,0.195120,0.299982,0.158204,0.186764,0.408052,0.139548,0.386545,0.157792,0.250648,0.255323,0.218090,0.269907,0.155266,0.368326,0.145682,0.125031,0.285081,0.404920,0.285252,0.171894,0.318150,0.144231,0.080647,0.169119,0.227668,0.298626,0.216613,0.346147,0.290339,0.072939,0.094141,0.197047,0.225329,0.302433,0.081123,0.310834,0.149917,0.182843,0.311986,0.162601,0.132375,0.201812,0.172575,0.237334,0.154062,0.220655,0.157529,0.193976,0.345647,0.206961,0.093666,0.163663,0.160988,0.266564,0.145947,0.349491,0.250682,0.467355,0.077524,0.246114,0.260310,0.276592,0.125514,0.074268,0.396352,0.159839,0.470141,0.122054,0.376218,0.352360,0.255720,0.361093,0.086910,0.113375,0.168718,0.245016,0.114465,1.000000,0.118991,0.093875,0.385240,0.156822,0.247155,0.272142,0.083661,0.051417,0.111707,0.130711,0.222390,0.179644,0.083002,0.349522,0.358142,0.122579,0.129873,0.132125,0.373266,0.045979,0.209154,0.094504,0.331099,0.318330,0.037748,0.300152,0.217869,0.247397,0.182375,0.256641,0.218569,0.250157,0.331925,0.203291,0.114294,0.017947,0.233495,0.484576,0.085095,0.224785
587,0.110257,0.221210,0.396650,0.196804,0.108603,0.193247,0.235651,0.429755,0.448074,0.484036,0.241859,0.197098,0.165894,0.284926,0.185188,0.340972,0.216599,0.282184,0.458423,0.147364,0.245288,0.249562,0.314326,0.427267,0.374088,0.155414,0.108979,0.431803,0.352192,0.282941,0.172856,0.301034,0.391629,0.109979,0.258134,0.495321,0.072365,0.374946,0.143267,0.305801,0.258562,0.426614,0.288778,0.316688,0.185248,0.439253,0.259665,0.108965,0.301136,0.069331,0.292078,0.028461,0.400752,0.248386,0.098898,0.347641,0.196443,0.164288,0.224232,0.409481,0.287250,0.156432,0.365417,0.112543,0.364248,0.221232,0.455971,0.247608,0.264330,0.224940,0.128603,0.294011,0.265930,0.176847,0.214526,0.415790,0.314413,0.154630,0.273340,0.521530,0.529681,0.266554,0.267151,0.169257,0.139699,0.188627,0.145427,0.267835,0.272091,0.237707,0.354651,0.240741,0.249114,0.158009,0.297614,0.219270,0.317910,0.460438,0.240359,0.503026,0.434193,0.197382,0.350803,0.205578,0.480858,0.209950,0.067115,0.313772,0.261562,0.143247,0.170299,0.207077,0.181111,0.401264,0.168805,0.263468,0.470521,0.240553,0.244029,0.196313,0.331400,0.059949,0.334040,0.212135,0.317755,0.296326,0.300659,0.368821,0.252078,0.330882,0.220544,0.316146,0.113530,0.313048,0.262842,0.430859,0.293725,0.269788,0.194550,0.235910,0.184067,0.246536,0.390236,0.042238,0.308959,0.248577,0.145300,0.392324,0.124174,0.316522,0.309490,0.246994,0.229192,0.292895,0.137259,0.335320,0.179733,0.382943,0.283223,0.119101,0.243782,0.325400,0.191241,0.375915,0.379107,0.309728,0.148026,0.261754,0.189102,0.239194,0.170118,0.167349,0.234969,0.047711,0.112408,0.481557,0.208360,0.295927,0.369201,0.218238,0.310824,0.170632,0.440890,0.164101,0.272224,0.380835,0.322342,0.347040,0.168833,0.116206,0.339020,0.269283,0.611564,0.159757,0.369931,0.348070,0.468904,0.266420,0.336195,0.118991,1.000000,0.173899,0.275909,0.060901,0.367429,0.349625,0.079390,0.575206,0.097125,0.162975,0.233498,0.322627,0.209803,0.378398,0.335352,0.396325,0.428029,0.421480,0.240794,0.352536,0.127593,0.117650,0.180590,0.119593,0.312813,0.222243,0.592699,0.524291,0.263771,0.091008,0.386817,0.373583,0.356561,0.196697,0.209618,0.133114,0.162466,0.186445,0.018652,0.146374
591,0.166608,0.219393,0.184854,0.211618,0.222168,0.219793,0.137320,0.273752,0.207859,0.297048,0.334945,0.313682,0.202588,0.177040,0.032859,0.288800,0.183480,0.382981,0.225554,0.276845,0.119694,0.214197,0.295637,0.257174,0.072496,0.012049,0.098600,0.114294,0.328344,0.140505,0.143177,0.203773,0.196819,0.134111,0.318445,0.237089,-0.077003,0.316537,0.086953,0.090595,0.163137,0.149718,0.294595,0.282268,0.148586,0.278186,0.388472,0.116062,0.124838,0.002244,0.179108,-0.032948,0.174951,0.156518,0.088430,0.338715,0.037268,0.222696,0.112988,0.300058,0.184513,0.223396,0.276082,0.186500,0.134970,0.283797,0.146138,0.309776,0.232782,0.139650,0.141779,0.094519,0.219926,0.146441,0.230019,0.285221,0.109583,0.153125,0.213769,0.161321,0.153486,0.174056,0.232224,0.166932,0.142070,0.300095,0.144642,0.282990,0.148450,0.250117,0.118740,0.140558,0.210974,0.037896,0.353942,0.159929,0.197850,0.358904,0.143618,0.065248,0.265369,0.210210,0.204863,0.465612,0.041529,0.145937,0.141777,0.135347,0.298769,0.026162,0.372642,0.190936,-0.015639,0.077921,0.213304,0.348819,0.073786,0.119693,0.191914,0.120677,0.345797,0.137973,0.422248,0.225188,0.201524,0.363697,0.315425,0.198858,0.254687,0.130487,0.166805,0.112158,0.154691,0.214417,0.124321,0.262988,0.178568,0.170532,0.237199,0.041747,0.194750,0.315582,0.163876,0.078338,0.393502,0.352042,0.151112,0.301266,0.126831,0.150623,0.210443,0.107203,0.081360,0.430594,0.103146,0.112725,0.062332,0.293131,0.401734,0.150747,0.198277,0.161897,0.425768,0.188361,0.224547,0.092773,0.197849,0.191966,0.162054,0.148975,0.147951,0.154585,0.093234,0.221607,0.175664,0.307279,0.249514,0.263387,0.308748,0.097464,0.096266,0.126687,0.203673,0.157304,0.415323,0.050770,0.181025,0.356271,0.159568,0.172346,0.229597,0.218163,0.201904,0.110309,0.078641,0.134337,0.203594,0.311685,0.084569,0.093875,0.173899,1.000000,0.146889,0.139531,0.325099,0.285626,0.176273,0.151068,0.121250,0.001643,0.354238,0.178454,0.337190,0.265416,0.226778,0.164500,0.162046,0.136723,0.172691,-0.032110,0.321194,0.249495,0.115450,0.411843,0.009537,0.138236,0.203091,0.257436,0.122236,0.230561,0.153033,0.365643,0.216789,0.414776,0.096037,-0.075333,0.062607,0.178815,-0.016746,0.061869
593,0.274429,0.451905,0.322874,0.411472,0.260519,0.284589,0.242435,0.486410,0.276866,0.401858,0.340032,0.270019,0.338236,0.202970,0.357059,0.404547,0.317623,0.323320,0.335378,0.248113,0.272391,0.374344,0.425049,0.441357,0.247100,0.351808,0.314149,0.271122,0.398547,0.394241,0.366619,0.383983,0.269839,0.405426,0.352243,0.438306,0.176196,0.402820,0.191809,0.256627,0.238910,0.269753,0.404868,0.329798,0.280415,0.509055,0.258428,0.231297,0.368268,0.249672,0.531913,0.215961,0.527773,0.276985,0.191819,0.268946,0.426676,0.327047,0.228135,0.561873,0.251242,0.344689,0.515309,0.214006,0.386696,0.211787,0.356088,0.491119,0.299734,0.399128,0.311519,0.216572,0.369157,0.344160,0.407889,0.481436,0.397733,0.323342,0.458430,0.451565,0.312562,0.378086,0.293674,0.323830,0.367139,0.363545,0.267036,0.310660,0.380655,0.302611,0.360188,0.096217,0.112569,0.090048,0.252031,0.480312,0.299796,0.430221,0.308739,0.250454,0.366029,0.351968,0.404845,0.373705,0.220126,0.486502,0.136298,0.489951,0.383733,0.255477,0.294979,0.416945,0.172661,0.374709,0.368699,0.397046,0.348397,0.235847,0.414935,0.385875,0.396322,0.146189,0.433990,0.365271,0.285142,0.458046,0.520239,0.269386,0.330116,0.363703,0.360944,0.263882,0.266018,0.537391,0.232586,0.501323,0.164905,0.298739,0.430300,0.391368,0.402827,0.374164,0.463387,0.290873,0.237021,0.346834,0.296721,0.318485,0.327834,0.385198,0.446168,0.309186,0.271850,0.421133,0.282142,0.335507,0.101338,0.389623,0.333512,0.241153,0.413331,0.357929,0.246871,0.326402,0.319888,0.434931,0.221554,0.337759,0.266072,0.361398,0.415448,0.245394,0.188644,0.257049,0.357405,0.455973,0.228656,0.317879,0.407243,0.427219,0.151588,0.276451,0.312389,0.344753,0.379731,0.256168,0.360999,0.279886,0.323494,0.148176,0.475106,0.575722,0.401113,0.321625,0.252128,0.269826,0.260676,0.284770,0.268242,0.385240,0.275909,0.146889,1.000000,0.319610,0.444396,0.439454,0.275735,0.196058,0.263421,0.182218,0.279894,0.250761,0.250250,0.521777,0.451148,0.392205,0.308089,0.257122,0.407950,0.177133,0.317048,0.207647,0.335104,0.313835,0.177140,0.498051,0.334786,0.327908,0.318285,0.373560,0.375904,0.356240,0.629885,0.433286,0.242567,0.244329,0.315238,0.452657,0.211494,0.317667
594,0.109932,0.202127,0.429799,0.117752,0.218438,0.282297,0.256990,0.187243,0.246358,0.137308,0.134864,0.142267,0.212279,0.341813,0.048949,0.168431,0.104181,0.087425,0.135945,0.278778,0.137598,0.162077,0.137651,0.244804,0.144570,0.045709,0.116725,0.162171,0.099416,0.343754,0.278267,0.015402,0.135109,0.011194,0.258268,0.224346,0.065633,0.227677,0.244141,0.221973,0.349827,0.230761,0.194038,0.177067,0.146740,0.130795,0.126907,0.177163,0.032738,-0.057615,0.183242,-0.025194,0.215795,0.013750,0.129622,0.183066,0.074952,0.122772,0.243129,0.290518,-0.008641,0.383547,0.110344,0.176648,0.100181,0.250886,0.191382,0.282821,0.269384,0.234979,0.107902,0.150200,0.125750,0.072168,-0.012053,0.237878,-0.097783,0.334312,0.214530,0.095579,0.171730,0.090309,0.097078,0.205228,0.172663,0.146404,-0.019102,0.331496,0.188875,0.217539,0.041441,0.061360,0.277423,0.299642,0.446427,0.235386,0.289856,0.139513,0.205492,0.109717,0.068981,0.075337,0.230803,0.168640,0.016714,0.234336,0.078236,0.157652,0.162531,0.121312,0.125371,0.113770,0.286559,0.251315,0.086848,0.073369,0.173784,0.235011,0.152279,0.013943,0.047080,0.154334,0.087751,0.176468,0.381590,0.112343,0.193380,0.282857,0.205127,0.239109,0.372935,0.147096,0.266415,0.276244,0.253868,0.195950,0.180329,0.153173,0.010985,0.010532,0.150908,0.084080,0.156141,-0.011012,0.050346,0.110417,0.088230,0.162557,0.048021,0.107967,0.183307,0.477401,0.413325,0.135352,0.201946,0.018620,-0.038072,0.211833,0.254201,0.051172,0.179714,0.013459,0.038552,0.088960,0.214875,0.110854,0.174337,0.153887,0.312373,0.094515,-0.007144,0.169908,0.146033,0.263704,0.128211,0.083527,0.102660,0.247045,0.075614,0.130845,0.195567,0.173271,0.152641,0.189676,0.114841,0.081296,0.120576,0.077844,0.016316,0.140881,0.306535,0.134716,0.218450,0.107229,0.035368,0.202258,0.173987,0.144391,0.084506,0.156822,0.060901,0.139531,0.319610,1.000000,0.169414,0.213002,0.102786,0.192697,0.283452,0.154558,0.240854,0.223366,-0.010687,0.284593,0.098410,0.249695,0.237830,0.151881,0.136191,0.080875,0.188423,0.139095,0.048539,0.005596,0.194766,0.270987,0.150868,0.166183,0.291303,0.041628,0.196135,0.271903,0.244678,0.167328,0.282519,0.243658,0.227720,0.143263,0.013219,0.194928
596,0.150845,0.304480,0.423350,0.318896,0.250111,0.311838,0.360669,0.342921,0.406799,0.490193,0.365838,0.310280,0.258560,0.358503,0.162750,0.474253,0.300852,0.471158,0.633610,0.319052,0.248373,0.364258,0.484713,0.507087,0.304119,0.131737,0.107249,0.400124,0.323905,0.310215,0.289178,0.385373,0.366070,0.280418,0.300099,0.444995,0.102699,0.400336,0.281663,0.432858,0.314425,0.408331,0.336859,0.315643,0.128975,0.430177,0.465129,0.217257,0.328623,0.115588,0.347437,0.045933,0.351512,0.221172,0.101470,0.435982,0.206904,0.335789,0.233757,0.476464,0.306206,0.362625,0.408807,0.198492,0.497261,0.369748,0.375068,0.304724,0.413100,0.289997,0.187395,0.272506,0.343202,0.258501,0.289094,0.441474,0.203758,0.202914,0.370241,0.422276,0.350979,0.235185,0.242641,0.260495,0.290503,0.305577,0.182290,0.367730,0.242297,0.279366,0.352926,0.306667,0.218604,0.151365,0.326680,0.360248,0.310921,0.453892,0.210237,0.345233,0.490141,0.293321,0.395354,0.509563,0.221972,0.236406,0.191813,0.341338,0.230541,0.124545,0.425237,0.262260,0.176868,0.502335,0.257090,0.309866,0.351929,0.304896,0.348341,0.144941,0.506012,0.250060,0.553963,0.302615,0.372670,0.373440,0.432006,0.398707,0.335084,0.362481,0.301677,0.164490,0.135381,0.338343,0.301019,0.421469,0.247722,0.503843,0.322075,0.265662,0.264236,0.451676,0.355449,0.113325,0.427933,0.396513,0.156906,0.443629,0.154355,0.215763,0.443701,0.305326,0.226563,0.394270,0.223022,0.316078,0.215184,0.353789,0.448152,0.092977,0.253082,0.280379,0.237383,0.335155,0.319831,0.278745,0.210080,0.346517,0.251987,0.185467,0.168468,0.173200,0.237407,0.128418,0.155365,0.532175,0.276135,0.368635,0.331509,0.261170,0.243988,0.275303,0.281693,0.192765,0.466189,0.346940,0.326650,0.435291,0.208506,0.183632,0.380393,0.436177,0.474374,0.218695,0.243595,0.322462,0.428405,0.306559,0.202212,0.247155,0.367429,0.325099,0.444396,0.169414,1.000000,0.450197,0.177538,0.287143,0.101396,0.039335,0.400597,0.344196,0.414393,0.494232,0.406728,0.444316,0.406896,0.417920,0.294605,0.265771,0.263951,0.306508,0.183165,0.326142,0.304121,0.314744,0.481894,0.342597,0.272397,0.228148,0.375463,0.411939,0.362841,0.345083,0.228593,0.050343,0.252406,0.327437,-0.020628,0.153029
597,0.277443,0.458680,0.353130,0.359887,0.274717,0.264392,0.248536,0.379232,0.352964,0.487513,0.378174,0.351280,0.385386,0.209560,0.235173,0.357476,0.291603,0.361251,0.403597,0.310291,0.264896,0.427928,0.451104,0.409321,0.266916,0.144539,0.166342,0.257427,0.370904,0.287367,0.318535,0.330582,0.224079,0.337736,0.379865,0.415111,0.227891,0.489490,0.205612,0.226476,0.167830,0.245067,0.394799,0.477154,0.279953,0.453511,0.294039,0.260126,0.261939,0.223164,0.397910,0.124267,0.384345,0.270742,0.269305,0.436629,0.254391,0.201349,0.264885,0.472522,0.341909,0.320042,0.467331,0.267606,0.349861,0.393434,0.328447,0.421822,0.342355,0.286703,0.266037,0.254502,0.240971,0.184456,0.310770,0.438913,0.298123,0.248408,0.460077,0.378753,0.299490,0.346318,0.209479,0.253866,0.241903,0.481043,0.287186,0.394856,0.411653,0.320961,0.278210,0.068426,0.105554,0.129968,0.304729,0.514412,0.270439,0.424263,0.430051,0.179782,0.389211,0.311884,0.361793,0.309143,0.343481,0.417140,0.138414,0.355295,0.490782,0.371327,0.221193,0.362538,0.157313,0.324835,0.400296,0.284992,0.184979,0.162258,0.463079,0.328017,0.378621,0.171822,0.371431,0.480703,0.264638,0.360442,0.406049,0.209175,0.321098,0.305839,0.330727,0.377786,0.251448,0.471143,0.212937,0.395985,0.267812,0.169840,0.268051,0.297036,0.303322,0.429047,0.405733,0.156874,0.364064,0.245765,0.358093,0.338842,0.256532,0.322560,0.279693,0.180688,0.202246,0.330289,0.212431,0.377190,0.190751,0.472803,0.431247,0.300541,0.311475,0.352553,0.228329,0.395281,0.271396,0.350131,0.329629,0.283178,0.207346,0.330124,0.296106,0.255066,0.183218,0.199923,0.366610,0.455277,0.171304,0.404697,0.406233,0.431904,0.246786,0.295760,0.334678,0.267919,0.333884,0.319655,0.402199,0.294149,0.241620,0.173053,0.362380,0.440764,0.328106,0.283835,0.264099,0.265799,0.374566,0.436538,0.195077,0.272142,0.349625,0.285626,0.439454,0.213002,0.450197,1.000000,0.284073,0.274142,0.150618,0.089163,0.384151,0.304444,0.332586,0.531015,0.381378,0.441943,0.218908,0.302023,0.339996,0.225689,0.315965,0.370276,0.260023,0.253292,0.156762,0.408971,0.346456,0.324412,0.372079,0.189507,0.302013,0.428336,0.452257,0.324094,0.161277,0.081741,0.296760,0.481145,0.129923,0.196418
603,0.205999,0.234293,0.207781,0.265499,0.218835,0.037598,0.108576,0.283852,0.096729,0.175129,0.240554,0.149625,0.132155,0.096349,0.363853,0.226785,0.165883,0.264278,0.083855,0.078490,0.078631,0.125252,0.152279,0.340463,0.061240,0.266480,0.386654,0.146031,0.288162,0.067951,0.088612,0.244664,0.181736,0.190911,0.167467,0.274048,0.091327,0.137205,0.121654,0.148458,-0.009376,0.133939,0.136730,0.092509,0.454143,0.272869,0.257368,0.070052,0.231927,0.335586,0.261588,0.263687,0.269025,0.133801,0.211697,0.128318,0.316715,0.143147,0.110789,0.218085,0.253548,0.158323,0.261254,0.099172,0.167920,0.174550,0.174121,0.265022,0.086509,0.137194,0.220362,0.088809,0.107238,0.277525,0.365120,0.183890,0.344032,0.037485,0.161640,0.265220,0.134158,0.137371,0.343457,0.101926,0.132207,0.609186,0.294591,0.120869,0.157826,0.074399,0.366886,0.072342,-0.027038,0.048098,0.100343,0.149442,0.069745,0.259957,0.172856,0.098496,0.278304,0.168531,0.158208,0.237246,0.107056,0.193829,0.105693,0.285053,0.214556,0.202944,0.268625,0.348159,0.081105,0.116090,0.219297,0.356227,0.108417,0.024617,0.138036,0.323409,0.296841,0.053149,0.270809,0.256292,0.080758,0.356019,0.230115,0.062377,0.159100,0.181352,0.321592,0.095815,0.121302,0.267636,0.095520,0.282973,0.054567,0.268548,0.343335,0.276131,0.202231,0.242035,0.385089,0.339926,0.064966,0.202013,0.391829,0.212705,0.466232,0.376742,0.163198,0.134634,0.128971,0.297959,0.082634,0.367668,0.433671,0.324727,0.097505,0.107373,0.146089,0.370029,0.239449,0.195778,0.116401,0.181050,0.224104,0.178074,0.087732,0.181959,0.362519,0.005809,0.092037,0.032426,0.291999,0.187623,0.067133,0.048404,0.257346,0.272452,0.002072,0.242950,0.101915,0.213610,0.286340,0.065067,0.291453,0.162901,0.197486,-0.007686,0.227464,0.228959,0.171246,0.200451,0.202369,0.037757,0.119903,0.109246,0.179711,0.083661,0.079390,0.176273,0.275735,0.102786,0.177538,0.284073,1.000000,0.135493,0.146747,0.139096,0.206229,0.169053,0.112951,0.141304,0.313677,0.136819,0.134061,0.085850,0.361311,0.127243,0.106689,0.271434,0.318111,0.323784,0.065752,0.229749,0.137502,0.085647,0.167112,0.312529,0.240875,0.127882,0.397313,0.350142,0.032047,0.108261,0.241079,0.181696,0.200428,0.257513
604,0.163883,0.105863,0.446283,0.195978,0.167203,0.258705,0.233258,0.388504,0.554081,0.388350,0.242439,0.193600,0.145195,0.399384,0.121926,0.268933,0.262391,0.297913,0.367338,0.214275,0.291099,0.194864,0.264100,0.476317,0.393781,0.111808,0.084870,0.485851,0.343343,0.272058,0.201719,0.267513,0.382611,0.051462,0.291374,0.492724,0.100030,0.369207,0.211779,0.311209,0.301670,0.433397,0.168790,0.275181,0.235233,0.344376,0.344438,0.101256,0.281096,-0.013144,0.220958,-0.010676,0.289033,0.153064,0.081650,0.302983,0.141508,0.160766,0.224267,0.326895,0.195478,0.130406,0.266046,0.161644,0.314720,0.252598,0.461715,0.258805,0.257961,0.224784,0.088223,0.275107,0.210277,0.147615,0.194766,0.212110,0.212596,0.069785,0.170009,0.410119,0.488246,0.181419,0.289817,0.148622,0.124423,0.165248,0.103523,0.244827,0.182296,0.240473,0.237715,0.279140,0.259895,0.205407,0.347094,0.135971,0.319506,0.412073,0.152791,0.399999,0.373157,0.160754,0.311105,0.199585,0.317863,0.181504,0.002671,0.223989,0.206057,0.061569,0.212613,0.208276,0.199501,0.403794,0.158677,0.205924,0.411015,0.195145,0.226672,0.098228,0.327299,0.156613,0.319242,0.106854,0.286108,0.282365,0.221516,0.333578,0.172980,0.311257,0.261713,0.170547,0.092975,0.251180,0.227463,0.372218,0.310653,0.252868,0.201202,0.104707,0.214766,0.299935,0.347112,-0.025940,0.278813,0.252754,0.185961,0.361459,0.149735,0.252392,0.317286,0.320643,0.236173,0.284059,0.141966,0.390450,0.277801,0.282182,0.297426,0.180081,0.143992,0.250164,0.158650,0.336284,0.353708,0.142229,0.216333,0.250120,0.248579,0.167875,0.095131,0.190307,0.182157,0.108396,0.127761,0.365133,0.210476,0.277565,0.276470,0.184743,0.364321,0.249133,0.345438,0.139427,0.280593,0.289069,0.235979,0.292900,0.163544,0.154891,0.254963,0.198798,0.549573,0.113480,0.261388,0.388707,0.548736,0.211427,0.303551,0.051417,0.575206,0.151068,0.196058,0.192697,0.287143,0.274142,0.135493,1.000000,0.115087,0.137931,0.266689,0.326464,0.143693,0.305296,0.259914,0.360967,0.468710,0.433668,0.293354,0.255784,0.160270,0.206981,0.110963,0.077525,0.284575,0.205235,0.454689,0.321367,0.319244,0.046653,0.353417,0.344987,0.253407,0.213054,0.221038,0.108692,0.100481,0.204288,-0.023881,0.058741
606,0.223855,0.197795,0.165646,0.129070,0.166505,0.205646,0.143546,0.193718,0.117812,0.154660,0.099899,0.163577,0.072157,0.182376,0.085733,0.164257,0.150185,0.065651,0.111780,0.232660,0.163640,0.162510,0.233272,0.219834,0.126538,0.150427,0.178005,0.069355,0.217562,0.193686,0.079197,0.042149,0.128988,0.068379,0.281030,0.204964,0.113673,0.136731,0.165469,0.069012,0.189328,0.130842,0.161743,0.156915,0.266326,0.204634,0.025615,0.103881,0.085129,0.012032,0.227728,0.045776,0.287898,0.094736,0.336252,0.131799,0.036724,0.172094,0.150231,0.191796,0.201032,0.172705,0.282377,0.231552,0.126123,0.087264,0.110932,0.329064,0.189515,0.185761,0.178820,0.152572,0.181680,0.073309,0.133430,0.168712,0.090966,0.183055,0.179268,0.151740,0.111003,0.102694,0.138640,0.177486,0.172008,0.130084,0.010561,0.155410,0.176181,0.089716,0.140531,0.016702,0.122583,0.157876,0.087638,0.180101,0.213427,0.063067,0.165229,0.080544,0.131171,0.143577,0.244888,0.117635,0.075914,0.147435,0.012770,0.163366,0.104701,0.156776,0.066076,0.103453,0.106020,0.081611,0.204986,0.069910,0.109771,0.172189,0.155907,0.118177,0.042439,0.138485,0.135607,0.127322,0.191956,0.090517,0.205163,0.182886,0.129253,0.203024,0.126862,0.178853,0.094967,0.260873,0.164300,0.214484,0.159171,0.054202,0.123253,0.028056,0.230902,0.074086,0.115774,0.088400,0.049504,0.085958,0.265150,0.120039,0.134876,0.181790,0.172351,0.253577,0.164021,0.119383,0.173962,0.169931,0.047556,0.149494,0.150099,0.264866,0.248877,0.168709,-0.002968,0.128235,0.175853,0.173838,0.170848,0.179058,0.228672,0.109651,0.051755,0.229965,0.167323,0.421782,0.286629,0.119076,0.033259,0.148708,0.148077,0.155546,0.108553,0.102390,0.167217,0.255585,0.128851,0.059366,0.168807,0.079908,0.088530,0.054965,0.183513,0.177561,0.183194,0.099504,-0.020770,0.142795,0.094064,0.110194,0.069325,0.111707,0.097125,0.121250,0.263421,0.283452,0.101396,0.150618,0.146747,0.115087,1.000000,0.162148,0.092848,0.180740,0.043392,0.231710,0.177755,0.238770,0.165746,0.128418,0.203671,0.031822,0.118387,0.141466,0.103528,0.040338,0.036389,0.126358,0.136573,0.214503,0.153685,0.051936,0.112373,0.166214,0.194228,0.167333,0.204124,0.112020,0.172839,0.208600,-0.001612,0.201620
611,0.303095,0.043847,0.129461,0.050569,0.202861,0.158716,0.097255,0.135298,-0.007423,0.114373,0.234178,0.058744,0.167039,0.177635,0.146135,0.084392,0.198447,-0.018723,0.057810,0.067876,0.190098,0.207979,0.107847,0.141869,0.209928,0.275867,0.110402,0.159086,0.182290,0.235794,0.078706,-0.029914,0.227633,0.046822,0.238493,0.258710,-0.006694,0.106085,0.090883,0.022020,0.049236,0.142567,0.134701,0.121073,0.246053,0.250010,0.073668,0.157781,0.127118,0.008490,0.270758,0.101544,0.235678,0.109702,0.140483,0.091341,0.257034,0.060172,0.296374,0.079659,0.053720,0.139697,0.161320,0.185200,0.133117,0.024551,0.223842,0.167494,0.098393,0.194894,0.145714,0.102071,0.145442,0.072129,0.013972,0.100226,0.163558,0.059601,0.261442,0.243746,0.069570,0.115136,0.117319,0.132557,0.069209,0.041050,0.079495,0.099307,0.150473,0.089850,0.172573,0.025618,0.037282,0.107907,0.095180,0.051043,0.187947,0.120499,0.130835,0.105971,0.072201,0.052899,0.117049,0.077139,0.136772,0.185649,0.272708,0.150977,0.126893,0.064356,0.007140,0.192977,0.095601,0.039452,0.083706,0.120362,0.136177,0.055748,0.105537,0.151960,0.057479,0.168326,0.075208,0.119825,0.184821,0.104956,0.128904,0.032627,0.029524,0.260866,0.212560,0.199661,0.106136,0.197263,0.215214,0.155282,0.165384,0.077271,0.084577,0.119353,0.343160,0.040477,0.137893,0.115809,0.113346,0.043124,0.066103,0.160963,0.281935,0.208658,0.158389,0.105779,0.290482,0.012176,0.378038,0.214515,0.215892,0.118051,0.102885,0.277635,0.059027,0.120593,0.047885,0.027248,0.095858,0.242311,0.184990,0.021655,0.169284,0.339436,0.124801,0.294187,0.175042,0.279659,0.287865,0.048606,0.045072,0.079216,0.139674,0.156621,0.146602,0.272063,0.185609,0.022080,0.101817,0.035012,0.232740,-0.024367,0.013884,0.106690,0.068574,0.167952,0.135762,0.013121,0.104797,0.071414,0.130494,0.167099,0.173978,0.130711,0.162975,0.001643,0.182218,0.154558,0.039335,0.089163,0.139096,0.137931,0.162148,1.000000,0.043718,0.198657,-0.039952,0.115691,0.056955,0.173552,0.131912,0.061030,0.170565,0.102529,0.125238,0.076322,0.074943,0.075011,0.337429,0.196194,0.093589,0.079245,0.198589,0.101352,0.080017,0.059734,0.160164,0.074139,0.208412,0.055433,0.180802,0.235273,0.050102,0.264176
612,0.103207,0.311120,0.285430,0.382181,0.235851,0.348959,0.198028,0.277357,0.297237,0.342928,0.342520,0.261857,0.268530,0.190013,0.188230,0.431363,0.285428,0.389544,0.309059,0.301291,0.199588,0.307412,0.402395,0.346997,0.143421,0.137506,0.147042,0.207473,0.275008,0.237012,0.273498,0.274243,0.215198,0.134946,0.327083,0.243277,0.148446,0.359894,0.306921,0.276601,0.193973,0.266499,0.361240,0.271555,0.139931,0.346659,0.271723,0.108632,0.275468,0.217937,0.221800,0.025951,0.306174,0.338992,0.182854,0.335372,0.159347,0.240322,0.203224,0.352043,0.259238,0.351764,0.278537,0.399894,0.295641,0.308796,0.201437,0.348116,0.334816,0.350216,0.247793,0.216524,0.255998,0.194819,0.313556,0.395960,0.236344,0.301393,0.347551,0.206043,0.203796,0.235097,0.242773,0.172986,0.213226,0.217177,0.193307,0.352990,0.314183,0.283722,0.147153,0.106216,0.097083,0.091565,0.378375,0.323880,0.311839,0.285401,0.310448,0.228970,0.286713,0.245712,0.241154,0.391652,0.136137,0.260811,0.142918,0.311521,0.327311,0.195497,0.310793,0.178996,0.206008,0.282842,0.225897,0.300143,0.105497,0.153231,0.262080,0.151530,0.321152,0.266266,0.404207,0.305788,0.368154,0.316921,0.364771,0.307384,0.376329,0.238411,0.354646,0.174040,0.161818,0.262297,0.206576,0.308070,0.187451,0.189295,0.265069,0.260774,0.210969,0.280286,0.318361,0.067459,0.298799,0.348879,0.158205,0.380983,0.222241,0.224716,0.358096,0.239124,0.121737,0.326499,0.141201,0.238220,0.029273,0.355863,0.444317,0.113636,0.301913,0.147839,0.232164,0.320739,0.217920,0.240677,0.267569,0.265760,0.271536,0.188554,0.157716,0.144899,0.139844,0.212162,0.169082,0.349540,0.255406,0.338253,0.383003,0.265230,0.206094,0.209668,0.224648,0.282806,0.309302,0.203017,0.292849,0.336119,0.262535,0.210647,0.381964,0.341789,0.330769,0.235830,0.086890,0.247092,0.207846,0.269700,0.080539,0.222390,0.233498,0.354238,0.279894,0.240854,0.400597,0.384151,0.206229,0.266689,0.092848,0.043718,1.000000,0.330893,0.276395,0.418095,0.338214,0.346287,0.209155,0.260758,0.408714,0.279961,0.284023,0.313873,0.211049,0.235725,0.163979,0.324551,0.319973,0.208430,0.268881,0.154698,0.249184,0.363918,0.360101,0.241169,0.141525,0.030350,0.268804,0.238492,-0.030010,0.130498
613,0.074852,0.213544,0.366773,0.208532,0.065539,0.470166,0.512805,0.314431,0.286661,0.477682,0.237215,0.275787,0.187418,0.322121,0.148939,0.356040,0.240636,0.221886,0.383437,0.197343,0.360962,0.291204,0.224555,0.301497,0.235777,0.099057,0.088869,0.360952,0.336134,0.514456,0.092346,0.208272,0.196617,0.056413,0.191977,0.408736,0.160154,0.443506,0.291380,0.220049,0.309674,0.321549,0.260614,0.352264,0.255925,0.527496,0.176463,0.136833,0.259484,0.110592,0.208575,0.046999,0.476305,0.291058,0.085170,0.372195,0.126335,0.164536,0.666946,0.427449,0.264442,0.188098,0.291519,0.389497,0.339323,0.195716,0.309438,0.307994,0.581943,0.372147,0.022957,0.476679,0.497908,0.255267,0.170503,0.356013,0.204146,0.084262,0.278688,0.417511,0.365647,0.269319,0.123853,0.212269,0.136612,0.309451,0.190272,0.359536,0.265380,0.191489,0.192955,0.161986,0.235643,0.318481,0.398261,0.173545,0.543228,0.323668,0.227809,0.395898,0.317446,0.202105,0.590317,0.169661,0.415422,0.239699,0.248949,0.233021,0.344886,0.190051,0.174198,0.214778,0.465829,0.334309,0.180850,0.183178,0.327434,0.266104,0.262377,0.147869,0.208975,0.089673,0.256260,0.281761,0.735877,0.217812,0.242760,0.382388,0.242520,0.659736,0.260237,0.190796,0.125808,0.428326,0.760115,0.349136,0.438315,0.218854,0.117677,0.199981,0.248570,0.204324,0.403399,0.092424,0.203020,0.203107,0.169147,0.334938,0.148136,0.260631,0.290391,0.350424,0.291364,0.206839,0.348128,0.378549,0.211047,0.298956,0.304827,0.174927,0.170164,0.260787,0.162157,0.298771,0.380665,0.340338,0.215102,0.176906,0.363520,0.273418,0.103103,0.291917,0.653592,0.094814,0.220785,0.437995,0.185272,0.300440,0.379025,0.198270,0.131705,0.203412,0.534375,0.248287,0.187443,0.305806,0.449076,0.235090,0.199997,0.140381,0.356707,0.281962,0.345517,0.144821,0.179808,0.224334,0.361301,0.239740,0.247866,0.179644,0.322627,0.178454,0.250761,0.223366,0.344196,0.304444,0.169053,0.326464,0.180740,0.198657,0.330893,0.999999,0.204420,0.330958,0.215951,0.677800,0.197030,0.343920,0.321662,0.447858,0.167667,0.207143,0.154606,0.046324,0.344133,0.277369,0.390641,0.346056,0.197569,-0.000538,0.274442,0.263408,0.422241,0.180553,0.236715,0.206423,0.128622,0.249231,-0.027545,0.057785
615,0.244246,0.237461,0.225112,0.161209,0.164957,0.189157,0.131232,0.297881,0.154469,0.299947,0.198373,0.188640,0.148440,0.080256,0.112376,0.302968,0.416877,0.555967,0.367681,0.159787,0.115786,0.203428,0.553365,0.344378,0.200378,0.119985,-0.007307,0.224707,0.274642,0.179349,0.099366,0.579663,0.264928,0.205039,0.264283,0.337587,0.088059,0.330958,0.306252,0.373770,0.193615,0.167178,0.268491,0.283286,0.117892,0.326962,0.459956,0.107767,0.282758,0.094719,0.250150,0.021007,0.308312,0.327882,0.111830,0.351760,0.062864,0.448378,0.130186,0.277665,0.306130,0.086179,0.271754,0.207972,0.279750,0.288383,0.238423,0.133197,0.245005,0.198520,0.179881,0.207246,0.451803,0.220500,0.297856,0.388475,0.170412,0.137281,0.245904,0.222973,0.243967,0.258848,0.215279,0.293071,0.265169,0.225177,0.158443,0.273529,0.209834,0.135332,0.199811,0.180201,0.072790,0.086898,0.295888,0.191964,0.240058,0.334878,0.182856,0.231410,0.465251,0.270735,0.312870,0.396477,0.187366,0.136397,0.181490,0.172833,0.180328,0.106437,0.464454,0.188154,0.086070,0.201265,0.297513,0.343131,0.136416,0.113076,0.255872,0.105890,0.685788,0.387585,0.655660,0.213929,0.211842,0.383827,0.238230,0.132296,0.204374,0.207462,0.091677,0.173274,0.080899,0.253202,0.157153,0.248412,0.095961,0.146997,0.234574,0.198026,0.215276,0.414492,0.213140,0.078067,0.442349,0.560245,0.126268,0.291245,0.145347,0.187241,0.244378,0.057691,0.070368,0.445830,0.011086,0.224418,0.087236,0.331836,0.283848,0.230317,0.172170,0.269501,0.441720,0.367369,0.214446,0.228716,0.166996,0.463861,0.262260,0.175632,0.138997,0.175718,0.163390,0.072059,0.187015,0.370161,0.336311,0.137387,0.237135,0.187870,0.163396,0.170348,0.225728,0.147927,0.519647,0.243852,0.241018,0.550414,0.164260,0.169209,0.261724,0.241197,0.229736,0.120146,0.172860,0.375479,0.194189,0.248430,0.102427,0.083002,0.209803,0.337190,0.250250,-0.010687,0.414393,0.332586,0.112951,0.143693,0.043392,-0.039952,0.276395,0.204420,1.000000,0.245986,0.273351,0.309323,0.222206,0.268747,0.285527,0.205262,0.278361,0.352093,0.057180,0.277268,0.029193,0.341590,0.328408,0.235892,0.133403,0.181817,0.162079,0.195036,0.214293,0.339347,0.097354,0.010486,0.149231,0.235998,-0.005915,0.133622
621,0.158099,0.392617,0.368372,0.403580,0.269802,0.398638,0.333843,0.414654,0.386228,0.514914,0.376632,0.343906,0.318032,0.306761,0.231981,0.511264,0.296932,0.274685,0.430823,0.360733,0.214966,0.382650,0.493290,0.353045,0.226169,0.185883,0.192915,0.341619,0.437216,0.342162,0.508400,0.269058,0.282192,0.256555,0.414437,0.408521,0.163048,0.420733,0.299567,0.295565,0.305914,0.363246,0.415739,0.487027,0.193094,0.409524,0.152830,0.226591,0.313358,0.152145,0.337403,0.081947,0.383633,0.281479,0.177964,0.433491,0.286166,0.265602,0.219044,0.592833,0.256239,0.418904,0.457178,0.274854,0.431025,0.371265,0.373417,0.361505,0.372946,0.260345,0.287818,0.272330,0.261270,0.222658,0.283854,0.554853,0.279322,0.386275,0.553062,0.385428,0.343462,0.326441,0.210760,0.426966,0.326602,0.236409,0.236102,0.371907,0.318446,0.382586,0.224157,0.167378,0.187890,0.181057,0.353551,0.517215,0.340337,0.382149,0.345220,0.372823,0.377280,0.318521,0.389778,0.384695,0.234508,0.328229,0.136340,0.498650,0.349346,0.165858,0.243226,0.242570,0.190847,0.364621,0.330671,0.193816,0.287934,0.276012,0.432107,0.190925,0.315003,0.223957,0.379701,0.328440,0.319468,0.302378,0.496447,0.515454,0.435338,0.320633,0.386643,0.323571,0.232130,0.390507,0.249532,0.555220,0.261559,0.324396,0.233820,0.256770,0.254634,0.285469,0.361486,0.072581,0.312972,0.254148,0.252010,0.377048,0.192573,0.310348,0.482445,0.309266,0.212981,0.319268,0.176301,0.237989,0.053221,0.450535,0.423269,0.179759,0.404596,0.191136,0.114221,0.442336,0.337959,0.358516,0.231387,0.285391,0.309686,0.220738,0.225899,0.223375,0.183310,0.241347,0.253683,0.608508,0.153586,0.522328,0.432447,0.342352,0.173671,0.170314,0.322920,0.289459,0.263598,0.220654,0.312926,0.282016,0.226346,0.229091,0.505525,0.508041,0.519905,0.272534,0.232746,0.344331,0.361243,0.355524,0.164177,0.349522,0.378398,0.265416,0.521777,0.284593,0.494232,0.531015,0.141304,0.305296,0.231710,0.115691,0.418095,0.330958,0.245986,1.000000,0.458153,0.387874,0.343908,0.354764,0.317898,0.200528,0.233238,0.255429,0.147926,0.177936,0.237512,0.393892,0.481088,0.418810,0.288596,0.218928,0.413179,0.596261,0.496102,0.233051,0.184809,0.118052,0.337951,0.404562,0.044277,0.212272
623,0.355022,0.392103,0.291983,0.551720,0.211048,0.175197,0.199665,0.545543,0.230195,0.426528,0.412737,0.162661,0.070536,0.085285,0.378607,0.417203,0.391606,0.343859,0.329428,0.062132,0.235125,0.294620,0.313379,0.473381,0.235064,0.308729,0.206127,0.319152,0.391482,0.214605,0.283197,0.359874,0.312353,0.363892,0.287325,0.411525,0.156263,0.324374,0.237128,0.260009,0.139326,0.295269,0.301429,0.224159,0.252620,0.542339,0.316679,0.079705,0.458508,0.304404,0.415346,0.196817,0.602446,0.263403,0.067295,0.303310,0.408420,0.362761,0.128473,0.623436,0.265261,0.190138,0.531753,0.110995,0.527302,0.162528,0.280365,0.381286,0.207209,0.302324,0.342029,0.228171,0.276451,0.456664,0.702411,0.446743,0.467634,0.193716,0.370813,0.431297,0.351232,0.322817,0.359452,0.138695,0.168690,0.438450,0.425302,0.184025,0.273800,0.165662,0.474537,0.069733,0.041395,0.085452,0.186028,0.283508,0.242868,0.446830,0.155916,0.252867,0.474735,0.399754,0.407973,0.443271,0.182717,0.232864,0.007459,0.553116,0.311442,0.085416,0.314032,0.394330,0.081610,0.289100,0.456565,0.438482,0.284812,0.170569,0.232697,0.365070,0.390056,0.177724,0.453734,0.202792,0.212144,0.559574,0.473157,0.332160,0.393061,0.294407,0.367133,0.125328,0.236910,0.407247,0.134537,0.619247,0.129560,0.278135,0.663724,0.408445,0.378072,0.372853,0.413644,0.271142,0.187469,0.330199,0.331502,0.469293,0.375434,0.441783,0.445518,0.222882,0.085707,0.434513,0.164899,0.395209,0.217496,0.517323,0.290488,0.241691,0.480172,0.401332,0.376299,0.391344,0.269039,0.309316,0.283746,0.283760,0.161294,0.229990,0.467248,0.127804,0.137358,0.066708,0.157534,0.522836,0.273326,0.179398,0.318961,0.335195,0.015672,0.280771,0.324893,0.514555,0.395143,0.233720,0.433523,0.397692,0.570466,0.068687,0.456993,0.390999,0.462369,0.402753,0.226826,0.189029,0.284472,0.249397,0.222237,0.358142,0.335352,0.226778,0.451148,0.098410,0.406728,0.381378,0.313677,0.259914,0.177755,0.056955,0.338214,0.215951,0.273351,0.458153,1.000000,0.329045,0.268540,0.326708,0.528723,0.225997,0.197444,0.281098,0.483215,0.546160,0.189588,0.326946,0.340243,0.255661,0.269806,0.452220,0.459149,0.382872,0.478416,0.435155,0.096082,0.193656,0.156880,0.285219,0.210695,0.255084
626,0.165305,0.232122,0.476989,0.226806,0.140906,0.437681,0.448504,0.435773,0.301219,0.443654,0.221747,0.272146,0.153854,0.341583,0.201489,0.329006,0.293916,0.301072,0.513154,0.175590,0.340646,0.304791,0.340367,0.459084,0.424785,0.113772,0.085739,0.442058,0.315084,0.619795,0.130804,0.348203,0.306710,0.186523,0.268531,0.452239,0.155469,0.453208,0.348864,0.337746,0.330907,0.408944,0.269832,0.338021,0.265068,0.508008,0.305041,0.235155,0.289354,0.089352,0.366530,0.061955,0.553912,0.226537,0.182560,0.426055,0.251549,0.253345,0.612253,0.535051,0.437584,0.190904,0.356372,0.359626,0.393217,0.260658,0.454381,0.342356,0.599969,0.469166,0.107681,0.421683,0.412344,0.269448,0.295343,0.376509,0.194729,0.131265,0.394308,0.469938,0.395248,0.233150,0.208884,0.184105,0.184483,0.324581,0.120660,0.312248,0.220012,0.201991,0.312954,0.275434,0.210446,0.269829,0.372162,0.236231,0.572182,0.454863,0.177612,0.413175,0.419460,0.221809,0.616841,0.313457,0.360632,0.239334,0.153122,0.299917,0.258397,0.233768,0.273982,0.262216,0.444953,0.369729,0.253946,0.319124,0.392438,0.307497,0.313786,0.165875,0.381884,0.149032,0.406233,0.251723,0.630882,0.295670,0.259563,0.348281,0.211682,0.684061,0.265647,0.150098,0.124181,0.520969,0.660449,0.384406,0.308565,0.229720,0.224635,0.247007,0.298936,0.368770,0.363247,0.109983,0.288356,0.315448,0.210328,0.360611,0.207229,0.237785,0.284069,0.496552,0.381111,0.324387,0.364767,0.355188,0.191689,0.339313,0.353386,0.209116,0.240741,0.317937,0.313656,0.313218,0.356290,0.398201,0.254010,0.283686,0.438880,0.276303,0.184169,0.272485,0.497805,0.174309,0.262447,0.445035,0.202413,0.262709,0.282652,0.223381,0.246708,0.229850,0.462803,0.271490,0.383973,0.404219,0.341533,0.342605,0.167387,0.140131,0.352247,0.327320,0.431007,0.182732,0.257055,0.336995,0.387818,0.315808,0.217705,0.122579,0.396325,0.164500,0.392205,0.249695,0.444316,0.441943,0.136819,0.360967,0.238770,0.173552,0.346287,0.677800,0.309323,0.387874,0.329045,1.000000,0.280645,0.407873,0.303613,0.411187,0.200825,0.357747,0.183260,0.131309,0.423701,0.328834,0.451856,0.281933,0.255250,0.103364,0.322716,0.312903,0.396098,0.285995,0.318928,0.311442,0.225644,0.329988,0.022114,0.208512
632,0.149485,0.162379,0.556525,0.171167,0.145545,0.318949,0.227073,0.332722,0.352216,0.326877,0.249795,0.143404,0.178918,0.314983,0.134684,0.268110,0.254317,0.380553,0.362693,0.215105,0.301043,0.233452,0.317815,0.446590,0.383272,0.132301,0.064896,0.454426,0.402296,0.271988,0.232826,0.252904,0.584970,0.138113,0.393708,0.576838,0.124965,0.226982,0.301925,0.258102,0.307600,0.509535,0.108053,0.146409,0.150181,0.269420,0.363113,0.108111,0.309858,0.026877,0.322010,0.050580,0.306892,0.144995,0.137873,0.225727,0.166711,0.197374,0.149124,0.373570,0.216850,0.181948,0.281087,0.130155,0.415807,0.196664,0.565190,0.226983,0.295447,0.270593,0.225517,0.206237,0.218920,0.129645,0.216849,0.263201,0.274161,0.113794,0.303938,0.457439,0.576739,0.140927,0.459633,0.220118,0.140805,0.114259,0.139086,0.202705,0.126669,0.132658,0.357620,0.407931,0.298482,0.191132,0.265068,0.164394,0.304247,0.467891,0.118871,0.502459,0.292437,0.107503,0.301281,0.307494,0.148752,0.140885,0.097944,0.311618,0.219012,0.049722,0.253063,0.061018,0.109422,0.437709,0.150428,0.238812,0.466660,0.193340,0.220419,0.061541,0.296173,0.216618,0.357982,0.143303,0.260086,0.284852,0.221917,0.432780,0.178525,0.312123,0.291662,0.151186,0.108002,0.257898,0.176458,0.403597,0.258828,0.364387,0.185944,0.205291,0.319641,0.311540,0.302888,0.025966,0.210236,0.234976,0.077654,0.470777,0.145380,0.229204,0.325975,0.250905,0.228183,0.320139,0.195356,0.326708,0.173683,0.232533,0.199988,0.185900,0.104994,0.163274,0.191117,0.259789,0.380377,0.179749,0.287678,0.208829,0.191997,0.190104,0.154364,0.319873,0.206192,0.201587,0.129030,0.291142,0.245958,0.231766,0.256677,0.197337,0.186857,0.367495,0.262598,0.191486,0.325892,0.312528,0.272088,0.350178,0.150077,0.124175,0.256607,0.279982,0.578903,0.011819,0.293068,0.280788,0.382971,0.118762,0.288679,0.129873,0.428029,0.162046,0.308089,0.237830,0.406896,0.218908,0.134061,0.468710,0.165746,0.131912,0.209155,0.197030,0.222206,0.343908,0.268540,0.280645,1.000000,0.169981,0.235221,0.181426,0.102062,0.184029,0.136941,0.156113,0.330806,0.299718,0.440066,0.447935,0.350788,0.150926,0.507849,0.231281,0.279112,0.263662,0.332246,0.060420,0.180854,0.346795,0.007200,0.143063
637,0.117091,0.232689,0.309156,0.176379,0.160332,0.216407,0.281278,0.358826,0.504799,0.427841,0.176797,0.135833,0.193228,0.395084,0.177891,0.341241,0.210702,0.242455,0.429010,0.206634,0.263011,0.231764,0.291384,0.390792,0.299944,0.148389,0.105916,0.434519,0.212073,0.265860,0.131899,0.319576,0.229450,0.113228,0.167598,0.339164,0.016795,0.369876,0.278833,0.332395,0.289153,0.328518,0.272750,0.271947,0.223657,0.384612,0.279815,0.062846,0.207650,0.058300,0.198586,0.034809,0.316700,0.233986,0.113929,0.388601,0.124482,0.285202,0.290732,0.392892,0.292453,0.088747,0.383938,0.293699,0.411634,0.170469,0.354661,0.226367,0.309806,0.248448,0.097260,0.315976,0.254589,0.169653,0.172572,0.266664,0.200764,0.060468,0.297291,0.372444,0.353416,0.245464,0.110001,0.168263,0.163004,0.176022,0.119331,0.243934,0.236116,0.185613,0.237492,0.222160,0.115339,0.260292,0.346798,0.199309,0.265268,0.324065,0.181387,0.334662,0.411505,0.172482,0.375769,0.134335,0.407655,0.171371,0.072661,0.175093,0.235477,0.100072,0.304108,0.244501,0.253905,0.282914,0.275045,0.162538,0.380978,0.189117,0.204129,0.069864,0.356850,0.170548,0.342645,0.157233,0.349116,0.285320,0.219649,0.194531,0.226583,0.312228,0.146715,0.221149,0.143317,0.301996,0.281726,0.329226,0.235296,0.192055,0.205018,0.191631,0.132010,0.262752,0.293418,0.069314,0.272886,0.259467,0.120072,0.227192,0.177059,0.283964,0.299795,0.350484,0.226425,0.242617,0.180313,0.325840,0.145275,0.296586,0.259331,0.135340,0.170310,0.231312,0.086630,0.345183,0.268558,0.289498,0.093536,0.279207,0.341909,0.130766,0.066290,0.176126,0.261852,0.089379,0.141415,0.400094,0.130138,0.227747,0.280521,0.199311,0.372903,0.185622,0.310175,0.114438,0.298678,0.291745,0.288697,0.300942,0.126996,0.017475,0.347628,0.285707,0.459382,0.109198,0.266052,0.402826,0.468343,0.182038,0.198126,0.132125,0.421480,0.136723,0.257122,0.151881,0.417920,0.302023,0.085850,0.433668,0.128418,0.061030,0.260758,0.343920,0.268747,0.354764,0.326708,0.407873,0.169981,1.000000,0.246603,0.360728,0.210315,0.237443,0.115539,0.097954,0.259957,0.315210,0.543275,0.245705,0.153020,0.108469,0.229216,0.280596,0.264713,0.150529,0.168201,0.085721,0.167310,0.174324,0.012220,0.078653
641,0.322399,0.338565,0.244018,0.558795,0.508688,0.246022,0.103784,0.420116,0.220644,0.341344,0.365220,0.213901,0.237427,0.104572,0.449664,0.475812,0.533015,0.405842,0.242185,0.093413,0.279579,0.320225,0.392275,0.389719,0.095267,0.458019,0.332972,0.231102,0.454902,0.203774,0.292000,0.438081,0.311609,0.335669,0.335681,0.447945,0.302324,0.388112,0.358589,0.247296,0.086041,0.231111,0.387119,0.260234,0.358472,0.492200,0.300840,0.165599,0.523469,0.368195,0.346826,0.234865,0.579591,0.488218,0.053639,0.315533,0.388958,0.401562,0.222658,0.336173,0.257186,0.287017,0.356720,0.175737,0.367181,0.166164,0.284534,0.416357,0.252654,0.390582,0.371868,0.259388,0.296696,0.392513,0.601269,0.421585,0.535820,0.232413,0.380893,0.396857,0.248450,0.393815,0.373455,0.184554,0.262057,0.387611,0.384739,0.322054,0.481451,0.228428,0.424232,0.030715,-0.044518,0.089220,0.217223,0.336605,0.247294,0.371322,0.393532,0.200700,0.517170,0.360079,0.283695,0.327199,0.256503,0.324693,0.098204,0.514382,0.374487,0.233397,0.372884,0.485177,0.108167,0.231064,0.403972,0.435540,0.264707,0.033294,0.299887,0.351109,0.461194,0.274021,0.497348,0.385727,0.298380,0.548118,0.389184,0.167944,0.331531,0.279962,0.409292,0.385869,0.235380,0.437501,0.215662,0.500472,0.218281,0.251722,0.588929,0.485989,0.471221,0.344891,0.575618,0.318757,0.201197,0.410862,0.430035,0.400319,0.557761,0.571821,0.427158,0.160323,0.122796,0.354664,0.188390,0.475904,0.286190,0.525107,0.361447,0.297927,0.322899,0.369964,0.234263,0.527045,0.218131,0.334072,0.379990,0.372789,0.302167,0.285412,0.424138,0.146516,0.192679,0.193503,0.205266,0.360037,0.224198,0.289235,0.377615,0.445022,0.139835,0.395286,0.252033,0.487983,0.447880,0.155203,0.515971,0.384904,0.488544,0.126257,0.457245,0.343833,0.316762,0.436341,0.213962,0.284268,0.257416,0.264615,0.249549,0.373266,0.240794,0.172691,0.407950,0.136191,0.294605,0.339996,0.361311,0.293354,0.203671,0.170565,0.408714,0.321662,0.285527,0.317898,0.528723,0.303613,0.235221,0.246603,0.999999,0.254310,0.183599,0.288486,0.456092,0.309140,0.127083,0.483538,0.247138,0.265032,0.312461,0.354728,0.371521,0.324906,0.524164,0.446699,0.142892,0.074926,0.310530,0.396399,0.110007,0.339076
644,0.020560,0.194752,0.264433,0.158722,0.046042,0.134148,0.212761,0.242716,0.232923,0.288418,0.145661,0.056350,0.195079,0.156245,0.243025,0.203331,0.186523,0.316244,0.391241,0.025902,0.187437,0.189300,0.226024,0.383574,0.239844,0.172305,0.111749,0.249912,0.116644,0.230737,0.075941,0.312597,0.277300,0.041646,0.077504,0.303879,0.186681,0.211531,0.215028,0.288366,0.245484,0.337748,0.173777,0.138230,0.181478,0.345753,0.178704,0.046565,0.176383,0.186973,0.150634,0.180129,0.299545,0.245110,0.064242,0.253246,0.119768,0.173870,0.338867,0.261292,0.310796,0.009977,0.232943,0.238774,0.271275,0.067730,0.352781,0.149322,0.343519,0.218559,0.103258,0.251937,0.339217,0.171282,0.199071,0.186508,0.145399,0.006361,0.234238,0.265454,0.304708,0.183596,0.082733,0.092338,0.069227,0.176643,0.135999,0.196336,0.251630,0.033456,0.253468,0.186542,0.098230,0.181407,0.185508,0.173682,0.211547,0.355213,0.236695,0.339115,0.382674,0.134250,0.267002,0.120711,0.544333,0.155938,0.102014,0.201393,0.157530,0.198812,0.163362,0.176327,0.288916,0.208738,0.154155,0.171956,0.356462,0.151023,0.126586,0.152597,0.277323,0.161134,0.247624,0.185274,0.483979,0.247114,0.099543,0.169238,0.153421,0.362511,0.215944,0.122928,0.032202,0.360839,0.331925,0.168665,0.187914,0.108641,0.141790,0.165282,0.161460,0.193428,0.325325,0.149721,0.155400,0.246701,0.102577,0.306477,0.200171,0.249698,0.225656,0.241995,0.190171,0.098250,0.155951,0.314298,0.191090,0.206979,0.160519,0.003294,0.148955,0.217457,0.109389,0.340478,0.218922,0.299715,0.094211,0.292622,0.219715,0.122769,0.095947,0.068455,0.344297,-0.080737,0.013131,0.338595,0.194114,0.212173,0.170228,0.191383,0.314642,0.134859,0.320540,0.196008,0.214770,0.475303,0.308932,0.295938,0.155164,0.032648,0.198793,0.171403,0.280960,0.138662,0.218769,0.271148,0.255034,0.091645,0.265234,0.045979,0.352536,-0.032110,0.177133,0.080875,0.265771,0.225689,0.127243,0.255784,0.031822,0.102529,0.279961,0.447858,0.205262,0.200528,0.225997,0.411187,0.181426,0.360728,0.254310,1.000000,0.117481,0.143483,0.194811,0.017287,0.310547,0.198431,0.368782,0.178811,0.209846,0.060203,0.221509,0.149784,0.225281,0.121471,0.010728,0.166561,0.106744,0.148898,0.063582,0.043771
645,0.228174,0.266221,0.215013,0.123919,0.205725,0.232677,0.094461,0.271627,0.292119,0.227327,0.215457,0.243334,0.254903,0.199086,0.091848,0.213835,0.250955,0.336469,0.220616,0.313721,0.225974,0.242564,0.370917,0.310322,0.127506,0.038758,-0.076687,0.117186,0.173916,0.166648,0.113724,0.235892,0.228291,0.150061,0.257662,0.286126,0.083364,0.311119,0.139037,0.196335,0.149696,0.157573,0.373277,0.278184,0.143918,0.247764,0.315602,0.160526,0.124085,0.075088,0.184542,0.014709,0.231499,0.206462,0.049335,0.319958,0.161994,0.213005,0.137743,0.238566,0.117087,0.119308,0.313811,0.225099,0.171155,0.427177,0.269834,0.196783,0.157253,0.126088,0.151684,0.095930,0.276557,0.038705,0.100234,0.165691,0.143845,0.148806,0.308370,0.155228,0.193004,0.172984,0.188918,0.237758,0.162965,0.216391,0.088179,0.317765,0.254555,0.265871,0.176958,0.179266,0.087739,0.011299,0.343558,0.284539,0.140503,0.161249,0.178421,0.134309,0.271809,0.195639,0.218617,0.292493,0.078390,0.286541,0.086518,0.178713,0.202267,0.098164,0.296252,0.220607,0.010388,0.159491,0.169978,0.276807,0.076731,0.077713,0.291206,0.160768,0.300174,0.232460,0.365856,0.234765,0.227103,0.295766,0.268571,0.099008,0.186657,0.195010,0.195723,0.263244,0.117153,0.310381,0.138024,0.169448,0.108474,0.070060,0.167311,0.112668,0.318338,0.265757,0.158733,0.063975,0.423642,0.270650,0.169245,0.204701,0.171103,0.166490,0.176464,0.091197,0.096298,0.286524,0.112391,0.123924,-0.004907,0.286733,0.380574,0.236002,0.134610,0.155783,0.283287,0.190462,0.140235,0.140520,0.126644,0.259006,0.228858,0.188669,0.075210,0.166530,0.051230,0.190046,0.153488,0.350512,0.269503,0.209409,0.143281,0.228643,0.218758,0.219453,0.223680,0.059790,0.332158,0.155424,0.210950,0.283287,0.169530,0.191466,0.221909,0.338188,0.184839,0.236803,0.109565,0.196798,0.152081,0.281786,0.108344,0.209154,0.127593,0.321194,0.317048,0.188423,0.263951,0.315965,0.106689,0.160270,0.118387,0.125238,0.284023,0.167667,0.278361,0.233238,0.197444,0.200825,0.102062,0.210315,0.183599,0.117481,1.000000,0.288208,0.085506,0.256068,-0.007941,0.274795,0.220182,0.166793,0.222222,0.165934,0.127132,0.197198,0.230157,0.269748,0.129302,0.013996,0.189345,0.209128,0.072658,0.112708
647,0.193254,0.144673,0.235182,0.227849,0.308472,0.187286,0.189786,0.328530,0.165652,0.264094,0.200284,0.224574,0.197448,0.138982,0.078735,0.270602,0.418998,0.411126,0.250832,0.264111,0.177053,0.193876,0.359329,0.292067,0.192564,0.160366,0.113237,0.149758,0.378663,0.239881,0.180191,0.266125,0.269152,0.129075,0.310172,0.278045,0.104626,0.273610,0.215146,0.180676,0.105849,0.236777,0.250178,0.236036,0.279729,0.314278,0.322553,0.096216,0.304913,0.100990,0.204876,0.032686,0.247658,0.218235,0.136441,0.329159,0.201972,0.200556,0.222030,0.322469,0.275025,0.149267,0.293271,0.162311,0.263763,0.350713,0.220937,0.220799,0.259235,0.216348,0.238661,0.125952,0.117553,0.129557,0.258264,0.217051,0.192069,0.089022,0.299993,0.219656,0.140476,0.151389,0.308205,0.136009,0.274949,0.301731,0.121167,0.285964,0.143712,0.203166,0.151088,0.175733,0.059440,0.091516,0.269717,0.186683,0.232500,0.302982,0.157059,0.113276,0.400795,0.236809,0.284122,0.330029,0.068319,0.197491,0.015873,0.224988,0.183655,0.130801,0.420574,0.162448,0.081368,0.145384,0.216791,0.412057,0.098460,0.044180,0.273994,0.125503,0.368445,0.342632,0.473648,0.200833,0.204836,0.297475,0.225284,0.073780,0.190238,0.257936,0.200308,0.098862,0.045188,0.285727,0.236951,0.271181,0.107743,0.119817,0.206285,0.149022,0.280120,0.386290,0.266131,0.128773,0.259184,0.302551,0.207225,0.267808,0.184229,0.179876,0.233551,0.182552,0.106108,0.329410,0.100979,0.171896,0.088212,0.313162,0.257599,0.190343,0.115116,0.173087,0.320929,0.239741,0.137489,0.207972,0.208699,0.256029,0.349241,0.151693,0.171637,0.183381,0.163875,0.217293,0.337312,0.275804,0.218128,0.204935,0.206366,0.138470,0.150529,0.163459,0.098987,0.120895,0.421084,0.181363,0.182976,0.418670,0.178906,0.149534,0.267639,0.244841,0.209577,0.155445,0.147203,0.220774,0.129635,0.202504,0.059757,0.094504,0.117650,0.249495,0.207647,0.139095,0.306508,0.370276,0.271434,0.206981,0.141466,0.076322,0.313873,0.207143,0.352093,0.255429,0.281098,0.357747,0.184029,0.237443,0.288486,0.143483,0.288208,1.000000,0.115998,0.221720,0.126279,0.319359,0.147662,0.074422,0.145600,0.207511,0.164279,0.261678,0.261981,0.290897,0.121859,-0.013941,0.272442,0.245607,0.054407,0.252399
650,0.205630,0.505296,0.107052,0.486493,0.169156,0.053233,0.113082,0.358599,0.090015,0.261222,0.251856,0.171877,0.234066,0.010110,0.522925,0.180749,0.180725,0.230937,0.130952,0.008547,0.142590,0.313706,0.141471,0.317513,0.149719,0.355684,0.331665,0.020629,0.242476,0.140474,0.133567,0.207464,0.140135,0.322335,0.214388,0.300061,0.195589,0.265009,0.088140,0.064137,0.036920,0.115321,0.272683,0.130500,0.215053,0.402206,0.244462,0.138557,0.299133,0.584135,0.399007,0.552436,0.489061,0.186856,-0.029392,0.216459,0.440340,0.105699,0.110718,0.340926,0.125926,0.108022,0.300238,-0.066910,0.220407,0.021780,0.125833,0.439677,0.126134,0.202984,0.335551,0.128174,0.122636,0.472911,0.496166,0.320777,0.468135,0.201617,0.173073,0.310350,0.173978,0.420810,0.195691,0.055886,0.111612,0.396784,0.455069,0.202317,0.414809,0.176063,0.478417,-0.050187,-0.001040,0.000989,0.141080,0.319103,0.111209,0.303152,0.386225,0.097051,0.256513,0.180675,0.221356,0.257337,0.200367,0.314128,0.035495,0.359681,0.490099,0.314367,0.177987,0.462239,0.035595,0.108524,0.348842,0.336742,0.210745,0.054389,0.227693,0.744679,0.194627,0.008024,0.272562,0.415750,0.235440,0.550352,0.371725,0.128417,0.286954,0.156056,0.247015,0.272873,0.192709,0.385192,0.125811,0.391310,0.063534,0.075621,0.464490,0.421790,0.398069,0.286375,0.356057,0.513432,0.084251,0.193776,0.453324,0.238069,0.443447,0.495950,0.242257,0.113186,0.076140,0.364932,0.059005,0.331790,0.199847,0.404559,0.227854,0.169865,0.419540,0.482353,0.310318,0.213911,0.197545,0.390517,0.195214,0.122582,0.076754,0.222426,0.518531,0.042113,0.094054,0.019221,0.113311,0.264644,0.103103,0.122288,0.190140,0.410443,0.013073,0.234087,0.243980,0.459396,0.227086,0.204317,0.292885,0.227985,0.563069,0.048866,0.319997,0.277575,0.249049,0.404802,0.226103,0.027032,0.126913,0.233038,0.334773,0.331099,0.180590,0.115450,0.335104,0.048539,0.183165,0.260023,0.318111,0.110963,0.103528,0.074943,0.211049,0.154606,0.057180,0.147926,0.483215,0.183260,0.136941,0.115539,0.456092,0.194811,0.085506,0.115998,1.000000,0.429899,0.025749,0.264995,0.112403,0.195012,0.237113,0.343442,0.279824,0.190578,0.502473,0.358670,0.015202,0.063704,0.236725,0.273766,0.579508,0.378291
353,0.266553,0.325527,0.131880,0.438275,0.172676,0.078420,0.050182,0.314453,0.065955,0.255774,0.389086,0.084957,0.120319,0.007473,0.367158,0.274926,0.229067,0.391002,0.122068,0.064270,0.169425,0.292368,0.234059,0.395182,0.031245,0.156272,0.189078,0.123934,0.268605,0.127850,0.142228,0.278627,0.268713,0.338214,0.226825,0.328877,0.067785,0.220551,0.088763,0.102559,0.033318,0.143617,0.337453,0.137658,0.255955,0.345508,0.375162,0.085177,0.233683,0.274592,0.374539,0.222333,0.386452,0.071528,0.098204,0.202659,0.308670,0.195029,0.024227,0.319482,0.154323,0.134456,0.421033,-0.003101,0.298542,0.169220,0.146631,0.279226,0.062120,0.122758,0.297568,0.039825,0.176908,0.349171,0.514193,0.257945,0.344777,0.132201,0.292914,0.274078,0.179400,0.205336,0.413849,0.099124,0.185444,0.369087,0.368916,0.148595,0.233104,0.112793,0.395667,0.043706,0.018812,-0.040215,0.119143,0.239075,0.131693,0.385409,0.140965,0.021891,0.320441,0.222632,0.257706,0.544803,0.013630,0.238958,0.072631,0.307147,0.235237,0.092475,0.372622,0.396410,-0.094941,0.159101,0.336488,0.491873,0.093311,0.051237,0.181718,0.382133,0.396315,0.154616,0.482374,0.190409,0.050867,0.585274,0.335663,0.104576,0.301721,0.152300,0.240020,0.123715,0.100643,0.318496,0.013884,0.357099,0.084685,0.174098,0.535395,0.243430,0.335546,0.404701,0.149240,0.305626,0.196857,0.382048,0.312182,0.313828,0.362811,0.313335,0.284821,0.044173,0.044092,0.482696,0.080758,0.197624,0.151024,0.331662,0.227570,0.142479,0.316061,0.342260,0.484022,0.125402,0.187006,0.118035,0.210490,0.189415,0.073869,0.129105,0.392572,-0.017085,-0.010721,0.025022,0.115728,0.282276,0.341627,0.134153,0.153017,0.327066,0.016866,0.280422,0.208587,0.304555,0.459821,0.080711,0.270681,0.382058,0.389419,0.139535,0.210802,0.309364,0.232302,0.384265,0.187744,0.045784,0.145572,0.234813,0.174294,0.318330,0.119593,0.411843,0.313835,0.005596,0.326142,0.253292,0.323784,0.077525,0.040338,0.075011,0.235725,0.046324,0.277268,0.177936,0.546160,0.131309,0.156113,0.097954,0.309140,0.017287,0.256068,0.221720,0.429899,1.000000,-0.004448,0.275723,0.169257,0.156328,0.239305,0.658204,0.321524,0.191415,0.364432,0.593797,0.094388,0.035146,0.198728,0.233512,0.276752,0.347089
3,0.142325,0.076175,0.374851,0.027678,0.017953,0.203714,0.288966,0.176948,0.279171,0.242618,0.129645,0.075075,0.074355,0.264066,0.092247,0.144398,0.130191,0.139674,0.241368,0.118297,0.202851,0.211828,0.146414,0.268877,0.522068,0.069932,0.068456,0.493254,0.224776,0.390156,0.097337,0.108856,0.287239,0.000965,0.110252,0.337364,0.131228,0.226861,0.216572,0.213817,0.171613,0.470816,0.034494,0.102716,0.071637,0.288504,0.176894,0.085395,0.116896,-0.053027,0.146143,-0.013107,0.262535,0.093431,0.056116,0.166629,0.124890,0.034083,0.327868,0.253060,0.265660,0.183897,0.203292,0.179240,0.242304,0.099913,0.380611,0.136091,0.387679,0.320366,0.019629,0.172322,0.138657,0.082361,0.124468,0.180388,0.089178,-0.028200,0.181464,0.285852,0.381172,0.085604,0.118839,0.081879,0.057487,0.042912,-0.010072,0.138223,0.065464,0.126003,0.169477,0.319841,0.237294,0.141726,0.206384,0.032361,0.417806,0.305031,0.058883,0.327996,0.179650,0.057390,0.274517,0.148580,0.107555,0.180205,0.141817,0.230632,0.035744,0.042148,0.080272,0.113559,0.252805,0.231360,0.056230,0.097096,0.411964,0.154413,0.076962,0.033391,0.153779,0.058660,0.125960,0.072883,0.349290,0.069565,0.108257,0.229502,0.099722,0.467715,0.202482,0.094074,0.043967,0.209859,0.330558,0.159552,0.161917,0.136251,0.120419,0.143481,0.198436,0.165818,0.158281,0.027243,0.106847,0.068186,-0.012971,0.195773,0.080102,0.034661,0.137275,0.280430,0.357623,0.108192,0.473912,0.266568,0.114418,0.072697,0.097746,0.096650,0.049496,0.084902,0.083934,0.183724,0.195078,0.268615,0.060167,0.073889,0.290312,0.246738,0.078488,0.302355,0.337703,0.101397,0.175742,0.211529,0.092507,0.192539,0.074673,0.088350,0.280950,0.107503,0.305225,0.084383,0.073166,0.282333,0.285724,0.077010,0.054503,0.099989,0.130819,0.175156,0.357237,0.015465,0.149056,0.237074,0.310345,0.094670,0.044152,0.037748,0.312813,0.009537,0.177140,0.194766,0.304121,0.156762,0.065752,0.284575,0.036389,0.337429,0.163979,0.344133,0.029193,0.237512,0.189588,0.423701,0.330806,0.259957,0.127083,0.310547,-0.007941,0.126279,0.025749,-0.004448,1.000000,0.125515,0.365302,0.161933,0.202621,0.040045,0.258945,0.145598,0.106579,0.040253,0.275684,0.184218,0.112613,0.127237,-0.043777,0.093386
66,0.188459,0.364062,0.272847,0.385664,0.453120,0.251640,0.224096,0.378793,0.198290,0.420230,0.356188,0.116882,0.284050,0.173446,0.344501,0.417950,0.444992,0.418528,0.264457,0.204436,0.218685,0.394402,0.546212,0.381599,0.206544,0.267605,0.161995,0.286030,0.393679,0.323866,0.367525,0.468312,0.269797,0.251367,0.403844,0.456510,0.141076,0.327103,0.513503,0.385502,0.252519,0.360897,0.366695,0.240055,0.309320,0.430404,0.262163,0.133591,0.335382,0.216678,0.366448,0.137847,0.437137,0.392641,0.163774,0.313252,0.295594,0.456427,0.222727,0.400709,0.260154,0.252218,0.425911,0.238989,0.391237,0.137952,0.355819,0.365491,0.239041,0.341472,0.299999,0.244756,0.330860,0.207350,0.321318,0.364004,0.311871,0.256588,0.481904,0.459912,0.299317,0.265715,0.245011,0.388708,0.415951,0.275172,0.318575,0.403988,0.398093,0.209515,0.343744,0.163278,0.084334,0.304487,0.274912,0.405705,0.254188,0.290900,0.373425,0.235012,0.491993,0.363052,0.318509,0.258523,0.188290,0.383909,0.117005,0.316175,0.398147,0.240505,0.331267,0.230077,0.193135,0.356955,0.310943,0.256309,0.343602,0.173589,0.235559,0.257590,0.492954,0.411485,0.485127,0.335672,0.388074,0.374115,0.345307,0.167118,0.372667,0.309994,0.292984,0.240343,0.325040,0.478051,0.221027,0.412613,0.209884,0.200254,0.261797,0.307450,0.390511,0.295324,0.385771,0.176646,0.267008,0.457965,0.291005,0.366954,0.327197,0.460246,0.455863,0.248994,0.178896,0.301625,0.193413,0.356390,0.098491,0.412275,0.306925,0.199419,0.252856,0.290648,0.109982,0.557792,0.343739,0.397548,0.296939,0.504279,0.431872,0.290854,0.217285,0.211086,0.162789,0.188391,0.254786,0.378712,0.180375,0.369394,0.374947,0.412786,0.163309,0.384360,0.314684,0.309316,0.371311,0.302404,0.360928,0.428947,0.288840,0.112400,0.357677,0.452157,0.359219,0.322174,0.250885,0.440734,0.239416,0.213554,0.273248,0.300152,0.222243,0.138236,0.498051,0.270987,0.314744,0.408971,0.229749,0.205235,0.126358,0.196194,0.324551,0.277369,0.341590,0.393892,0.326946,0.328834,0.299718,0.315210,0.483538,0.198431,0.274795,0.319359,0.264995,0.275723,0.125515,1.000000,0.351024,0.383050,0.300307,0.312819,0.326036,0.279442,0.484066,0.346878,0.216457,0.099256,0.309163,0.387714,0.178192,0.286022
120,0.085519,0.268999,0.450463,0.215189,0.093809,0.323657,0.348102,0.427353,0.520480,0.485094,0.211811,0.201101,0.247264,0.426921,0.178798,0.402513,0.234882,0.333084,0.495638,0.244523,0.295962,0.305127,0.420670,0.528471,0.369029,0.078619,0.087318,0.597847,0.321736,0.299650,0.172799,0.447941,0.383303,0.056548,0.270725,0.513779,0.036976,0.412942,0.324721,0.470435,0.447682,0.480869,0.362904,0.342403,0.207430,0.392236,0.316314,0.179253,0.149842,0.094169,0.226665,0.008687,0.329281,0.271883,0.206929,0.370945,0.181045,0.321542,0.281166,0.441044,0.424031,0.232515,0.395618,0.298500,0.455323,0.217564,0.526800,0.214030,0.337411,0.253617,0.108198,0.404899,0.390449,0.162927,0.162927,0.400522,0.185761,0.122560,0.322590,0.446132,0.622374,0.234845,0.202925,0.313871,0.255331,0.240144,0.146973,0.257444,0.266816,0.175943,0.368312,0.284976,0.331372,0.249043,0.358620,0.260921,0.353463,0.422213,0.260713,0.715705,0.463822,0.207464,0.417882,0.208916,0.390978,0.247156,0.136558,0.259878,0.203492,0.100465,0.258037,0.174269,0.263986,0.484692,0.199298,0.203098,0.525003,0.369739,0.212514,0.070866,0.450949,0.178815,0.394196,0.248498,0.388850,0.255047,0.306293,0.425024,0.371289,0.346336,0.255705,0.222946,0.177226,0.392713,0.311091,0.360287,0.235824,0.275566,0.135077,0.210591,0.200498,0.290850,0.374457,0.050018,0.317771,0.348379,0.113193,0.348613,0.110300,0.294265,0.304426,0.371946,0.234532,0.323629,0.207401,0.373859,0.189028,0.374512,0.235471,0.059984,0.235593,0.303639,0.139663,0.417310,0.456798,0.333393,0.141375,0.474373,0.334155,0.178404,0.098866,0.184014,0.270340,0.066800,0.185236,0.540114,0.169879,0.357116,0.336890,0.216358,0.332898,0.276907,0.513910,0.163796,0.314522,0.443732,0.403306,0.341426,0.120721,0.127400,0.382324,0.344859,0.630457,0.209160,0.380495,0.488140,0.446916,0.322223,0.302312,0.217869,0.592699,0.203091,0.334786,0.150868,0.481894,0.346456,0.137502,0.454689,0.136573,0.093589,0.319973,0.390641,0.328408,0.481088,0.340243,0.451856,0.440066,0.543275,0.247138,0.368782,0.220182,0.147662,0.112403,0.169257,0.365302,0.351024,1.000000,0.508952,0.245158,0.169631,0.463596,0.346230,0.351200,0.205070,0.312682,0.117377,0.187771,0.228193,-0.044016,0.112826
141,0.165698,0.262249,0.415796,0.205027,0.280795,0.394718,0.363058,0.398796,0.343973,0.481071,0.331951,0.180559,0.218575,0.352313,0.177378,0.388916,0.253394,0.226814,0.309983,0.157424,0.410113,0.324005,0.408332,0.346159,0.241227,0.143938,0.127249,0.276867,0.401129,0.236377,0.254152,0.236405,0.245130,0.217026,0.484333,0.548423,0.174899,0.360387,0.239125,0.222240,0.420001,0.405876,0.304693,0.285008,0.305509,0.377462,0.250748,0.068892,0.227082,0.137108,0.295006,0.030655,0.341702,0.264148,0.151871,0.320992,0.137647,0.177595,0.222155,0.425328,0.232711,0.225266,0.430409,0.176368,0.271967,0.164702,0.409938,0.311054,0.249195,0.215021,0.199149,0.389755,0.419915,0.143419,0.194617,0.358811,0.265380,0.189131,0.322010,0.474418,0.553061,0.260516,0.153426,0.295286,0.224844,0.228912,0.202997,0.300919,0.336285,0.186947,0.308008,0.174207,0.481248,0.294088,0.249531,0.285590,0.269748,0.340066,0.323255,0.440637,0.393937,0.173963,0.377985,0.198710,0.342768,0.238132,0.181346,0.269979,0.373534,0.143574,0.103746,0.172913,0.090962,0.459382,0.281006,0.147395,0.467608,0.327961,0.188437,0.189182,0.274903,0.119364,0.312574,0.321542,0.391166,0.263568,0.349539,0.461454,0.232200,0.308780,0.286109,0.291621,0.199018,0.384751,0.266720,0.496779,0.473390,0.272398,0.162448,0.240941,0.331483,0.210125,0.380646,0.025949,0.230685,0.290172,0.223960,0.392461,0.130916,0.365651,0.312835,0.241656,0.158754,0.240657,0.140617,0.374827,0.195858,0.400507,0.309984,0.227027,0.257270,0.244976,0.081192,0.411272,0.551197,0.277108,0.249291,0.322503,0.252745,0.222397,0.146870,0.264199,0.301505,0.152529,0.195080,0.436269,0.225518,0.329163,0.418097,0.266923,0.096610,0.349883,0.509886,0.199359,0.294096,0.246361,0.384433,0.335715,0.156830,0.171412,0.358242,0.320979,0.549044,0.166617,0.340508,0.382374,0.397912,0.247139,0.436750,0.247397,0.524291,0.257436,0.327908,0.166183,0.342597,0.324412,0.085647,0.321367,0.214503,0.079245,0.208430,0.346056,0.235892,0.418810,0.255661,0.281933,0.447935,0.245705,0.265032,0.178811,0.166793,0.074422,0.195012,0.156328,0.161933,0.383050,0.508952,1.000000,0.341065,0.151906,0.413054,0.387126,0.410948,0.235107,0.349650,0.003165,0.187137,0.272153,0.037588,0.159920
213,0.182275,0.220212,0.562218,0.319664,0.326893,0.229594,0.134007,0.236995,0.327790,0.267635,0.222022,0.157077,0.263309,0.444506,0.226336,0.267619,0.163117,0.209183,0.208333,0.139581,0.182618,0.224843,0.343222,0.491746,0.215419,0.166724,0.098305,0.138849,0.262451,0.232399,0.310605,0.234508,0.292228,0.306555,0.290584,0.454437,0.162945,0.265486,0.193889,0.340167,0.166992,0.318424,0.198015,0.159701,0.220636,0.272870,0.305405,0.065410,0.120575,0.160127,0.236591,0.101358,0.330974,0.221782,0.091855,0.202618,0.272389,0.072168,0.279545,0.283168,0.179014,0.284963,0.276972,0.163144,0.188466,0.155072,0.410237,0.267554,0.245043,0.205689,0.241947,0.190400,0.132427,0.159222,0.249137,0.218308,0.183020,0.243521,0.293896,0.343726,0.302890,0.140395,0.222199,0.129093,0.131617,0.206883,0.189990,0.224393,0.301520,0.181423,0.318938,0.182154,0.140302,0.129635,0.218672,0.316967,0.221841,0.312813,0.315754,0.187061,0.225261,0.084685,0.168633,0.286761,0.262851,0.236206,0.160390,0.377966,0.288315,0.211912,0.177998,0.147139,0.080267,0.404207,0.235540,0.255913,0.325956,0.104953,0.201478,0.213457,0.248506,0.242161,0.281145,0.303842,0.228518,0.342761,0.324583,0.233983,0.224293,0.206718,0.638300,0.304987,0.212146,0.328093,0.143046,0.342438,0.312319,0.334637,0.222126,0.301537,0.291252,0.255314,0.361538,0.091140,0.144558,0.216785,0.252700,0.241250,0.203855,0.289793,0.195833,0.188770,0.394968,0.251557,0.231591,0.380303,0.196104,0.368702,0.271375,0.166097,0.153179,0.285339,0.160950,0.285321,0.293576,0.205567,0.412508,0.186626,0.232686,0.156887,0.239340,0.143866,0.128529,0.165192,0.124016,0.212798,0.191747,0.212862,0.172218,0.367764,0.277811,0.389605,0.222314,0.204483,0.253478,0.347018,0.248559,0.214036,0.167503,0.096731,0.226863,0.221880,0.411516,0.192831,0.241742,0.230445,0.345897,0.156094,0.164520,0.182375,0.263771,0.122236,0.318285,0.291303,0.272397,0.372079,0.167112,0.319244,0.153685,0.198589,0.268881,0.197569,0.133403,0.288596,0.269806,0.255250,0.350788,0.153020,0.312461,0.209846,0.222222,0.145600,0.237113,0.239305,0.202621,0.300307,0.245158,0.341065,1.000000,0.208723,0.458221,0.209444,0.328078,0.266553,0.299197,0.139286,0.312184,0.289340,0.120639,0.259900
232,0.217635,0.276154,0.178656,0.319515,0.238501,0.019179,0.030779,0.297003,0.090414,0.230407,0.205559,0.022037,0.153924,0.013827,0.458571,0.177787,0.252239,0.287310,0.101577,0.102587,0.108892,0.283499,0.258787,0.399854,0.059165,0.160797,0.224826,0.097381,0.241818,0.143352,0.130320,0.277112,0.245807,0.322778,0.225031,0.295803,0.059603,0.206896,0.107806,0.117995,0.073050,0.133490,0.322606,0.121859,0.208209,0.277617,0.360791,0.117977,0.220746,0.325979,0.376587,0.240793,0.332093,0.089939,0.055058,0.159043,0.344898,0.192913,0.023734,0.318110,0.161097,0.110593,0.438352,0.018720,0.224220,0.055205,0.221492,0.270923,0.057092,0.045975,0.324661,0.069462,0.145325,0.253364,0.452732,0.171748,0.356423,0.082460,0.332991,0.264006,0.166218,0.184313,0.377507,0.106035,0.165803,0.328807,0.288899,0.083884,0.229161,0.137950,0.413449,0.070550,-0.005822,-0.037255,0.030221,0.249938,0.099347,0.384375,0.177208,0.138840,0.329319,0.189300,0.189481,0.386870,0.068678,0.255606,0.005669,0.305287,0.199218,0.173398,0.342458,0.357141,-0.041202,0.111620,0.248106,0.386189,0.174779,0.039815,0.171610,0.369428,0.342938,0.139631,0.432678,0.180689,0.004899,0.505872,0.219158,0.037635,0.146116,0.125702,0.244506,0.135572,0.078308,0.356576,0.010857,0.296276,0.022950,0.230294,0.458893,0.259392,0.380446,0.370220,0.276090,0.329386,0.105715,0.331715,0.338085,0.257964,0.362968,0.313645,0.228230,0.047039,0.041345,0.399736,0.108094,0.206852,0.133137,0.298741,0.077282,0.144381,0.197413,0.349455,0.365564,0.134519,0.233233,0.173758,0.182125,0.217571,0.120671,0.113771,0.444346,0.000599,-0.009686,0.078907,0.156770,0.231616,0.240555,0.141623,0.170487,0.338187,0.004953,0.254240,0.139423,0.272000,0.411592,0.105363,0.294077,0.298483,0.301344,0.090932,0.171641,0.312111,0.266290,0.345006,0.254209,0.097000,0.117665,0.198577,0.161627,0.256641,0.091008,0.230561,0.373560,0.041628,0.228148,0.189507,0.312529,0.046653,0.051936,0.101352,0.154698,-0.000538,0.181817,0.218928,0.452220,0.103364,0.150926,0.108469,0.354728,0.060203,0.165934,0.207511,0.343442,0.658204,0.040045,0.312819,0.169631,0.151906,0.208723,1.000001,0.337081,0.162617,0.445111,0.559852,0.064065,0.077774,0.272295,0.349906,0.288283,0.379990
239,0.196952,0.282505,0.506015,0.395590,0.222929,0.207869,0.196034,0.413765,0.343619,0.385315,0.341893,0.147948,0.212178,0.323899,0.229448,0.342224,0.236517,0.317973,0.203544,0.103330,0.256445,0.309342,0.301711,0.453151,0.351397,0.186345,0.161073,0.370526,0.412902,0.307045,0.322181,0.269193,0.383007,0.274479,0.284510,0.519602,0.133319,0.297634,0.134948,0.242699,0.227493,0.431408,0.291449,0.176824,0.169857,0.344491,0.314668,0.134676,0.279010,0.270767,0.370004,0.143680,0.406108,0.117941,0.096682,0.243757,0.343190,0.109403,0.152152,0.540902,0.274165,0.246185,0.383368,0.099192,0.430617,0.187701,0.504776,0.312373,0.222922,0.203131,0.246630,0.228631,0.250575,0.241060,0.388345,0.347660,0.335528,0.155858,0.350760,0.566423,0.540005,0.156265,0.333442,0.160433,0.167428,0.263183,0.370312,0.199542,0.252554,0.120918,0.434864,0.226887,0.198493,0.080789,0.194945,0.277707,0.325459,0.450819,0.199919,0.390470,0.360192,0.144909,0.358705,0.398232,0.191778,0.216492,0.127881,0.442711,0.255177,0.129131,0.281689,0.238596,0.026167,0.513514,0.188102,0.325446,0.408697,0.124544,0.228452,0.193148,0.313801,0.157618,0.407194,0.203674,0.231509,0.376080,0.375973,0.423879,0.308994,0.344048,0.432477,0.169259,0.243345,0.364361,0.223509,0.519102,0.133707,0.411078,0.375100,0.285329,0.313381,0.331192,0.457696,0.158038,0.114230,0.270070,0.229174,0.330678,0.307638,0.327113,0.336919,0.301628,0.288597,0.354898,0.102624,0.399639,0.243035,0.446890,0.280653,0.112548,0.227969,0.360793,0.256065,0.239534,0.324269,0.242339,0.247516,0.241016,0.126856,0.131174,0.292468,0.117753,0.111939,0.141578,0.075007,0.369755,0.213417,0.290150,0.298732,0.360140,0.068710,0.338297,0.381201,0.301739,0.327627,0.258929,0.500751,0.240815,0.263983,0.069762,0.323305,0.324336,0.531570,0.218153,0.417008,0.254941,0.354215,0.166751,0.287575,0.218569,0.386817,0.153033,0.375904,0.196135,0.375463,0.302013,0.240875,0.353417,0.112373,0.080017,0.249184,0.274442,0.162079,0.413179,0.459149,0.322716,0.507849,0.229216,0.371521,0.221509,0.127132,0.164279,0.279824,0.321524,0.258945,0.326036,0.463596,0.413054,0.458221,0.337081,1.000000,0.304356,0.462153,0.375864,0.193348,0.120885,0.285685,0.337929,0.134326,0.282601
267,0.139884,0.344480,0.291357,0.371643,0.430973,0.296241,0.287259,0.502202,0.390086,0.429866,0.393131,0.402864,0.313654,0.260864,0.149214,0.436656,0.278071,0.238519,0.387046,0.326976,0.208123,0.325525,0.404657,0.255378,0.191295,0.098467,0.227434,0.254143,0.447679,0.307999,0.554932,0.226398,0.207799,0.174815,0.523159,0.310589,0.196971,0.544302,0.183580,0.204495,0.233172,0.249606,0.387049,0.502651,0.255875,0.399509,0.163473,0.219926,0.323401,0.124003,0.190957,-0.075285,0.338418,0.229090,0.092417,0.504796,0.197459,0.187538,0.269316,0.471075,0.124597,0.463340,0.359879,0.159201,0.248622,0.399408,0.253054,0.421680,0.355806,0.290389,0.173462,0.218108,0.166289,0.163535,0.297064,0.486368,0.229425,0.389259,0.368477,0.293817,0.239331,0.383021,0.146622,0.192064,0.235708,0.213037,0.283169,0.438503,0.352562,0.430495,0.167720,0.065901,0.182454,0.163704,0.465233,0.510436,0.347955,0.313923,0.391907,0.230024,0.314444,0.193487,0.356617,0.338988,0.216119,0.265205,0.100683,0.466068,0.322714,0.096142,0.231741,0.296061,0.133233,0.276373,0.319357,0.264996,0.191129,0.139765,0.385726,0.170842,0.289882,0.104764,0.327303,0.297873,0.334267,0.324223,0.417234,0.479445,0.439379,0.243056,0.351741,0.289029,0.318183,0.300877,0.246508,0.517232,0.224966,0.353913,0.257630,0.168547,0.177137,0.213140,0.359297,0.023842,0.294228,0.234527,0.286115,0.380321,0.233144,0.365267,0.407881,0.272905,0.223004,0.306862,0.184398,0.202026,0.104519,0.490139,0.485888,0.116009,0.468992,0.068476,0.126460,0.350053,0.269885,0.199792,0.268490,0.250833,0.247414,0.149363,0.138420,0.128684,0.151732,0.192898,0.188913,0.479895,0.190712,0.544367,0.328444,0.248555,0.137426,0.088717,0.307098,0.334692,0.242696,0.110268,0.301649,0.337015,0.236318,0.307390,0.599583,0.367889,0.429173,0.303290,0.116264,0.272645,0.349420,0.406875,0.161350,0.250157,0.373583,0.365643,0.356240,0.271903,0.411939,0.428336,0.127882,0.344987,0.166214,0.059734,0.363918,0.263408,0.195036,0.596261,0.382872,0.312903,0.231281,0.280596,0.324906,0.149784,0.197198,0.261678,0.190578,0.191415,0.145598,0.279442,0.346230,0.387126,0.209444,0.162617,0.304356,1.000000,0.452932,0.283114,0.158935,0.107316,0.301045,0.234979,-0.047293,0.245441
328,0.222168,0.561780,0.323498,0.528535,0.310283,0.334608,0.244937,0.631792,0.273194,0.483779,0.356920,0.335559,0.359673,0.197154,0.509612,0.496839,0.320673,0.339602,0.284175,0.202660,0.331125,0.390694,0.419713,0.436563,0.236279,0.316135,0.347710,0.288093,0.492935,0.303574,0.325277,0.398092,0.337587,0.314612,0.423462,0.489077,0.282486,0.460753,0.266101,0.203337,0.243166,0.272333,0.457722,0.464055,0.422669,0.568866,0.339954,0.244364,0.457520,0.416882,0.484035,0.259107,0.608596,0.393229,0.162828,0.424889,0.423949,0.290702,0.274122,0.574948,0.269016,0.330736,0.518064,0.193559,0.365280,0.268219,0.343549,0.559821,0.245567,0.356680,0.335618,0.312330,0.395409,0.446194,0.514141,0.504653,0.512039,0.292956,0.454341,0.553599,0.338525,0.492553,0.380869,0.288426,0.354651,0.447245,0.446610,0.441957,0.507261,0.338744,0.442216,0.022040,0.084745,0.157410,0.332747,0.459836,0.272738,0.505669,0.467084,0.314657,0.438896,0.294827,0.435122,0.350031,0.327874,0.443841,0.162681,0.525277,0.612011,0.302980,0.280917,0.444733,0.135540,0.345102,0.420641,0.410645,0.374390,0.146788,0.387539,0.519785,0.405298,0.121683,0.470525,0.493227,0.396939,0.554919,0.499189,0.292084,0.440337,0.365286,0.411140,0.377124,0.323901,0.570035,0.268690,0.616906,0.270413,0.349710,0.440077,0.393707,0.469249,0.384992,0.637763,0.340558,0.189349,0.343947,0.499227,0.400586,0.423196,0.592160,0.475900,0.298302,0.181059,0.456663,0.206079,0.458899,0.227306,0.569222,0.380480,0.248214,0.447419,0.435428,0.294895,0.434987,0.421642,0.454143,0.300570,0.343944,0.286477,0.352632,0.530235,0.219002,0.237655,0.144771,0.299265,0.502120,0.196649,0.411172,0.516202,0.436870,0.067665,0.303276,0.402688,0.506506,0.364967,0.249429,0.502634,0.345976,0.408497,0.226019,0.584483,0.523209,0.471199,0.449328,0.328773,0.245007,0.308311,0.339664,0.368252,0.331925,0.356561,0.216789,0.629885,0.244678,0.362841,0.452257,0.397313,0.253407,0.194228,0.160164,0.360101,0.422241,0.214293,0.496102,0.478416,0.396098,0.279112,0.264713,0.524164,0.225281,0.230157,0.261981,0.502473,0.364432,0.106579,0.484066,0.351200,0.410948,0.328078,0.445111,0.462153,0.452932,1.000000,0.530203,0.168408,0.118348,0.352928,0.423502,0.227776,0.401465
371,0.329917,0.361803,0.258614,0.414442,0.310445,0.149193,0.075114,0.456831,0.147981,0.280075,0.270031,0.173513,0.201640,0.107086,0.355039,0.333306,0.305011,0.536615,0.244577,0.068847,0.220764,0.226877,0.380645,0.463436,0.205594,0.212697,0.223576,0.179696,0.381144,0.196690,0.189046,0.387358,0.344178,0.215308,0.338737,0.419782,0.211768,0.306585,0.179662,0.142406,0.136077,0.265370,0.325445,0.165124,0.284170,0.395251,0.535781,0.161854,0.304252,0.272065,0.454153,0.189128,0.429409,0.200924,0.069017,0.318976,0.349334,0.270790,0.123357,0.358303,0.252035,0.166279,0.423944,0.080124,0.250207,0.234553,0.280596,0.450058,0.177546,0.284616,0.280921,0.140449,0.313778,0.298452,0.512944,0.322716,0.351089,0.216573,0.231786,0.373716,0.290540,0.249133,0.405020,0.146859,0.221430,0.401271,0.339543,0.241364,0.316796,0.133638,0.422487,0.132674,0.076045,0.054630,0.250094,0.262314,0.200210,0.554836,0.178070,0.146571,0.438212,0.192632,0.282600,0.513494,0.172633,0.224937,0.079662,0.362642,0.312982,0.146735,0.499966,0.430021,0.000440,0.186764,0.337530,0.528058,0.255477,0.055061,0.267806,0.385910,0.522163,0.205075,0.594322,0.319300,0.223374,0.658662,0.332027,0.105665,0.272570,0.217979,0.260290,0.197894,0.204782,0.433937,0.111687,0.411204,0.097381,0.257700,0.465717,0.271531,0.409179,0.549536,0.396037,0.330660,0.192960,0.548179,0.584002,0.290812,0.371747,0.446753,0.267568,0.162230,0.143765,0.651453,0.152334,0.331378,0.184223,0.404320,0.271221,0.208597,0.252980,0.430693,0.514348,0.267424,0.261207,0.252748,0.262507,0.301226,0.191191,0.219937,0.486691,0.064314,0.111766,0.046698,0.144160,0.293585,0.410126,0.219897,0.245975,0.339287,0.049277,0.321734,0.211539,0.450812,0.645127,0.165811,0.321707,0.470608,0.334329,0.193393,0.336739,0.358141,0.349388,0.503515,0.265988,0.164162,0.204641,0.194597,0.262647,0.203291,0.196697,0.414776,0.433286,0.167328,0.345083,0.324094,0.350142,0.213054,0.167333,0.074139,0.241169,0.180553,0.339347,0.233051,0.435155,0.285995,0.263662,0.150529,0.446699,0.121471,0.269748,0.290897,0.358670,0.593797,0.040253,0.346878,0.205070,0.235107,0.266553,0.559852,0.375864,0.283114,0.530203,1.000001,0.117895,0.076662,0.270264,0.337341,0.221254,0.369233
412,0.232109,0.116410,0.374285,0.011434,0.227616,0.404591,0.252223,0.186199,0.238977,0.188197,0.125486,0.140973,0.146890,0.415551,0.036940,0.131486,0.190799,0.063237,0.177232,0.262856,0.339473,0.160129,0.214055,0.277924,0.244210,0.080157,-0.011201,0.305123,0.230461,0.380646,0.169760,0.134212,0.191200,0.111763,0.421248,0.315143,0.015484,0.194897,0.283611,0.326663,0.327533,0.191273,0.102201,0.130031,0.288072,0.205102,0.209450,0.179799,0.026574,-0.054252,0.177872,0.035678,0.205427,0.033190,0.269486,0.134560,0.146679,0.267834,0.303823,0.204215,0.276527,0.266358,0.245296,0.281409,0.124356,0.148592,0.309552,0.081221,0.400335,0.355693,0.187592,0.239767,0.271706,0.018860,0.038845,0.184186,-0.022520,0.179588,0.220990,0.248008,0.304182,0.085844,0.176113,0.184984,0.153528,0.061019,-0.116992,0.105920,0.111180,0.185904,0.142963,0.120298,0.304240,0.187384,0.208747,0.184634,0.422031,0.179864,0.154302,0.316236,0.134516,0.170235,0.264503,0.098566,0.136532,0.173696,0.161513,0.215829,0.072507,0.018231,0.175447,0.099906,0.125627,0.311964,0.086167,0.083565,0.344890,0.211008,0.105102,-0.009716,0.158698,0.037842,0.143495,0.075254,0.225579,0.076413,0.115121,0.251769,0.032650,0.275743,0.291867,0.180847,0.051229,0.196219,0.196820,0.242388,0.454923,0.227094,0.042982,0.103978,0.224421,0.162180,0.138564,0.021030,0.116055,0.098632,0.003531,0.201706,0.075847,0.199927,0.073946,0.211077,0.318193,0.179650,0.386091,0.162832,0.144102,0.197361,0.094833,0.241419,0.070528,0.025963,0.057878,0.134472,0.367098,0.166067,0.269643,0.200903,0.331024,0.170096,0.011577,0.264119,0.349172,0.293587,0.358705,0.135491,0.163396,0.177275,0.115796,0.142473,0.276083,0.355446,0.251052,0.074365,0.232367,0.061189,0.122158,0.111522,-0.041084,0.099050,0.218898,0.185283,0.383122,0.084090,0.142075,0.328536,0.300174,0.111871,0.133721,0.114294,0.209618,0.096037,0.242567,0.282519,0.228593,0.161277,0.032047,0.221038,0.204124,0.208412,0.141525,0.236715,0.097354,0.184809,0.096082,0.318928,0.332246,0.168201,0.142892,0.010728,0.129302,0.121859,0.015202,0.094388,0.275684,0.216457,0.312682,0.349650,0.299197,0.064065,0.193348,0.158935,0.168408,0.117895,1.000000,0.048002,0.212209,0.153374,0.050304,0.231973
435,-0.020040,0.178984,0.307667,0.073621,-0.051952,0.149917,0.134725,0.145458,0.085797,0.067381,0.015426,0.070916,0.043426,0.051373,0.103047,0.017290,0.035770,-0.005941,0.172393,0.009354,0.133349,0.099050,0.017685,0.162454,0.125605,0.000192,0.049613,0.119329,0.062234,0.318925,0.039015,0.135697,0.099880,0.035308,-0.036644,0.129394,0.057533,0.184661,0.092115,0.100491,0.100883,0.148347,0.160864,0.048525,0.191516,0.190005,0.014968,0.061952,0.097623,0.112368,0.093728,0.038574,0.243362,-0.031600,0.001534,0.004249,0.141986,-0.026824,0.243311,0.280117,0.024307,0.006612,0.061555,0.037379,0.118611,-0.055519,0.220032,0.238387,0.234844,0.272577,-0.015624,0.128210,0.057675,0.141555,0.195433,0.150189,0.002120,0.086824,0.144369,0.187465,0.126798,0.124896,0.078794,-0.020192,0.022655,0.128626,0.032775,0.043739,0.155837,0.063564,0.137905,0.104833,0.038056,0.209506,0.079032,0.080306,0.252736,0.207494,0.118069,0.097929,0.082621,0.009005,0.243498,0.052564,0.176065,0.219569,-0.023689,0.229159,0.132795,0.241657,-0.034041,0.086920,0.340875,0.154337,0.082025,0.105241,0.148779,0.114107,0.067227,0.050100,0.046475,-0.088782,0.010571,0.000382,0.173532,0.123478,0.069321,0.065546,0.070086,0.309418,0.188997,0.042919,0.110014,0.340294,0.294784,0.103741,0.072958,0.018350,0.106821,0.134182,0.076739,0.074861,0.149983,0.065064,-0.005906,0.004908,-0.036733,0.046372,0.182517,0.153552,0.032130,0.346249,0.316323,0.074503,0.119436,0.095032,0.028367,0.186413,0.086495,-0.038528,0.111661,0.111224,0.123803,0.090771,0.125417,0.129257,0.078375,0.018123,0.196339,0.057571,0.115001,0.070993,0.143597,-0.006507,0.008139,0.091045,0.073223,0.021232,-0.026162,0.151402,0.119698,0.029307,0.158885,0.136723,0.030449,0.192526,0.044609,0.047082,0.103042,-0.073759,0.185792,0.064681,0.146887,0.084313,0.184637,0.095905,0.059604,0.097429,0.076030,0.017947,0.133114,-0.075333,0.244329,0.243658,0.050343,0.081741,0.108261,0.108692,0.112020,0.055433,0.030350,0.206423,0.010486,0.118052,0.193656,0.311442,0.060420,0.085721,0.074926,0.166561,0.013996,-0.013941,0.063704,0.035146,0.184218,0.099256,0.117377,0.003165,0.139286,0.077774,0.120885,0.107316,0.118348,0.076662,0.048002,1.000000,0.103540,0.106329,0.033873,0.123622
617,0.119903,0.489986,0.268810,0.244352,0.417633,0.194501,0.117276,0.253840,0.114682,0.184773,0.179814,0.231085,0.423207,0.150832,0.331099,0.220012,0.226555,0.176583,0.163969,0.146960,0.096800,0.487561,0.400939,0.339519,0.191350,0.133090,0.178316,0.102763,0.230749,0.207780,0.281316,0.152718,0.247495,0.258890,0.357907,0.259503,0.257394,0.218035,0.212655,0.167587,0.148585,0.150692,0.416768,0.247826,0.184195,0.197861,0.246791,0.245721,0.107276,0.378581,0.297265,0.273272,0.300473,0.078695,0.156757,0.315247,0.367945,0.129590,0.174253,0.228129,0.081078,0.341504,0.253825,0.177568,0.193688,0.275988,0.237079,0.175123,0.238503,0.120441,0.531811,0.025278,0.142182,0.050857,0.262440,0.253221,0.171093,0.353221,0.397892,0.223404,0.060771,0.192398,0.181440,0.270339,0.296421,0.128961,0.184977,0.215969,0.465027,0.325108,0.251993,0.044796,0.071484,0.011795,0.189679,0.543119,0.216207,0.172009,0.489289,0.172176,0.207113,0.115116,0.210723,0.297482,0.120573,0.386698,0.168889,0.420415,0.184391,0.399170,0.213439,0.266988,0.058248,0.183091,0.146232,0.230018,0.161847,0.046074,0.315124,0.244807,0.256457,0.275209,0.252914,0.339631,0.186811,0.250299,0.240765,0.169428,0.255239,0.180721,0.329099,0.440437,0.206880,0.363165,0.155561,0.242333,0.076096,0.239461,0.169979,0.160195,0.246430,0.202011,0.266961,0.310181,0.120119,0.160050,0.260468,0.182028,0.304719,0.311369,0.170512,0.212882,0.231861,0.296492,0.196814,0.132120,0.035637,0.340763,0.226801,0.112435,0.177176,0.138341,0.127857,0.174449,0.238925,0.256460,0.215047,0.161305,0.351495,0.119933,0.130006,0.068305,0.131335,0.164474,0.147580,0.123841,0.125541,0.306313,0.191065,0.471143,0.225214,0.216089,0.128963,0.178258,0.218759,0.091958,0.258269,0.167131,0.123495,0.218145,0.264937,0.379540,0.322973,0.268998,0.185567,0.252704,0.144430,0.295780,0.123001,0.233495,0.162466,0.062607,0.315238,0.227720,0.252406,0.296760,0.241079,0.100481,0.172839,0.180802,0.268804,0.128622,0.149231,0.337951,0.156880,0.225644,0.180854,0.167310,0.310530,0.106744,0.189345,0.272442,0.236725,0.198728,0.112613,0.309163,0.187771,0.187137,0.312184,0.272295,0.285685,0.301045,0.352928,0.270264,0.212209,0.103540,1.000000,0.414743,0.236351,0.672027
646,0.258204,0.450274,0.322065,0.318535,0.245234,0.280466,0.204478,0.292639,0.166729,0.397198,0.329647,0.308524,0.410441,0.114770,0.310374,0.261851,0.329768,0.311221,0.326393,0.235697,0.282297,0.471781,0.364556,0.350189,0.319537,0.261262,0.223682,0.242329,0.420088,0.340820,0.255073,0.183848,0.301263,0.246890,0.360488,0.424384,0.144227,0.373136,0.202511,0.115010,0.140734,0.247191,0.362490,0.344512,0.218578,0.380323,0.246114,0.196123,0.316467,0.282999,0.419466,0.202503,0.393822,0.212362,0.205834,0.376706,0.334230,0.132991,0.209558,0.396952,0.229809,0.186652,0.406117,0.232289,0.347808,0.238765,0.487840,0.406798,0.281595,0.232160,0.400187,0.232459,0.229874,0.212201,0.290024,0.326384,0.324100,0.209850,0.535613,0.402191,0.287019,0.262762,0.317054,0.306256,0.233514,0.279031,0.328300,0.267879,0.398329,0.263138,0.302861,0.211581,0.160848,0.139755,0.234984,0.423513,0.269063,0.370430,0.388241,0.290055,0.301793,0.147913,0.360152,0.338812,0.208460,0.377921,0.146447,0.387470,0.469488,0.394612,0.213596,0.368691,0.121013,0.249490,0.252709,0.267674,0.236586,0.160314,0.423203,0.274104,0.273052,0.253672,0.365060,0.323653,0.250029,0.346338,0.302307,0.178370,0.246910,0.325579,0.255909,0.347872,0.181905,0.457335,0.274875,0.387459,0.205280,0.217586,0.280352,0.302612,0.430196,0.327353,0.354564,0.267549,0.215306,0.249226,0.251762,0.320264,0.323636,0.334582,0.341838,0.178828,0.210947,0.301015,0.247912,0.342585,0.137273,0.315117,0.297735,0.322845,0.177623,0.279291,0.194571,0.243834,0.307288,0.352788,0.315329,0.216911,0.248545,0.286768,0.315837,0.314007,0.157699,0.225394,0.271177,0.256374,0.180718,0.328301,0.320514,0.530238,0.171837,0.358665,0.309178,0.250676,0.349681,0.248192,0.402923,0.238625,0.272690,0.219897,0.250264,0.478859,0.334900,0.154034,0.230096,0.178034,0.224206,0.370509,0.240923,0.484576,0.186445,0.178815,0.452657,0.143263,0.327437,0.481145,0.181696,0.204288,0.208600,0.235273,0.238492,0.249231,0.235998,0.404562,0.285219,0.329988,0.346795,0.174324,0.396399,0.148898,0.209128,0.245607,0.273766,0.233512,0.127237,0.387714,0.228193,0.272153,0.289340,0.349906,0.337929,0.234979,0.423502,0.337341,0.153374,0.106329,0.414743,1.000000,0.117952,0.319540
648,0.117531,0.342383,0.016737,0.183956,0.039316,-0.056793,0.056868,0.105570,-0.089309,0.005588,0.018904,0.012569,0.133281,-0.073383,0.377124,-0.090648,0.023632,0.056220,-0.082732,-0.054226,0.018989,0.195912,0.060502,0.170798,0.065612,0.194088,0.144806,-0.091677,0.031883,0.077624,0.076425,0.058819,0.019562,0.299081,0.068126,0.063986,0.066887,-0.012064,-0.027729,0.016267,0.029015,-0.023714,0.118418,-0.059833,0.096131,0.092667,0.139096,0.064261,0.039345,0.449788,0.266633,0.589305,0.199243,-0.062135,-0.006622,-0.019477,0.352990,-0.006422,-0.044762,0.125761,0.007382,-0.019523,0.146111,-0.146773,0.014287,-0.004581,-0.010176,0.109387,-0.016072,-0.015065,0.349503,-0.064954,0.014457,0.182914,0.247892,0.048166,0.219309,0.075906,0.041371,0.125964,-0.004925,0.160414,0.083366,0.054414,0.075637,0.265583,0.168288,0.017037,0.178700,0.067912,0.300995,-0.003357,-0.013676,-0.043990,-0.081455,0.263637,-0.006021,0.095377,0.229353,-0.078035,0.067390,0.108687,0.082870,0.086179,0.034189,0.229136,-0.017576,0.160668,0.164677,0.246247,0.077896,0.228193,-0.019938,-0.006456,0.172202,0.178581,0.064662,0.060460,0.096312,0.619439,0.037470,-0.040800,0.089790,0.227006,0.005499,0.302875,0.144282,-0.018977,0.065680,0.010851,0.030623,0.153455,0.087161,0.198014,-0.045908,0.103922,-0.071140,-0.048630,0.202772,0.217366,0.200326,0.132774,0.118677,0.533458,-0.075545,0.026254,0.317820,0.021012,0.236356,0.199687,0.002030,0.038770,0.009005,0.171527,-0.051850,0.086231,0.077840,0.167640,-0.074659,0.099798,0.197999,0.362476,0.180649,0.012871,0.046333,0.250137,-0.001506,0.042162,-0.007249,0.077724,0.354231,-0.030941,-0.020564,-0.026031,0.076260,0.063815,0.054337,-0.000715,-0.026731,0.307485,-0.045948,0.083894,0.040069,0.207426,0.065360,0.103459,0.065310,0.068617,0.246687,-0.108381,0.032771,0.155078,0.074116,0.221605,0.180229,-0.004740,-0.065601,0.042797,0.171649,0.085095,0.018652,-0.016746,0.211494,0.013219,-0.020628,0.129923,0.200428,-0.023881,-0.001612,0.050102,-0.030010,-0.027545,-0.005915,0.044277,0.210695,0.022114,0.007200,0.012220,0.110007,0.063582,0.072658,0.054407,0.579508,0.276752,-0.043777,0.178192,-0.044016,0.037588,0.120639,0.288283,0.134326,-0.047293,0.227776,0.221254,0.050304,0.033873,0.236351,0.117952,1.000000,0.295256
649,0.240342,0.414220,0.233018,0.273652,0.376237,0.114514,0.064683,0.295533,-0.001996,0.107766,0.140204,0.100557,0.270022,0.169750,0.422397,0.119289,0.248793,0.140001,0.079280,0.042351,0.133978,0.360449,0.271380,0.306539,0.230007,0.224064,0.260913,0.039946,0.219414,0.240589,0.168680,0.133350,0.208204,0.251169,0.295654,0.303993,0.215632,0.232268,0.144319,0.103543,0.094536,0.118114,0.343310,0.155326,0.252453,0.185623,0.289109,0.169670,0.138021,0.372184,0.417881,0.349855,0.394673,0.059315,0.126347,0.207193,0.397541,0.100935,0.204025,0.204059,0.111074,0.289824,0.263228,0.061668,0.143477,0.164588,0.180838,0.231288,0.168112,0.176324,0.506239,0.050798,0.123052,0.194472,0.352637,0.260984,0.164180,0.353854,0.341009,0.268011,0.104528,0.214484,0.207132,0.240648,0.285645,0.150494,0.156097,0.158924,0.335402,0.245763,0.421681,0.001582,0.075806,-0.022783,0.143442,0.347311,0.239839,0.215718,0.352437,0.156408,0.182616,0.126240,0.225493,0.295722,0.110883,0.299509,0.134687,0.415313,0.199825,0.257785,0.198773,0.326152,0.041426,0.148229,0.162035,0.307923,0.191747,-0.002787,0.269490,0.360257,0.234611,0.185352,0.243247,0.245398,0.180929,0.329156,0.228599,0.043886,0.227380,0.151295,0.317665,0.326869,0.142519,0.383638,0.155735,0.272845,0.059298,0.175177,0.278043,0.206566,0.407601,0.223326,0.287793,0.316876,0.010293,0.155230,0.357379,0.152195,0.434627,0.419916,0.131186,0.160943,0.236233,0.338749,0.209000,0.176408,0.118704,0.382256,0.140923,0.166909,0.254099,0.231135,0.216891,0.072100,0.198858,0.325784,0.175485,0.128195,0.295456,0.161280,0.264714,0.055912,0.148702,0.164302,0.198034,0.059664,0.040845,0.226393,0.095569,0.381889,0.087549,0.288171,0.118216,0.309131,0.226709,0.033074,0.210728,0.167227,0.258492,0.158253,0.261440,0.295797,0.284895,0.271380,0.234797,0.153631,0.083125,0.206096,0.197786,0.224785,0.146374,0.061869,0.317667,0.194928,0.153029,0.196418,0.257513,0.058741,0.201620,0.264176,0.130498,0.057785,0.133622,0.212272,0.255084,0.208512,0.143063,0.078653,0.339076,0.043771,0.112708,0.252399,0.378291,0.347089,0.093386,0.286022,0.112826,0.159920,0.259900,0.379990,0.282601,0.245441,0.401465,0.369233,0.231973,0.123622,0.672027,0.319540,0.295256,1.000000
